date,dzongkhag,commodity,price_nu_per_kg,quantity_kg,market
2026-01-01,Thimphu,Potato,38.57,356.6,Municipal Vegetable Market
2026-01-01,Thimphu,Broccoli,49.41,355.1,Municipal Vegetable Market
2026-01-01,Thimphu,Cabbage,15.94,192.3,Municipal Vegetable Market
2026-01-01,Thimphu,Spinach,38.15,201.7,Weekend Roadside Market
2026-01-01,Thimphu,Cauliflower,37.08,53.4,Weekend Roadside Market
2026-01-01,Thimphu,Tomato,42.08,153.4,Weekend Roadside Market
2026-01-01,Thimphu,Radish,25.15,348.1,Centenary Farmers Market
2026-01-01,Zhemgang,Spinach,35.8,424.6,Centenary Farmers Market
2026-01-01,Zhemgang,Cauliflower,34.73,472.6,Weekend Roadside Market
2026-01-01,Zhemgang,Tomato,84.25,147.1,Centenary Farmers Market
2026-01-01,Zhemgang,Onion,54.18,193.8,Centenary Farmers Market
2026-01-01,Zhemgang,Radish,17.05,400.2,Municipal Vegetable Market
2026-01-01,Chukha,Radish,23.79,160.9,Centenary Farmers Market
2026-01-01,Chukha,Tomato,49.5,105.8,Centenary Farmers Market
2026-01-01,Chukha,Potato,33.31,386.0,Weekend Roadside Market
2026-01-01,Chukha,Onion,57.77,73.7,Municipal Vegetable Market
2026-01-01,Chukha,Cauliflower,35.34,474.5,Centenary Farmers Market
2026-01-01,Chukha,Spinach,29.58,336.7,Weekend Roadside Market
2026-01-01,Chukha,Chilli (dried),355.54,382.5,Weekend Roadside Market
2026-01-01,Wangdue Phodrang,Onion,52.98,125.7,Centenary Farmers Market
2026-01-01,Wangdue Phodrang,Spinach,19.73,266.8,Municipal Vegetable Market
2026-01-01,Wangdue Phodrang,Radish,27.74,246.9,Municipal Vegetable Market
2026-01-01,Wangdue Phodrang,Potato,32.85,244.2,Weekend Roadside Market
2026-01-01,Wangdue Phodrang,Cabbage,17.0,404.3,Centenary Farmers Market
2026-01-01,Wangdue Phodrang,Broccoli,57.76,139.9,Centenary Farmers Market
2026-01-01,Wangdue Phodrang,Cauliflower,36.24,421.3,Centenary Farmers Market
2026-01-01,Wangdue Phodrang,Tomato,56.41,,Centenary Farmers Market
2026-01-01,Wangdue Phodrang,Chilli (fresh),145.59,156.9,Weekend Roadside Market
2026-01-01,Trashigang,Spinach,21.97,261.4,Weekend Roadside Market
2026-01-01,Trashigang,Chilli (dried),211.89,344.1,Centenary Farmers Market
2026-01-01,Trashigang,Chilli (fresh),91.63,59.4,Weekend Roadside Market
2026-01-01,Trashigang,Radish,18.8,134.6,Municipal Vegetable Market
2026-01-01,Trashigang,Cabbage,32.72,24.5,Weekend Roadside Market
2026-01-01,Trashigang,Potato,27.2,468.0,Centenary Farmers Market
2026-01-01,Trashigang,Tomato,85.79,313.6,Weekend Roadside Market
2026-01-01,Trashigang,Cauliflower,51.06,441.5,Municipal Vegetable Market
2026-01-01,Trashigang,Onion,49.69,364.5,Centenary Farmers Market
2026-01-01,Punakha,Potato,27.11,325.8,Municipal Vegetable Market
2026-01-01,Punakha,Cabbage,20.69,473.6,Weekend Roadside Market
2026-01-01,Punakha,Cauliflower,42.46,81.2,Municipal Vegetable Market
2026-01-01,Punakha,Spinach,20.1,347.4,Weekend Roadside Market
2026-01-01,Punakha,Chilli (dried),245.47,94.2,Centenary Farmers Market
2026-01-01,Punakha,Broccoli,68.81,373.6,Municipal Vegetable Market
2026-01-01,Paro,Chilli (fresh),85.18,240.9,Municipal Vegetable Market
2026-01-01,Paro,Tomato,69.13,153.7,Centenary Farmers Market
2026-01-01,Paro,Chilli (dried),270.01,277.4,Centenary Farmers Market
2026-01-01,Paro,Cauliflower,54.73,72.0,Municipal Vegetable Market
2026-01-01,Paro,  ONION  ,61.51,451.8,Centenary Farmers Market
2026-01-01,Paro,Potato,44.01,365.3,Weekend Roadside Market
2026-01-01,Paro,Broccoli,93.43,319.1,Weekend Roadside Market
2026-01-01,Paro,Radish,18.5,213.2,Municipal Vegetable Market
2026-01-01,Paro,  CABBAGE  ,22.23,103.5,Weekend Roadside Market
2026-01-01,Tsirang,Chilli (fresh),114.43,401.0,Weekend Roadside Market
2026-01-01,Tsirang,Cauliflower,46.57,412.8,Centenary Farmers Market
2026-01-01,Tsirang,Onion,37.61,248.1,Centenary Farmers Market
2026-01-01,Tsirang,Broccoli,71.17,,Centenary Farmers Market
2026-01-01,Tsirang,Radish,22.06,224.1,Centenary Farmers Market
2026-01-01,Tsirang,Spinach,38.19,78.3,Centenary Farmers Market
2026-01-01,Mongar,Onion,64.86,380.9,Weekend Roadside Market
2026-01-01,Mongar,Spinach,25.51,362.5,Centenary Farmers Market
2026-01-01,Mongar,Cauliflower,31.4,353.1,Weekend Roadside Market
2026-01-01,Mongar,Radish,18.29,419.8,Municipal Vegetable Market
2026-01-01,Mongar,Tomato,88.66,202.6,Centenary Farmers Market
2026-01-01,Mongar,Chilli (fresh),144.56,278.3,Weekend Roadside Market
2026-01-01,Mongar,Cabbage,17.94,33.9,Municipal Vegetable Market
2026-01-01,Mongar,Chilli (dried),335.14,490.7,Weekend Roadside Market
2026-01-02,Paro,Onion,68.79,141.1,Centenary Farmers Market
2026-01-02,Paro,Chilli (fresh),124.89,52.9,Weekend Roadside Market
2026-01-02,Paro,Spinach,42.47,134.5,Municipal Vegetable Market
2026-01-02,Paro,Chilli (dried),300.18,100.5,Weekend Roadside Market
2026-01-02,Paro,Cauliflower,32.93,297.8,Municipal Vegetable Market
2026-01-02,Paro,Radish,24.77,304.2,Weekend Roadside Market
2026-01-02,Paro,Broccoli,79.0,402.2,Weekend Roadside Market
2026-01-02,Bumthang,Cabbage,18.88,325.1,Municipal Vegetable Market
2026-01-02,Bumthang,Radish,25.65,407.9,Weekend Roadside Market
2026-01-02,Bumthang,Onion,54.69,137.8,Centenary Farmers Market
2026-01-02,Bumthang,Potato,38.23,181.5,Municipal Vegetable Market
2026-01-02,Bumthang,Chilli (fresh),117.9,442.6,Weekend Roadside Market
2026-01-02,Bumthang,Spinach,22.85,215.1,Weekend Roadside Market
2026-01-02,Samtse,Spinach,28.33,247.2,Weekend Roadside Market
2026-01-02,Samtse,Potato,31.59,167.2,Centenary Farmers Market
2026-01-02,Samtse,Cabbage,24.85,108.9,Centenary Farmers Market
2026-01-02,Samtse,Chilli (dried),294.75,490.6,Centenary Farmers Market
2026-01-02,Samtse,Broccoli,65.11,41.8,Centenary Farmers Market
2026-01-02,Samtse,Chilli (fresh),129.12,438.9,Weekend Roadside Market
2026-01-02,Samtse,Onion,63.84,433.6,Centenary Farmers Market
2026-01-02,Punakha,Potato,35.25,306.1,Weekend Roadside Market
2026-01-02,Punakha,Chilli (dried),268.13,495.2,Municipal Vegetable Market
2026-01-02,Punakha,Radish,17.57,320.2,Municipal Vegetable Market
2026-01-02,Punakha,Cauliflower,27.44,236.2,Weekend Roadside Market
2026-01-02,Punakha,Tomato,56.0,54.2,Centenary Farmers Market
2026-01-02,Punakha,Spinach,41.28,224.1,Weekend Roadside Market
2026-01-02,Punakha,Broccoli,43.99,400.5,Weekend Roadside Market
2026-01-02,Punakha,Chilli (fresh),73.91,355.9,Municipal Vegetable Market
2026-01-02,Punakha,Onion,40.36,174.7,Municipal Vegetable Market
2026-01-02,Sarpang,Broccoli,53.6,324.7,Municipal Vegetable Market
2026-01-02,Sarpang,Potato,27.69,97.2,Municipal Vegetable Market
2026-01-02,Sarpang,Tomato,80.94,238.3,Municipal Vegetable Market
2026-01-02,Sarpang,Spinach,45.68,20.6,Weekend Roadside Market
2026-01-02,Sarpang,Radish,23.08,232.2,Centenary Farmers Market
2026-01-02,Sarpang,Cabbage,22.85,78.3,Weekend Roadside Market
2026-01-02,Sarpang,Chilli (fresh),105.7,64.7,Centenary Farmers Market
2026-01-02,Sarpang,Chilli (dried),266.0,264.3,Municipal Vegetable Market
2026-01-02,Sarpang,Cauliflower,39.04,111.5,Weekend Roadside Market
2026-01-02,Sarpang,Onion,52.49,,Weekend Roadside Market
2026-01-02,Zhemgang,Broccoli,91.44,490.8,Centenary Farmers Market
2026-01-02,Zhemgang,Spinach,22.64,358.5,Municipal Vegetable Market
2026-01-02,Zhemgang,Chilli (dried),316.87,37.8,Weekend Roadside Market
2026-01-02,Zhemgang,Chilli (fresh),112.28,457.0,Centenary Farmers Market
2026-01-02,Zhemgang,Tomato,43.09,485.2,Municipal Vegetable Market
2026-01-02,Zhemgang,Cauliflower,41.94,276.1,Municipal Vegetable Market
2026-01-02,Zhemgang,Radish,22.81,132.7,Weekend Roadside Market
2026-01-02,Zhemgang,Cabbage,18.92,324.2,Centenary Farmers Market
2026-01-02,Zhemgang,Onion,45.06,160.8,Municipal Vegetable Market
2026-01-02,Zhemgang,Potato,34.93,104.0,Weekend Roadside Market
2026-01-02,Thimphu,Chilli (dried),197.89,452.6,Weekend Roadside Market
2026-01-02,Thimphu,Chilli (fresh),130.64,481.8,Weekend Roadside Market
2026-01-02,Thimphu,Spinach,29.47,133.9,Weekend Roadside Market
2026-01-02,Thimphu,Onion,44.68,210.0,Centenary Farmers Market
2026-01-02,Thimphu,Broccoli,48.46,258.4,Municipal Vegetable Market
2026-01-02,Thimphu,Radish,16.19,140.3,Weekend Roadside Market
2026-01-02,Thimphu,Cauliflower,34.17,38.9,Municipal Vegetable Market
2026-01-02,Thimphu,Tomato,80.61,219.4,Centenary Farmers Market
2026-01-02,Chukha,Radish,18.4,382.0,Centenary Farmers Market
2026-01-02,Chukha,Tomato,-96.26,195.6,Municipal Vegetable Market
2026-01-02,Chukha,Chilli (dried),288.37,300.6,Weekend Roadside Market
2026-01-02,Chukha,Spinach,23.0,289.5,Weekend Roadside Market
2026-01-02,Chukha,Chilli (fresh),124.87,216.0,Centenary Farmers Market
2026-01-02,Chukha,Cauliflower,30.82,278.0,Municipal Vegetable Market
2026-01-02,Chukha,Broccoli,80.83,376.3,Centenary Farmers Market
2026-01-02,Chukha,Potato,42.23,154.3,Weekend Roadside Market
2026-01-03,Paro,Chilli (fresh),70.7,119.4,Centenary Farmers Market
2026-01-03,Paro,Potato,41.95,153.1,Centenary Farmers Market
2026-01-03,Paro,Radish,18.24,83.3,Municipal Vegetable Market
2026-01-03,Paro,Cauliflower,30.5,376.0,Weekend Roadside Market
2026-01-03,Paro,Chilli (dried),237.17,237.0,Centenary Farmers Market
2026-01-03,Paro,Cabbage,28.18,239.9,Centenary Farmers Market
2026-01-03,Paro,Tomato,72.52,456.7,Centenary Farmers Market
2026-01-03,Paro,Onion,45.42,301.0,Weekend Roadside Market
2026-01-03,Paro,Spinach,32.33,67.6,Weekend Roadside Market
2026-01-03,Bumthang,Chilli (fresh),81.95,224.8,Weekend Roadside Market
2026-01-03,Bumthang,Cauliflower,38.8,61.0,Municipal Vegetable Market
2026-01-03,Bumthang,Spinach,34.79,289.6,Municipal Vegetable Market
2026-01-03,Bumthang,Cabbage,28.44,459.6,Centenary Farmers Market
2026-01-03,Bumthang,Broccoli,62.25,335.2,Centenary Farmers Market
2026-01-03,Bumthang,Chilli (dried),183.06,128.6,Municipal Vegetable Market
2026-01-03,Bumthang,Onion,60.91,32.6,Weekend Roadside Market
2026-01-03,Bumthang,Radish,22.75,183.1,Centenary Farmers Market
2026-01-03,Haa,Chilli (dried),244.82,237.7,Centenary Farmers Market
2026-01-03,Haa,Potato,31.83,45.3,Centenary Farmers Market
2026-01-03,Haa,Cabbage,21.15,311.4,Municipal Vegetable Market
2026-01-03,Haa,Onion,49.46,345.7,Municipal Vegetable Market
2026-01-03,Tsirang,Potato,26.9,378.6,Centenary Farmers Market
2026-01-03,Tsirang,Broccoli,70.74,190.0,Municipal Vegetable Market
2026-01-03,Tsirang,Chilli (fresh),148.22,296.4,Weekend Roadside Market
2026-01-03,Tsirang,Chilli (dried),269.81,102.5,Weekend Roadside Market
2026-01-03,Tsirang,Cabbage,19.0,229.1,Municipal Vegetable Market
2026-01-03,Tsirang,Onion,47.67,100.7,Weekend Roadside Market
2026-01-03,Tsirang,Cauliflower,50.91,479.9,Weekend Roadside Market
2026-01-03,Tsirang,Tomato,47.26,384.9,Weekend Roadside Market
2026-01-03,Trashigang,Broccoli,62.01,323.1,Municipal Vegetable Market
2026-01-03,Trashigang,Spinach,27.17,197.0,Municipal Vegetable Market
2026-01-03,Trashigang,Onion,58.57,242.1,Weekend Roadside Market
2026-01-03,Trashigang,Cauliflower,58.5,110.4,Weekend Roadside Market
2026-01-03,Trashigang,Radish,18.3,184.9,Weekend Roadside Market
2026-01-03,Trashigang,Chilli (dried),320.17,271.6,Weekend Roadside Market
2026-01-03,Trashigang,Cabbage,20.11,307.0,Weekend Roadside Market
2026-01-03,Mongar,Cauliflower,42.37,187.9,Weekend Roadside Market
2026-01-03,Mongar,Tomato,81.64,200.8,Municipal Vegetable Market
2026-01-03,Mongar,Radish,25.97,272.7,Weekend Roadside Market
2026-01-03,Mongar,Onion,55.93,184.0,Municipal Vegetable Market
2026-01-03,Mongar,Broccoli,61.74,263.7,Weekend Roadside Market
2026-01-03,Mongar,Spinach,30.69,82.9,Municipal Vegetable Market
2026-01-03,Mongar,Cabbage,27.32,366.2,Centenary Farmers Market
2026-01-03,Mongar,Chilli (fresh),89.37,379.3,Municipal Vegetable Market
2026-01-03,Mongar,Potato,45.62,113.1,Weekend Roadside Market
2026-01-03,Thimphu,Cauliflower,31.59,327.8,Municipal Vegetable Market
2026-01-03,Thimphu,Radish,24.38,386.3,Municipal Vegetable Market
2026-01-03,Thimphu,Broccoli,54.66,412.0,Municipal Vegetable Market
2026-01-03,Thimphu,Cabbage,19.91,59.2,Centenary Farmers Market
2026-01-03,Thimphu,Spinach,39.42,86.0,Municipal Vegetable Market
2026-01-03,Thimphu,Tomato,76.03,315.4,Centenary Farmers Market
2026-01-03,Samtse,Broccoli,56.81,318.9,Centenary Farmers Market
2026-01-03,Samtse,Radish,15.28,,Centenary Farmers Market
2026-01-03,Samtse,Cauliflower,42.7,340.7,Weekend Roadside Market
2026-01-03,Samtse,Potato,40.3,286.0,Municipal Vegetable Market
2026-01-03,Samtse,Chilli (dried),249.5,191.4,Centenary Farmers Market
2026-01-03,Samtse,Cabbage,28.45,179.6,Centenary Farmers Market
2026-01-03,Samtse,Onion,68.51,490.8,Municipal Vegetable Market
2026-01-03,Samtse,Spinach,38.9,160.9,Centenary Farmers Market
2026-01-03,Samtse,Chilli (fresh),82.22,411.4,Municipal Vegetable Market
2026-01-03,Punakha,Potato,45.91,449.4,Municipal Vegetable Market
2026-01-03,Punakha,Onion,55.57,148.0,Centenary Farmers Market
2026-01-03,Punakha,Tomato,81.32,174.2,Centenary Farmers Market
2026-01-03,Punakha,Broccoli,66.34,233.1,Municipal Vegetable Market
2026-01-03,Punakha,Chilli (dried),298.12,490.4,Centenary Farmers Market
2026-01-03,Punakha,Chilli (fresh),130.77,477.3,Centenary Farmers Market
2026-01-03,Lhuentse,Cabbage,25.14,93.7,Municipal Vegetable Market
2026-01-03,Lhuentse,Chilli (fresh),106.85,211.1,Weekend Roadside Market
2026-01-03,Lhuentse,Onion,45.82,458.5,Centenary Farmers Market
2026-01-03,Lhuentse,Chilli (dried),298.94,459.9,Municipal Vegetable Market
2026-01-03,Lhuentse,Radish,18.35,498.7,Weekend Roadside Market
2026-01-03,Zhemgang,Cabbage,15.31,86.7,Municipal Vegetable Market
2026-01-03,Zhemgang,Radish,25.84,313.7,Centenary Farmers Market
2026-01-03,Zhemgang,Tomato,59.69,216.5,Weekend Roadside Market
2026-01-03,Zhemgang,Chilli (dried),256.13,185.4,Weekend Roadside Market
2026-01-03,Zhemgang,Broccoli,69.98,46.6,Centenary Farmers Market
2026-01-03,Zhemgang,Onion,62.44,474.8,Weekend Roadside Market
2026-01-03,Zhemgang,Cauliflower,49.8,80.1,Municipal Vegetable Market
2026-01-03,Zhemgang,Chilli (fresh),109.94,102.2,Weekend Roadside Market
2026-01-03,Zhemgang,Potato,39.81,33.6,Centenary Farmers Market
2026-01-03,Wangdue Phodrang,Broccoli,69.67,165.0,Centenary Farmers Market
2026-01-03,Wangdue Phodrang,Cauliflower,27.94,231.0,Municipal Vegetable Market
2026-01-03,Wangdue Phodrang,Potato,39.94,494.3,Municipal Vegetable Market
2026-01-03,Wangdue Phodrang,Chilli (fresh),99.24,243.9,Municipal Vegetable Market
2026-01-03,Wangdue Phodrang,Onion,75.83,220.7,Centenary Farmers Market
2026-01-03,Chukha,Chilli (dried),218.93,208.8,Municipal Vegetable Market
2026-01-03,Chukha,Spinach,21.23,443.5,Weekend Roadside Market
2026-01-03,Chukha,Radish,14.6,146.9,Municipal Vegetable Market
2026-01-03,Chukha,Chilli (fresh),95.95,285.5,Centenary Farmers Market
2026-01-03,Chukha,Broccoli,80.9,313.3,Centenary Farmers Market
2026-01-04,Tsirang,Onion,51.48,374.9,Municipal Vegetable Market
2026-01-04,Tsirang,Spinach,32.85,247.9,Centenary Farmers Market
2026-01-04,Tsirang,Radish,24.6,368.2,Weekend Roadside Market
2026-01-04,Tsirang,Cabbage,28.35,297.7,Centenary Farmers Market
2026-01-04,Tsirang,Tomato,72.1,423.8,Centenary Farmers Market
2026-01-04,Tsirang,Broccoli,66.25,231.7,Municipal Vegetable Market
2026-01-04,Tsirang,Cauliflower,59.97,439.0,Weekend Roadside Market
2026-01-04,Tsirang,Chilli (fresh),120.54,249.6,Municipal Vegetable Market
2026-01-04,Tsirang,Chilli (dried),217.96,390.6,Weekend Roadside Market
2026-01-04,Haa,Chilli (fresh),129.17,351.3,Municipal Vegetable Market
2026-01-04,Haa,Broccoli,71.6,78.5,Weekend Roadside Market
2026-01-04,Haa,Tomato,58.4,90.3,Centenary Farmers Market
2026-01-04,Haa,Spinach,28.79,250.0,Centenary Farmers Market
2026-01-04,Haa,Chilli (dried),192.47,375.6,Centenary Farmers Market
2026-01-04,Haa,Cabbage,21.27,218.4,Weekend Roadside Market
2026-01-04,Haa,Onion,78.82,95.8,Weekend Roadside Market
2026-01-04,Mongar,Tomato,74.48,295.6,Weekend Roadside Market
2026-01-04,Mongar,Onion,65.98,422.1,Centenary Farmers Market
2026-01-04,Mongar,Broccoli,-93.9,464.5,Centenary Farmers Market
2026-01-04,Mongar,Radish,25.98,494.8,Weekend Roadside Market
2026-01-04,Mongar,Potato,32.69,408.2,Municipal Vegetable Market
2026-01-04,Punakha,Potato,36.24,431.0,Municipal Vegetable Market
2026-01-04,Punakha,Onion,54.4,,Municipal Vegetable Market
2026-01-04,Punakha,Tomato,55.41,178.2,Weekend Roadside Market
2026-01-04,Punakha,Spinach,32.42,76.7,Municipal Vegetable Market
2026-01-04,Punakha,Radish,28.69,351.3,Weekend Roadside Market
2026-01-04,Wangdue Phodrang,Chilli (dried),306.36,356.9,Municipal Vegetable Market
2026-01-04,Wangdue Phodrang,Spinach,41.16,306.0,Centenary Farmers Market
2026-01-04,Wangdue Phodrang,Broccoli,72.19,417.8,Weekend Roadside Market
2026-01-04,Wangdue Phodrang,Chilli (fresh),126.12,346.5,Weekend Roadside Market
2026-01-04,Wangdue Phodrang,Onion,63.36,266.4,Municipal Vegetable Market
2026-01-04,Trongsa,Potato,31.58,185.4,Centenary Farmers Market
2026-01-04,Trongsa,Cauliflower,59.08,157.8,Centenary Farmers Market
2026-01-04,Trongsa,Tomato,68.84,496.6,Municipal Vegetable Market
2026-01-04,Trongsa,Radish,18.28,439.8,Centenary Farmers Market
2026-01-04,Trongsa,Broccoli,67.07,369.4,Centenary Farmers Market
2026-01-04,Trongsa,Cabbage,23.39,223.6,Municipal Vegetable Market
2026-01-04,Lhuentse,Chilli (fresh),123.48,446.7,Centenary Farmers Market
2026-01-04,Lhuentse,Cabbage,25.43,43.4,Weekend Roadside Market
2026-01-04,Lhuentse,Potato,43.41,87.3,Municipal Vegetable Market
2026-01-04,Lhuentse,Cauliflower,51.19,412.8,Centenary Farmers Market
2026-01-04,Lhuentse,Onion,43.84,49.3,Weekend Roadside Market
2026-01-04,Lhuentse,Broccoli,62.01,486.7,Weekend Roadside Market
2026-01-04,Samtse,Cauliflower,34.16,431.6,Centenary Farmers Market
2026-01-04,Samtse,Chilli (dried),320.91,84.4,Centenary Farmers Market
2026-01-04,Samtse,Tomato,57.43,277.1,Centenary Farmers Market
2026-01-04,Samtse,Chilli (fresh),55.07,406.2,Weekend Roadside Market
2026-01-04,Samtse,Cabbage,26.64,479.4,Centenary Farmers Market
2026-01-04,Samtse,Spinach,41.62,458.9,Weekend Roadside Market
2026-01-04,Samtse,Broccoli,72.63,202.7,Weekend Roadside Market
2026-01-04,Chukha,Spinach,24.03,434.8,Weekend Roadside Market
2026-01-04,Chukha,Cabbage,23.1,93.2,Municipal Vegetable Market
2026-01-04,Chukha,Broccoli,75.94,182.0,Municipal Vegetable Market
2026-01-04,Chukha,Cauliflower,38.15,101.2,Weekend Roadside Market
2026-01-04,Chukha,Chilli (dried),362.35,271.5,Centenary Farmers Market
2026-01-04,Chukha,Radish,22.45,131.1,Weekend Roadside Market
2026-01-04,Chukha,Onion,43.54,468.3,Municipal Vegetable Market
2026-01-04,Thimphu,Potato,46.18,71.4,Centenary Farmers Market
2026-01-04,Thimphu,Broccoli,52.69,401.6,Centenary Farmers Market
2026-01-04,Thimphu,Tomato,82.11,348.3,Centenary Farmers Market
2026-01-04,Thimphu,Spinach,21.53,285.3,Centenary Farmers Market
2026-01-04,Thimphu,Chilli (dried),311.32,179.0,Centenary Farmers Market
2026-01-04,Thimphu,Radish,28.26,292.1,Municipal Vegetable Market
2026-01-04,Thimphu,Chilli (fresh),134.46,35.8,Municipal Vegetable Market
2026-01-04,Trashigang,Cauliflower,46.98,494.5,Weekend Roadside Market
2026-01-04,Trashigang,Cabbage,15.14,56.5,Weekend Roadside Market
2026-01-04,Trashigang,Tomato,66.6,151.2,Municipal Vegetable Market
2026-01-04,Trashigang,Radish,21.73,337.1,Centenary Farmers Market
2026-01-04,Trashigang,Spinach,20.32,202.4,Weekend Roadside Market
2026-01-04,Trashigang,Broccoli,55.13,233.5,Municipal Vegetable Market
2026-01-04,Trashigang,Chilli (fresh),104.95,69.6,Centenary Farmers Market
2026-01-04,Trashigang,Chilli (dried),217.66,160.1,Municipal Vegetable Market
2026-01-04,Trashigang,Onion,64.4,270.1,Weekend Roadside Market
2026-01-04,Trashigang,Potato,30.29,228.6,Municipal Vegetable Market
2026-01-04,Sarpang,Spinach,31.33,179.5,Weekend Roadside Market
2026-01-04,Sarpang,Chilli (fresh),103.62,332.5,Weekend Roadside Market
2026-01-04,Sarpang,Broccoli,50.08,483.0,Municipal Vegetable Market
2026-01-04,Sarpang,Potato,33.7,200.5,Municipal Vegetable Market
2026-01-04,Sarpang,Cabbage,27.08,388.5,Centenary Farmers Market
2026-01-04,Bumthang,Tomato,50.61,363.3,Municipal Vegetable Market
2026-01-04,Bumthang,Cabbage,21.05,461.8,Weekend Roadside Market
2026-01-04,Bumthang,Cauliflower,55.83,305.0,Centenary Farmers Market
2026-01-04,Bumthang,Onion,46.51,290.3,Weekend Roadside Market
2026-01-04,Bumthang,Chilli (fresh),134.39,25.1,Municipal Vegetable Market
2026-01-04,Bumthang,Radish,21.94,199.6,Municipal Vegetable Market
2026-01-04,Bumthang,Chilli (dried),195.73,70.2,Municipal Vegetable Market
2026-01-05,Haa,Spinach,43.06,345.0,Centenary Farmers Market
2026-01-05,Haa,Onion,53.69,224.7,Municipal Vegetable Market
2026-01-05,Haa,Cabbage,24.11,34.0,Weekend Roadside Market
2026-01-05,Haa,Chilli (dried),165.17,153.6,Weekend Roadside Market
2026-01-05,Haa,Potato,38.45,176.5,Municipal Vegetable Market
2026-01-05,Haa,Radish,26.01,206.5,Municipal Vegetable Market
2026-01-05,Haa,Tomato,75.45,358.9,Municipal Vegetable Market
2026-01-05,Chukha,Cabbage,25.48,220.8,Centenary Farmers Market
2026-01-05,Chukha,Chilli (fresh),115.94,466.7,Centenary Farmers Market
2026-01-05,Chukha,Tomato,51.53,45.7,Municipal Vegetable Market
2026-01-05,Chukha,Potato,33.28,333.5,Municipal Vegetable Market
2026-01-05,Chukha,Broccoli,56.47,34.8,Centenary Farmers Market
2026-01-05,Chukha,Chilli (dried),200.94,376.4,Municipal Vegetable Market
2026-01-05,Lhuentse,Radish,21.7,235.9,Municipal Vegetable Market
2026-01-05,Lhuentse,Onion,47.59,120.7,Weekend Roadside Market
2026-01-05,Lhuentse,Potato,33.88,86.8,Centenary Farmers Market
2026-01-05,Lhuentse,Cauliflower,47.3,100.8,Weekend Roadside Market
2026-01-05,Lhuentse,Broccoli,73.45,411.3,Centenary Farmers Market
2026-01-05,Lhuentse,Chilli (fresh),154.75,80.9,Centenary Farmers Market
2026-01-05,Lhuentse,Cabbage,27.82,254.9,Weekend Roadside Market
2026-01-05,Lhuentse,Tomato,42.61,389.1,Municipal Vegetable Market
2026-01-05,Lhuentse,Spinach,33.17,177.1,Centenary Farmers Market
2026-01-05,Lhuentse,Chilli (dried),328.89,354.7,Centenary Farmers Market
2026-01-05,Sarpang,Chilli (fresh),141.88,42.1,Weekend Roadside Market
2026-01-05,Sarpang,Spinach,40.71,20.3,Municipal Vegetable Market
2026-01-05,Sarpang,Tomato,63.51,467.7,Municipal Vegetable Market
2026-01-05,Sarpang,Chilli (dried),285.23,44.9,Weekend Roadside Market
2026-01-05,Sarpang,Cauliflower,52.7,20.5,Municipal Vegetable Market
2026-01-05,Sarpang,Onion,45.48,184.9,Centenary Farmers Market
2026-01-05,Sarpang,Cabbage,15.5,370.8,Centenary Farmers Market
2026-01-05,Sarpang,Radish,21.85,439.8,Weekend Roadside Market
2026-01-05,Sarpang,Broccoli,47.38,231.2,Weekend Roadside Market
2026-01-05,Sarpang,Potato,36.68,124.3,Centenary Farmers Market
2026-01-05,Wangdue Phodrang,Cauliflower,38.58,366.2,Municipal Vegetable Market
2026-01-05,Wangdue Phodrang,Onion,56.2,268.5,Weekend Roadside Market
2026-01-05,Wangdue Phodrang,Chilli (dried),315.27,134.9,Municipal Vegetable Market
2026-01-05,Wangdue Phodrang,Cabbage,26.21,493.7,Municipal Vegetable Market
2026-01-05,Wangdue Phodrang,Spinach,30.73,386.1,Centenary Farmers Market
2026-01-05,Wangdue Phodrang,Potato,22.4,398.9,Weekend Roadside Market
2026-01-05,Tsirang,Cauliflower,41.3,407.9,Weekend Roadside Market
2026-01-05,Tsirang,Cabbage,25.81,168.9,Municipal Vegetable Market
2026-01-05,Tsirang,Chilli (dried),188.29,237.6,Weekend Roadside Market
2026-01-05,Tsirang,Spinach,20.83,85.9,Centenary Farmers Market
2026-01-05,Tsirang,Potato,43.35,100.1,Centenary Farmers Market
2026-01-05,Tsirang,Broccoli,55.69,180.8,Municipal Vegetable Market
2026-01-05,Tsirang,Onion,50.03,238.5,Municipal Vegetable Market
2026-01-05,Zhemgang,Tomato,54.37,434.2,Centenary Farmers Market
2026-01-05,Zhemgang,Cabbage,20.13,37.0,Weekend Roadside Market
2026-01-05,Zhemgang,Radish,21.76,150.2,Centenary Farmers Market
2026-01-05,Zhemgang,Spinach,19.55,267.6,Centenary Farmers Market
2026-01-05,Zhemgang,Onion,53.48,177.1,Weekend Roadside Market
2026-01-05,Mongar,Tomato,34.4,131.8,Municipal Vegetable Market
2026-01-05,Mongar,Chilli (fresh),93.54,200.6,Weekend Roadside Market
2026-01-05,Mongar,Spinach,25.89,48.7,Centenary Farmers Market
2026-01-05,Mongar,Chilli (dried),307.43,356.4,Municipal Vegetable Market
2026-01-05,Mongar,Broccoli,67.9,209.3,Weekend Roadside Market
2026-01-05,Mongar,Radish,16.78,171.2,Municipal Vegetable Market
2026-01-05,Mongar,Cabbage,16.64,117.3,Weekend Roadside Market
2026-01-05,Mongar,Cauliflower,34.94,192.0,Centenary Farmers Market
2026-01-05,Mongar,Potato,29.28,166.0,Weekend Roadside Market
2026-01-05,Mongar,Onion,43.72,139.1,Municipal Vegetable Market
2026-01-05,Bumthang,Chilli (dried),260.93,25.7,Centenary Farmers Market
2026-01-05,Bumthang,Potato,39.24,299.5,Municipal Vegetable Market
2026-01-05,Bumthang,Cauliflower,37.51,408.5,Centenary Farmers Market
2026-01-05,Bumthang,Spinach,20.82,100.6,Weekend Roadside Market
2026-01-05,Bumthang,Chilli (fresh),88.62,189.9,Centenary Farmers Market
2026-01-05,Bumthang,Tomato,71.19,330.7,Municipal Vegetable Market
2026-01-05,Bumthang,Cabbage,17.11,115.7,Weekend Roadside Market
2026-01-05,Bumthang,Radish,14.72,362.4,Municipal Vegetable Market
2026-01-05,Bumthang,Onion,53.23,106.3,Municipal Vegetable Market
2026-01-05,Bumthang,Broccoli,61.44,246.4,Municipal Vegetable Market
2026-01-05,Thimphu,Chilli (fresh),140.99,46.8,Centenary Farmers Market
2026-01-05,Thimphu,Broccoli,94.56,103.4,Centenary Farmers Market
2026-01-05,Thimphu,Tomato,73.2,356.3,Weekend Roadside Market
2026-01-05,Thimphu,Spinach,49.82,256.3,Municipal Vegetable Market
2026-01-06,Thimphu,Onion,58.0,209.9,Centenary Farmers Market
2026-01-06,Thimphu,Potato,38.9,326.8,Municipal Vegetable Market
2026-01-06,Thimphu,Radish,27.11,397.8,Centenary Farmers Market
2026-01-06,Thimphu,Cabbage,24.41,105.3,Centenary Farmers Market
2026-01-06,Thimphu,Tomato,102.2,35.5,Weekend Roadside Market
2026-01-06,Thimphu,Cauliflower,43.35,258.2,Municipal Vegetable Market
2026-01-06,Thimphu,Spinach,26.99,62.6,Weekend Roadside Market
2026-01-06,Thimphu,  CHILLI (DRIED)  ,165.78,352.7,Municipal Vegetable Market
2026-01-06,Thimphu,Broccoli,64.65,485.2,Municipal Vegetable Market
2026-01-06,Thimphu,Chilli (fresh),67.7,434.7,Weekend Roadside Market
2026-01-06,Tsirang,Potato,24.62,472.1,Centenary Farmers Market
2026-01-06,Tsirang,Tomato,72.23,333.7,Weekend Roadside Market
2026-01-06,Tsirang,Broccoli,48.27,354.7,Weekend Roadside Market
2026-01-06,Tsirang,Chilli (dried),194.77,208.6,Weekend Roadside Market
2026-01-06,Tsirang,Cauliflower,40.19,337.8,Weekend Roadside Market
2026-01-06,Tsirang,Spinach,41.1,247.3,Centenary Farmers Market
2026-01-06,Tsirang,Radish,20.7,281.2,Centenary Farmers Market
2026-01-06,Tsirang,Cabbage,15.39,146.4,Municipal Vegetable Market
2026-01-06,Tsirang,Chilli (fresh),71.15,407.9,Municipal Vegetable Market
2026-01-06,Tsirang,Onion,71.45,220.9,Weekend Roadside Market
2026-01-06,Sarpang,Spinach,21.31,268.1,Weekend Roadside Market
2026-01-06,Sarpang,Tomato,69.12,492.5,Centenary Farmers Market
2026-01-06,Sarpang,Cabbage,29.25,498.7,Weekend Roadside Market
2026-01-06,Sarpang,Chilli (fresh),129.06,61.8,Weekend Roadside Market
2026-01-06,Sarpang,Onion,59.77,397.5,Weekend Roadside Market
2026-01-06,Lhuentse,Chilli (dried),321.98,442.5,Municipal Vegetable Market
2026-01-06,Lhuentse,Cabbage,19.92,213.4,Weekend Roadside Market
2026-01-06,Lhuentse,Radish,25.22,134.0,Weekend Roadside Market
2026-01-06,Lhuentse,Tomato,58.3,169.3,Municipal Vegetable Market
2026-01-06,Lhuentse,Potato,27.79,377.0,Municipal Vegetable Market
2026-01-06,Haa,Spinach,43.28,414.1,Weekend Roadside Market
2026-01-06,Haa,Chilli (fresh),100.04,271.7,Weekend Roadside Market
2026-01-06,Haa,Cauliflower,50.97,239.1,Municipal Vegetable Market
2026-01-06,Haa,Onion,57.39,79.5,Centenary Farmers Market
2026-01-06,Haa,Radish,27.28,284.6,Municipal Vegetable Market
2026-01-06,Trongsa,Cabbage,23.42,216.6,Centenary Farmers Market
2026-01-06,Trongsa,Tomato,54.34,103.1,Centenary Farmers Market
2026-01-06,Trongsa,Potato,41.72,152.2,Municipal Vegetable Market
2026-01-06,Trongsa,Chilli (fresh),84.69,319.3,Weekend Roadside Market
2026-01-06,Trongsa,Spinach,39.53,330.7,Weekend Roadside Market
2026-01-06,Trongsa,Broccoli,54.53,176.1,Municipal Vegetable Market
2026-01-06,Trongsa,Radish,16.9,387.4,Centenary Farmers Market
2026-01-06,Trongsa,Onion,63.06,366.2,Weekend Roadside Market
2026-01-06,Trongsa,Chilli (dried),253.45,299.9,Weekend Roadside Market
2026-01-06,Wangdue Phodrang,Radish,22.65,368.1,Weekend Roadside Market
2026-01-06,Wangdue Phodrang,Spinach,24.89,190.5,Weekend Roadside Market
2026-01-06,Wangdue Phodrang,Onion,52.46,242.6,Centenary Farmers Market
2026-01-06,Wangdue Phodrang,Tomato,75.75,446.9,Weekend Roadside Market
2026-01-06,Wangdue Phodrang,Chilli (dried),264.3,92.4,Centenary Farmers Market
2026-01-06,Wangdue Phodrang,Cabbage,26.61,433.9,Centenary Farmers Market
2026-01-06,Wangdue Phodrang,Cauliflower,36.73,22.3,Municipal Vegetable Market
2026-01-06,Wangdue Phodrang,Chilli (fresh),78.89,394.3,Centenary Farmers Market
2026-01-06,Wangdue Phodrang,Potato,42.76,38.1,Centenary Farmers Market
2026-01-06,Punakha,Radish,16.09,302.6,Centenary Farmers Market
2026-01-06,Punakha,Chilli (fresh),97.06,271.6,Municipal Vegetable Market
2026-01-06,Punakha,Potato,41.21,110.4,Municipal Vegetable Market
2026-01-06,Punakha,Onion,39.69,262.2,Centenary Farmers Market
2026-01-06,Punakha,Spinach,38.84,276.7,Centenary Farmers Market
2026-01-06,Punakha,Cabbage,23.81,75.6,Municipal Vegetable Market
2026-01-06,Punakha,Tomato,45.96,322.5,Municipal Vegetable Market
2026-01-06,Punakha,Chilli (dried),283.28,221.0,Centenary Farmers Market
2026-01-06,Punakha,Broccoli,76.34,312.3,Municipal Vegetable Market
2026-01-06,Punakha,Cauliflower,37.98,283.1,Centenary Farmers Market
2026-01-06,Mongar,Cabbage,31.69,56.0,Weekend Roadside Market
2026-01-06,Mongar,Broccoli,79.37,242.9,Centenary Farmers Market
2026-01-06,Mongar,Spinach,30.54,224.5,Centenary Farmers Market
2026-01-06,Mongar,Radish,27.35,101.8,Municipal Vegetable Market
2026-01-06,Bumthang,Cabbage,29.1,249.6,Municipal Vegetable Market
2026-01-06,Bumthang,Onion,52.82,472.4,Centenary Farmers Market
2026-01-06,Bumthang,Radish,21.98,313.4,Municipal Vegetable Market
2026-01-06,Bumthang,Broccoli,82.8,251.9,Municipal Vegetable Market
2026-01-06,Bumthang,Potato,28.55,358.2,Weekend Roadside Market
2026-01-06,Bumthang,Chilli (fresh),88.57,439.1,Weekend Roadside Market
2026-01-06,Bumthang,Tomato,66.01,186.0,Weekend Roadside Market
2026-01-06,Bumthang,Cauliflower,58.68,25.6,Centenary Farmers Market
2026-01-06,Bumthang,Chilli (dried),218.48,173.9,Municipal Vegetable Market
2026-01-06,Paro,Cauliflower,38.45,258.7,Weekend Roadside Market
2026-01-06,Paro,Broccoli,73.51,400.1,Weekend Roadside Market
2026-01-06,Paro,Chilli (fresh),110.89,183.6,Centenary Farmers Market
2026-01-06,Paro,Potato,41.56,364.0,Municipal Vegetable Market
2026-01-06,Paro,Spinach,24.33,418.3,Municipal Vegetable Market
2026-01-06,Paro,Onion,66.75,414.5,Weekend Roadside Market
2026-01-06,Paro,Tomato,51.16,208.6,Municipal Vegetable Market
2026-01-06,Paro,Radish,21.46,324.0,Weekend Roadside Market
2026-01-06,Paro,Cabbage,-28.28,84.6,Municipal Vegetable Market
2026-01-07,Trashigang,Broccoli,68.81,309.2,Weekend Roadside Market
2026-01-07,Trashigang,Chilli (fresh),91.16,285.7,Centenary Farmers Market
2026-01-07,Trashigang,Tomato,56.78,491.0,Weekend Roadside Market
2026-01-07,Trashigang,Radish,24.75,385.2,Weekend Roadside Market
2026-01-07,Trashigang,Chilli (dried),256.18,423.9,Municipal Vegetable Market
2026-01-07,Trashigang,Onion,41.65,45.5,Centenary Farmers Market
2026-01-07,Trashigang,Cauliflower,35.71,422.9,Weekend Roadside Market
2026-01-07,Trongsa,Spinach,29.82,402.5,Weekend Roadside Market
2026-01-07,Trongsa,Cabbage,23.66,488.4,Municipal Vegetable Market
2026-01-07,Trongsa,Chilli (fresh),84.68,433.0,Municipal Vegetable Market
2026-01-07,Trongsa,Onion,63.98,282.4,Weekend Roadside Market
2026-01-07,Trongsa,Cauliflower,49.77,55.7,Centenary Farmers Market
2026-01-07,Trongsa,Tomato,-46.79,97.2,Municipal Vegetable Market
2026-01-07,Sarpang,Chilli (dried),321.3,337.7,Municipal Vegetable Market
2026-01-07,Sarpang,Onion,61.7,479.4,Weekend Roadside Market
2026-01-07,Sarpang,Potato,31.37,126.2,Centenary Farmers Market
2026-01-07,Sarpang,Cauliflower,60.59,247.9,Weekend Roadside Market
2026-01-07,Tsirang,Onion,56.01,74.4,Municipal Vegetable Market
2026-01-07,Tsirang,Spinach,39.03,405.4,Municipal Vegetable Market
2026-01-07,Tsirang,Chilli (fresh),74.9,66.1,Weekend Roadside Market
2026-01-07,Tsirang,Broccoli,64.14,349.0,Centenary Farmers Market
2026-01-07,Tsirang,Tomato,74.3,412.0,Centenary Farmers Market
2026-01-07,Tsirang,Cauliflower,35.01,46.0,Municipal Vegetable Market
2026-01-07,Tsirang,Cabbage,18.25,322.5,Municipal Vegetable Market
2026-01-07,Tsirang,Potato,26.78,50.4,Weekend Roadside Market
2026-01-07,Tsirang,Radish,23.87,397.7,Municipal Vegetable Market
2026-01-07,Punakha,Cauliflower,57.07,427.7,Municipal Vegetable Market
2026-01-07,Punakha,Potato,47.11,370.1,Municipal Vegetable Market
2026-01-07,Punakha,Spinach,20.3,294.9,Municipal Vegetable Market
2026-01-07,Punakha,Cabbage,29.4,185.0,Municipal Vegetable Market
2026-01-07,Punakha,Tomato,46.7,141.3,Centenary Farmers Market
2026-01-07,Punakha,Broccoli,89.31,497.3,Municipal Vegetable Market
2026-01-07,Punakha,Onion,43.21,298.7,Municipal Vegetable Market
2026-01-07,Lhuentse,Broccoli,60.91,352.9,Centenary Farmers Market
2026-01-07,Lhuentse,Cabbage,18.24,138.2,Centenary Farmers Market
2026-01-07,Lhuentse,Chilli (fresh),93.54,179.2,Municipal Vegetable Market
2026-01-07,Lhuentse,Chilli (dried),232.21,311.2,Municipal Vegetable Market
2026-01-07,Lhuentse,Spinach,29.66,56.7,Centenary Farmers Market
2026-01-07,Lhuentse,Onion,65.9,389.2,Centenary Farmers Market
2026-01-07,Bumthang,Spinach,-31.72,210.5,Weekend Roadside Market
2026-01-07,Bumthang,Chilli (dried),335.0,383.5,Centenary Farmers Market
2026-01-07,Bumthang,Onion,68.17,373.2,Municipal Vegetable Market
2026-01-07,Bumthang,Chilli (fresh),72.99,132.3,Weekend Roadside Market
2026-01-07,Bumthang,Cabbage,21.75,42.3,Weekend Roadside Market
2026-01-07,Bumthang,Tomato,88.73,146.4,Weekend Roadside Market
2026-01-07,Bumthang,Radish,25.34,57.4,Municipal Vegetable Market
2026-01-07,Bumthang,Potato,35.59,,Municipal Vegetable Market
2026-01-07,Zhemgang,Chilli (dried),180.37,309.0,Centenary Farmers Market
2026-01-07,Zhemgang,Chilli (fresh),72.7,249.9,Weekend Roadside Market
2026-01-07,Zhemgang,Cabbage,15.99,97.3,Weekend Roadside Market
2026-01-07,Zhemgang,Tomato,49.74,268.0,Municipal Vegetable Market
2026-01-07,Zhemgang,Onion,64.57,156.1,Centenary Farmers Market
2026-01-07,Zhemgang,Broccoli,58.86,217.2,Centenary Farmers Market
2026-01-07,Zhemgang,Spinach,33.91,367.6,Municipal Vegetable Market
2026-01-07,Thimphu,Cauliflower,56.53,105.2,Weekend Roadside Market
2026-01-07,Thimphu,Chilli (dried),250.51,,Weekend Roadside Market
2026-01-07,Thimphu,Cabbage,24.66,221.9,Centenary Farmers Market
2026-01-07,Thimphu,Potato,37.43,188.2,Weekend Roadside Market
2026-01-07,Thimphu,Spinach,28.38,387.6,Centenary Farmers Market
2026-01-07,Thimphu,Tomato,48.24,398.9,Weekend Roadside Market
2026-01-07,Thimphu,Chilli (fresh),83.41,216.2,Centenary Farmers Market
2026-01-07,Wangdue Phodrang,Radish,20.14,141.8,Municipal Vegetable Market
2026-01-07,Wangdue Phodrang,Cauliflower,37.87,77.2,Centenary Farmers Market
2026-01-07,Wangdue Phodrang,Onion,45.05,182.5,Weekend Roadside Market
2026-01-07,Wangdue Phodrang,Tomato,58.7,406.1,Centenary Farmers Market
2026-01-07,Wangdue Phodrang,Chilli (dried),208.43,312.3,Weekend Roadside Market
2026-01-07,Wangdue Phodrang,Chilli (fresh),108.14,306.8,Centenary Farmers Market
2026-01-07,Wangdue Phodrang,Cabbage,27.12,157.3,Centenary Farmers Market
2026-01-07,Wangdue Phodrang,Broccoli,-73.24,192.7,Weekend Roadside Market
2026-01-07,Wangdue Phodrang,Spinach,37.75,209.7,Weekend Roadside Market
2026-01-07,Wangdue Phodrang,Potato,44.03,368.5,Weekend Roadside Market
2026-01-07,Chukha,Chilli (fresh),78.64,71.1,Centenary Farmers Market
2026-01-07,Chukha,Broccoli,60.77,278.2,Weekend Roadside Market
2026-01-07,Chukha,Spinach,29.62,183.0,Municipal Vegetable Market
2026-01-07,Chukha,Radish,19.72,203.7,Centenary Farmers Market
2026-01-07,Chukha,Tomato,87.98,24.7,Municipal Vegetable Market
2026-01-07,Chukha,Potato,36.15,467.1,Municipal Vegetable Market
2026-01-07,Mongar,Chilli (fresh),73.78,130.0,Centenary Farmers Market
2026-01-07,Mongar,Spinach,20.09,478.8,Municipal Vegetable Market
2026-01-07,Mongar,Broccoli,46.44,317.9,Municipal Vegetable Market
2026-01-07,Mongar,Cabbage,17.3,386.8,Weekend Roadside Market
2026-01-07,Mongar,Onion,45.36,249.6,Weekend Roadside Market
2026-01-07,Haa,Chilli (dried),264.45,68.4,Municipal Vegetable Market
2026-01-07,Haa,Spinach,25.71,314.3,Municipal Vegetable Market
2026-01-07,Haa,Cabbage,25.22,212.3,Municipal Vegetable Market
2026-01-07,Haa,Onion,41.23,149.6,Centenary Farmers Market
2026-01-07,Haa,Tomato,84.66,247.0,Centenary Farmers Market
2026-01-07,Haa,Chilli (fresh),128.6,365.9,Municipal Vegetable Market
2026-01-07,Haa,Broccoli,64.42,48.8,Municipal Vegetable Market
2026-01-07,Haa,Cauliflower,38.37,289.0,Municipal Vegetable Market
2026-01-07,Haa,Potato,39.81,296.9,Weekend Roadside Market
2026-01-07,Haa,Radish,20.64,254.0,Weekend Roadside Market
2026-01-07,Paro,Chilli (dried),260.42,97.8,Centenary Farmers Market
2026-01-07,Paro,Broccoli,67.04,446.1,Municipal Vegetable Market
2026-01-07,Paro,Onion,49.8,80.0,Centenary Farmers Market
2026-01-07,Paro,Chilli (fresh),59.77,69.4,Centenary Farmers Market
2026-01-07,Paro,Spinach,39.56,498.1,Centenary Farmers Market
2026-01-07,Paro,Tomato,78.91,138.8,Municipal Vegetable Market
2026-01-07,Paro,Cauliflower,30.22,191.3,Municipal Vegetable Market
2026-01-08,Tsirang,Spinach,-26.97,94.7,Centenary Farmers Market
2026-01-08,Tsirang,Radish,19.29,24.0,Municipal Vegetable Market
2026-01-08,Tsirang,Chilli (fresh),88.57,131.0,Centenary Farmers Market
2026-01-08,Tsirang,Cauliflower,39.88,363.2,Weekend Roadside Market
2026-01-08,Tsirang,Potato,30.83,387.0,Weekend Roadside Market
2026-01-08,Tsirang,Broccoli,81.64,218.2,Centenary Farmers Market
2026-01-08,Sarpang,Spinach,37.9,486.7,Municipal Vegetable Market
2026-01-08,Sarpang,Tomato,42.79,256.9,Municipal Vegetable Market
2026-01-08,Sarpang,Broccoli,63.39,35.2,Centenary Farmers Market
2026-01-08,Sarpang,Cabbage,23.21,245.7,Centenary Farmers Market
2026-01-08,Sarpang,Chilli (dried),207.65,363.0,Municipal Vegetable Market
2026-01-08,Sarpang,Potato,25.37,390.1,Weekend Roadside Market
2026-01-08,Sarpang,Cauliflower,66.54,96.1,Weekend Roadside Market
2026-01-08,Sarpang,Radish,19.05,115.4,Centenary Farmers Market
2026-01-08,Punakha,Cauliflower,26.11,396.1,Municipal Vegetable Market
2026-01-08,Punakha,Onion,47.46,349.3,Municipal Vegetable Market
2026-01-08,Punakha,Potato,27.33,356.6,Centenary Farmers Market
2026-01-08,Punakha,Cabbage,28.89,406.7,Municipal Vegetable Market
2026-01-08,Punakha,Chilli (dried),260.37,39.0,Weekend Roadside Market
2026-01-08,Punakha,Tomato,41.17,186.9,Weekend Roadside Market
2026-01-08,Punakha,Spinach,37.28,274.9,Municipal Vegetable Market
2026-01-08,Punakha,Broccoli,46.89,201.9,Centenary Farmers Market
2026-01-08,Punakha,Chilli (fresh),103.72,50.4,Weekend Roadside Market
2026-01-08,Zhemgang,Radish,22.99,439.3,Centenary Farmers Market
2026-01-08,Zhemgang,Chilli (dried),260.83,255.2,Weekend Roadside Market
2026-01-08,Zhemgang,Tomato,59.53,466.5,Centenary Farmers Market
2026-01-08,Zhemgang,Broccoli,66.38,193.2,Weekend Roadside Market
2026-01-08,Zhemgang,Chilli (fresh),128.0,147.6,Centenary Farmers Market
2026-01-08,Zhemgang,Cauliflower,36.69,68.6,Centenary Farmers Market
2026-01-08,Zhemgang,Potato,31.1,105.9,Weekend Roadside Market
2026-01-08,Zhemgang,Onion,60.3,357.2,Municipal Vegetable Market
2026-01-08,Zhemgang,Spinach,28.57,95.9,Weekend Roadside Market
2026-01-08,Zhemgang,Cabbage,28.3,198.4,Weekend Roadside Market
2026-01-08,Lhuentse,Radish,20.17,368.6,Municipal Vegetable Market
2026-01-08,Lhuentse,Chilli (fresh),79.11,126.5,Municipal Vegetable Market
2026-01-08,Lhuentse,Cauliflower,38.89,287.0,Weekend Roadside Market
2026-01-08,Lhuentse,Spinach,22.52,299.4,Centenary Farmers Market
2026-01-08,Lhuentse,Tomato,60.68,57.1,Municipal Vegetable Market
2026-01-08,Lhuentse,Chilli (dried),282.87,455.7,Weekend Roadside Market
2026-01-08,Lhuentse,Onion,55.77,462.5,Municipal Vegetable Market
2026-01-08,Lhuentse,Cabbage,31.13,128.8,Weekend Roadside Market
2026-01-08,Mongar,Cauliflower,36.4,498.7,Municipal Vegetable Market
2026-01-08,Mongar,Potato,36.53,91.0,Municipal Vegetable Market
2026-01-08,Mongar,Tomato,49.87,260.9,Weekend Roadside Market
2026-01-08,Mongar,Spinach,33.67,114.1,Weekend Roadside Market
2026-01-08,Mongar,Radish,18.07,348.7,Weekend Roadside Market
2026-01-08,Mongar,Chilli (dried),216.46,305.1,Centenary Farmers Market
2026-01-08,Mongar,Cabbage,29.81,319.1,Municipal Vegetable Market
2026-01-08,Mongar,Chilli (fresh),96.86,429.3,Centenary Farmers Market
2026-01-08,Mongar,Onion,48.86,158.1,Municipal Vegetable Market
2026-01-08,Trashigang,Onion,60.63,283.4,Weekend Roadside Market
2026-01-08,Trashigang,Chilli (fresh),63.0,338.5,Centenary Farmers Market
2026-01-08,Trashigang,Radish,22.4,243.2,Centenary Farmers Market
2026-01-08,Trashigang,Cabbage,27.49,71.8,Municipal Vegetable Market
2026-01-08,Samtse,Radish,17.43,239.8,Weekend Roadside Market
2026-01-08,Samtse,Cabbage,19.36,95.4,Municipal Vegetable Market
2026-01-08,Samtse,Onion,79.91,152.4,Centenary Farmers Market
2026-01-08,Samtse,Chilli (fresh),107.52,286.4,Municipal Vegetable Market
2026-01-08,Samtse,Tomato,45.48,269.9,Weekend Roadside Market
2026-01-08,Samtse,Spinach,23.3,485.9,Weekend Roadside Market
2026-01-08,Samtse,Potato,28.12,404.1,Centenary Farmers Market
2026-01-08,Chukha,Cauliflower,53.01,76.8,Municipal Vegetable Market
2026-01-08,Chukha,Chilli (dried),256.48,481.4,Municipal Vegetable Market
2026-01-08,Chukha,Radish,25.29,394.0,Centenary Farmers Market
2026-01-08,Chukha,Spinach,36.55,313.9,Weekend Roadside Market
2026-01-08,Chukha,Potato,38.49,261.1,Weekend Roadside Market
2026-01-08,Haa,Spinach,34.46,464.2,Municipal Vegetable Market
2026-01-08,Haa,Broccoli,48.03,478.3,Municipal Vegetable Market
2026-01-08,Haa,Chilli (dried),225.52,214.3,Centenary Farmers Market
2026-01-08,Haa,Cabbage,23.67,294.5,Weekend Roadside Market
2026-01-08,Haa,Cauliflower,44.96,417.0,Centenary Farmers Market
2026-01-08,Haa,Onion,59.91,206.0,Weekend Roadside Market
2026-01-08,Haa,Potato,46.19,157.2,Centenary Farmers Market
2026-01-08,Bumthang,Chilli (dried),326.99,354.1,Centenary Farmers Market
2026-01-08,Bumthang,Spinach,35.07,450.0,Municipal Vegetable Market
2026-01-08,Bumthang,Radish,21.8,372.0,Centenary Farmers Market
2026-01-08,Bumthang,Potato,34.24,399.7,Weekend Roadside Market
2026-01-08,Bumthang,Onion,37.24,180.9,Weekend Roadside Market
2026-01-08,Bumthang,Tomato,66.9,167.9,Weekend Roadside Market
2026-01-08,Bumthang,Cauliflower,29.82,117.4,Weekend Roadside Market
2026-01-08,Bumthang,Chilli (fresh),109.1,311.8,Municipal Vegetable Market
2026-01-08,Trongsa,Spinach,18.98,333.6,Centenary Farmers Market
2026-01-08,Trongsa,Cabbage,22.83,62.1,Centenary Farmers Market
2026-01-08,Trongsa,Potato,39.36,305.6,Weekend Roadside Market
2026-01-08,Trongsa,Radish,23.8,163.7,Municipal Vegetable Market
2026-01-08,Trongsa,Tomato,70.76,246.0,Centenary Farmers Market
2026-01-08,Trongsa,Chilli (dried),268.34,313.8,Centenary Farmers Market
2026-01-08,Trongsa,Cauliflower,34.82,310.3,Weekend Roadside Market
2026-01-09,Lhuentse,Chilli (fresh),108.55,315.3,Municipal Vegetable Market
2026-01-09,Lhuentse,Potato,32.22,116.6,Municipal Vegetable Market
2026-01-09,Lhuentse,Cabbage,25.11,74.6,Municipal Vegetable Market
2026-01-09,Lhuentse,Radish,13.88,178.6,Municipal Vegetable Market
2026-01-09,Lhuentse,Broccoli,41.35,94.6,Municipal Vegetable Market
2026-01-09,Lhuentse,Cauliflower,52.14,376.4,Weekend Roadside Market
2026-01-09,Punakha,Potato,39.8,200.1,Weekend Roadside Market
2026-01-09,Punakha,Chilli (fresh),119.39,380.7,Weekend Roadside Market
2026-01-09,Punakha,Onion,47.42,198.4,Municipal Vegetable Market
2026-01-09,Punakha,Cauliflower,58.01,458.4,Municipal Vegetable Market
2026-01-09,Punakha,Chilli (dried),191.9,252.1,Weekend Roadside Market
2026-01-09,Punakha,Broccoli,56.01,267.8,Centenary Farmers Market
2026-01-09,Punakha,Cabbage,24.75,169.3,Centenary Farmers Market
2026-01-09,Punakha,Radish,18.2,269.9,Weekend Roadside Market
2026-01-09,Trongsa,Chilli (fresh),73.41,74.9,Weekend Roadside Market
2026-01-09,Trongsa,Onion,52.6,472.8,Municipal Vegetable Market
2026-01-09,Trongsa,Broccoli,81.67,44.3,Centenary Farmers Market
2026-01-09,Trongsa,Cabbage,15.46,105.9,Weekend Roadside Market
2026-01-09,Trongsa,Chilli (dried),231.92,179.5,Centenary Farmers Market
2026-01-09,Trongsa,Radish,29.78,243.5,Centenary Farmers Market
2026-01-09,Trongsa,Tomato,38.05,329.3,Municipal Vegetable Market
2026-01-09,Trongsa,Cauliflower,52.74,194.5,Centenary Farmers Market
2026-01-09,Trongsa,Potato,42.05,34.5,Municipal Vegetable Market
2026-01-09,Mongar,Onion,52.01,400.4,Weekend Roadside Market
2026-01-09,Mongar,Chilli (dried),192.21,251.5,Centenary Farmers Market
2026-01-09,Mongar,Cabbage,26.25,397.9,Weekend Roadside Market
2026-01-09,Mongar,Chilli (fresh),126.72,421.6,Centenary Farmers Market
2026-01-09,Mongar,Broccoli,70.31,478.8,Centenary Farmers Market
2026-01-09,Mongar,Potato,39.25,329.6,Centenary Farmers Market
2026-01-09,Sarpang,Potato,32.41,163.9,Weekend Roadside Market
2026-01-09,Sarpang,Chilli (dried),302.72,62.9,Centenary Farmers Market
2026-01-09,Sarpang,Radish,-22.66,452.5,Centenary Farmers Market
2026-01-09,Sarpang,Chilli (fresh),64.28,35.0,Municipal Vegetable Market
2026-01-09,Sarpang,Tomato,54.06,281.7,Weekend Roadside Market
2026-01-09,Sarpang,Spinach,39.36,220.3,Municipal Vegetable Market
2026-01-09,Sarpang,Cauliflower,27.48,366.2,Municipal Vegetable Market
2026-01-09,Sarpang,Onion,48.17,432.9,Weekend Roadside Market
2026-01-09,Sarpang,  CABBAGE  ,22.99,236.0,Municipal Vegetable Market
2026-01-09,Sarpang,Broccoli,69.42,361.8,Municipal Vegetable Market
2026-01-09,Tsirang,Broccoli,77.66,58.4,Weekend Roadside Market
2026-01-09,Tsirang,Spinach,39.06,57.6,Weekend Roadside Market
2026-01-09,Tsirang,Onion,60.1,324.2,Weekend Roadside Market
2026-01-09,Tsirang,Potato,40.19,266.1,Municipal Vegetable Market
2026-01-09,Bumthang,Tomato,71.24,295.0,Weekend Roadside Market
2026-01-09,Bumthang,Broccoli,49.4,262.7,Municipal Vegetable Market
2026-01-09,Bumthang,Chilli (dried),231.62,309.8,Weekend Roadside Market
2026-01-09,Bumthang,Potato,30.92,133.4,Centenary Farmers Market
2026-01-09,Bumthang,Onion,38.0,468.3,Centenary Farmers Market
2026-01-09,Bumthang,Radish,20.94,368.5,Centenary Farmers Market
2026-01-09,Bumthang,Spinach,38.82,75.7,Centenary Farmers Market
2026-01-09,Bumthang,Chilli (fresh),153.08,132.2,Weekend Roadside Market
2026-01-09,Bumthang,Cabbage,23.95,465.1,Municipal Vegetable Market
2026-01-09,Bumthang,Cauliflower,51.59,275.0,Municipal Vegetable Market
2026-01-09,Zhemgang,Tomato,66.99,496.7,Municipal Vegetable Market
2026-01-09,Zhemgang,Onion,35.49,69.9,Municipal Vegetable Market
2026-01-09,Zhemgang,Broccoli,48.02,47.3,Weekend Roadside Market
2026-01-09,Zhemgang,Chilli (dried),286.14,77.6,Weekend Roadside Market
2026-01-09,Zhemgang,Potato,41.41,450.1,Weekend Roadside Market
2026-01-09,Zhemgang,Cauliflower,31.82,497.7,Municipal Vegetable Market
2026-01-09,Zhemgang,Chilli (fresh),87.37,153.1,Centenary Farmers Market
2026-01-09,Zhemgang,Cabbage,27.26,231.5,Municipal Vegetable Market
2026-01-09,Zhemgang,Radish,20.64,279.5,Municipal Vegetable Market
2026-01-09,Zhemgang,Spinach,33.38,55.0,Weekend Roadside Market
2026-01-09,Samtse,Chilli (dried),311.75,295.8,Weekend Roadside Market
2026-01-09,Samtse,Potato,35.34,,Centenary Farmers Market
2026-01-09,Samtse,Radish,25.5,292.3,Municipal Vegetable Market
2026-01-09,Samtse,Onion,73.0,195.4,Municipal Vegetable Market
2026-01-09,Samtse,Chilli (fresh),100.97,38.9,Municipal Vegetable Market
2026-01-09,Samtse,Broccoli,52.06,253.5,Weekend Roadside Market
2026-01-09,Samtse,Cabbage,17.67,134.5,Municipal Vegetable Market
2026-01-09,Paro,Spinach,25.07,340.3,Municipal Vegetable Market
2026-01-09,Paro,Potato,36.63,54.6,Weekend Roadside Market
2026-01-09,Paro,Radish,-23.26,356.6,Centenary Farmers Market
2026-01-09,Paro,Chilli (dried),259.28,313.4,Weekend Roadside Market
2026-01-09,Paro,Broccoli,71.19,50.3,Centenary Farmers Market
2026-01-09,Paro,Cauliflower,47.7,488.4,Weekend Roadside Market
2026-01-09,Paro,Onion,40.07,103.3,Centenary Farmers Market
2026-01-09,Paro,Cabbage,25.85,230.6,Weekend Roadside Market
2026-01-09,Chukha,Cauliflower,61.37,305.0,Municipal Vegetable Market
2026-01-09,Chukha,Chilli (dried),252.52,327.1,Weekend Roadside Market
2026-01-09,Chukha,Potato,39.96,364.3,Weekend Roadside Market
2026-01-09,Chukha,Chilli (fresh),74.77,133.1,Centenary Farmers Market
2026-01-09,Chukha,Spinach,47.64,263.6,Municipal Vegetable Market
2026-01-09,Chukha,Onion,49.89,348.9,Municipal Vegetable Market
2026-01-09,Chukha,Tomato,36.42,120.6,Municipal Vegetable Market
2026-01-09,Chukha,Broccoli,50.1,463.9,Centenary Farmers Market
2026-01-09,Haa,Chilli (fresh),79.93,176.3,Centenary Farmers Market
2026-01-09,Haa,Spinach,40.19,125.9,Municipal Vegetable Market
2026-01-09,Haa,Onion,48.01,105.5,Municipal Vegetable Market
2026-01-09,Haa,Broccoli,76.52,81.1,Weekend Roadside Market
2026-01-09,Trashigang,Spinach,38.14,326.2,Weekend Roadside Market
2026-01-09,Trashigang,Cauliflower,35.91,270.4,Centenary Farmers Market
2026-01-09,Trashigang,Chilli (dried),302.2,138.4,Municipal Vegetable Market
2026-01-09,Trashigang,Radish,30.69,451.2,Municipal Vegetable Market
2026-01-09,Trashigang,Broccoli,65.15,274.9,Municipal Vegetable Market
2026-01-09,Trashigang,Cabbage,19.62,381.5,Weekend Roadside Market
2026-01-09,Trashigang,Onion,51.04,63.6,Municipal Vegetable Market
2026-01-10,Sarpang,Potato,42.44,314.0,Weekend Roadside Market
2026-01-10,Sarpang,Cabbage,30.21,46.3,Weekend Roadside Market
2026-01-10,Sarpang,Cauliflower,37.91,195.9,Weekend Roadside Market
2026-01-10,Sarpang,Onion,52.8,134.5,Centenary Farmers Market
2026-01-10,Sarpang,Chilli (dried),320.33,381.5,Centenary Farmers Market
2026-01-10,Sarpang,Tomato,50.47,199.0,Municipal Vegetable Market
2026-01-10,Sarpang,Broccoli,77.32,275.8,Municipal Vegetable Market
2026-01-10,Sarpang,Radish,27.46,443.9,Centenary Farmers Market
2026-01-10,Sarpang,Spinach,39.75,479.2,Centenary Farmers Market
2026-01-10,Lhuentse,Chilli (fresh),139.28,83.4,Municipal Vegetable Market
2026-01-10,Lhuentse,Radish,14.95,405.0,Weekend Roadside Market
2026-01-10,Lhuentse,Potato,35.95,304.8,Weekend Roadside Market
2026-01-10,Lhuentse,Chilli (dried),290.41,167.1,Municipal Vegetable Market
2026-01-10,Lhuentse,Broccoli,70.51,156.5,Centenary Farmers Market
2026-01-10,Mongar,Chilli (dried),175.54,80.7,Municipal Vegetable Market
2026-01-10,Mongar,Broccoli,81.89,91.0,Municipal Vegetable Market
2026-01-10,Mongar,Radish,26.19,259.7,Centenary Farmers Market
2026-01-10,Mongar,Cabbage,29.96,263.6,Weekend Roadside Market
2026-01-10,Mongar,Potato,50.21,295.4,Centenary Farmers Market
2026-01-10,Punakha,Cabbage,14.36,316.4,Centenary Farmers Market
2026-01-10,Punakha,Spinach,36.93,126.6,Municipal Vegetable Market
2026-01-10,Punakha,Potato,43.83,488.4,Municipal Vegetable Market
2026-01-10,Punakha,Broccoli,92.87,193.3,Centenary Farmers Market
2026-01-10,Punakha,Onion,38.49,167.9,Municipal Vegetable Market
2026-01-10,Punakha,Tomato,68.21,405.8,Municipal Vegetable Market
2026-01-10,Samtse,Cauliflower,-36.4,382.9,Centenary Farmers Market
2026-01-10,Samtse,Chilli (dried),202.16,292.6,Centenary Farmers Market
2026-01-10,Samtse,Cabbage,24.52,165.0,Weekend Roadside Market
2026-01-10,Samtse,Spinach,17.59,146.1,Weekend Roadside Market
2026-01-10,Samtse,Broccoli,78.7,256.1,Weekend Roadside Market
2026-01-10,Samtse,Radish,24.43,307.5,Municipal Vegetable Market
2026-01-10,Samtse,Chilli (fresh),109.45,353.2,Centenary Farmers Market
2026-01-10,Samtse,Tomato,50.48,90.1,Municipal Vegetable Market
2026-01-10,Samtse,Onion,47.02,457.8,Municipal Vegetable Market
2026-01-10,Zhemgang,Radish,17.46,281.0,Municipal Vegetable Market
2026-01-10,Zhemgang,Chilli (fresh),121.32,66.0,Weekend Roadside Market
2026-01-10,Zhemgang,Chilli (dried),237.75,217.8,Centenary Farmers Market
2026-01-10,Zhemgang,Cauliflower,39.9,314.4,Weekend Roadside Market
2026-01-10,Haa,Cabbage,22.62,232.1,Weekend Roadside Market
2026-01-10,Haa,Cauliflower,42.01,76.9,Centenary Farmers Market
2026-01-10,Haa,Spinach,20.57,57.7,Weekend Roadside Market
2026-01-10,Haa,Potato,33.97,114.2,Centenary Farmers Market
2026-01-10,Haa,Radish,-15.32,51.8,Weekend Roadside Market
2026-01-10,Haa,Broccoli,70.89,116.0,Weekend Roadside Market
2026-01-10,Haa,Onion,77.45,187.0,Centenary Farmers Market
2026-01-10,Haa,Tomato,54.64,413.4,Centenary Farmers Market
2026-01-10,Haa,Chilli (dried),219.6,22.1,Weekend Roadside Market
2026-01-10,Haa,Chilli (fresh),111.95,302.9,Municipal Vegetable Market
2026-01-10,Trashigang,Cauliflower,44.24,258.0,Municipal Vegetable Market
2026-01-10,Trashigang,Chilli (fresh),76.31,156.1,Weekend Roadside Market
2026-01-10,Trashigang,Radish,17.44,492.8,Municipal Vegetable Market
2026-01-10,Trashigang,Spinach,33.61,106.1,Weekend Roadside Market
2026-01-10,Trashigang,Potato,33.42,88.8,Municipal Vegetable Market
2026-01-10,Trashigang,Chilli (dried),274.63,194.6,Centenary Farmers Market
2026-01-10,Trashigang,Onion,48.11,368.1,Municipal Vegetable Market
2026-01-11,Haa,Chilli (fresh),85.67,106.0,Weekend Roadside Market
2026-01-11,Haa,Chilli (dried),168.91,380.8,Municipal Vegetable Market
2026-01-11,Haa,Potato,32.32,184.9,Weekend Roadside Market
2026-01-11,Haa,Spinach,34.59,204.1,Municipal Vegetable Market
2026-01-11,Haa,Onion,47.47,394.1,Weekend Roadside Market
2026-01-11,Haa,Cauliflower,44.97,293.1,Municipal Vegetable Market
2026-01-11,Haa,Tomato,67.68,263.2,Municipal Vegetable Market
2026-01-11,Sarpang,Onion,54.13,32.9,Weekend Roadside Market
2026-01-11,Sarpang,Tomato,52.22,337.4,Centenary Farmers Market
2026-01-11,Sarpang,Broccoli,80.55,74.9,Centenary Farmers Market
2026-01-11,Sarpang,Potato,43.13,452.7,Municipal Vegetable Market
2026-01-11,Sarpang,Cauliflower,40.33,174.8,Centenary Farmers Market
2026-01-11,Sarpang,Radish,19.38,387.2,Municipal Vegetable Market
2026-01-11,Sarpang,Spinach,26.06,487.6,Centenary Farmers Market
2026-01-11,Sarpang,Chilli (fresh),73.3,213.0,Centenary Farmers Market
2026-01-11,Sarpang,Cabbage,24.33,151.2,Weekend Roadside Market
2026-01-11,Bumthang,Cabbage,18.86,342.3,Weekend Roadside Market
2026-01-11,Bumthang,Tomato,84.35,122.2,Weekend Roadside Market
2026-01-11,Bumthang,Radish,28.22,455.3,Weekend Roadside Market
2026-01-11,Bumthang,Chilli (fresh),89.44,378.3,Municipal Vegetable Market
2026-01-11,Bumthang,Onion,70.04,426.1,Municipal Vegetable Market
2026-01-11,Bumthang,Spinach,34.04,74.5,Centenary Farmers Market
2026-01-11,Bumthang,Chilli (dried),284.5,222.6,Centenary Farmers Market
2026-01-11,Bumthang,Potato,38.07,284.3,Weekend Roadside Market
2026-01-11,Bumthang,Broccoli,50.74,60.3,Weekend Roadside Market
2026-01-11,Bumthang,Cauliflower,59.83,445.1,Municipal Vegetable Market
2026-01-11,Trongsa,Broccoli,73.3,392.1,Weekend Roadside Market
2026-01-11,Trongsa,Radish,18.12,178.1,Weekend Roadside Market
2026-01-11,Trongsa,Cabbage,26.58,71.3,Centenary Farmers Market
2026-01-11,Trongsa,Tomato,67.23,199.9,Centenary Farmers Market
2026-01-11,Samtse,Chilli (dried),208.57,310.8,Weekend Roadside Market
2026-01-11,Samtse,Onion,58.69,285.3,Municipal Vegetable Market
2026-01-11,Samtse,Spinach,37.52,133.5,Municipal Vegetable Market
2026-01-11,Samtse,Radish,25.68,63.3,Centenary Farmers Market
2026-01-11,Samtse,Broccoli,59.12,409.9,Weekend Roadside Market
2026-01-11,Samtse,Cauliflower,61.92,246.1,Municipal Vegetable Market
2026-01-11,Trashigang,Cabbage,27.43,327.9,Centenary Farmers Market
2026-01-11,Trashigang,Chilli (dried),245.18,170.6,Centenary Farmers Market
2026-01-11,Trashigang,Tomato,80.67,82.4,Weekend Roadside Market
2026-01-11,Trashigang,Spinach,34.21,145.1,Weekend Roadside Market
2026-01-11,Trashigang,Potato,25.63,208.9,Municipal Vegetable Market
2026-01-11,Trashigang,Radish,30.79,330.6,Weekend Roadside Market
2026-01-11,Trashigang,Chilli (fresh),89.49,43.9,Weekend Roadside Market
2026-01-11,Trashigang,Cauliflower,46.54,76.3,Weekend Roadside Market
2026-01-11,Trashigang,Broccoli,77.95,127.8,Centenary Farmers Market
2026-01-11,Trashigang,Onion,48.55,82.5,Centenary Farmers Market
2026-01-11,Tsirang,Chilli (fresh),122.78,197.4,Weekend Roadside Market
2026-01-11,Tsirang,Cauliflower,64.13,210.8,Centenary Farmers Market
2026-01-11,Tsirang,Chilli (dried),189.66,48.2,Municipal Vegetable Market
2026-01-11,Tsirang,Broccoli,72.8,405.1,Weekend Roadside Market
2026-01-11,Tsirang,Cabbage,22.86,209.5,Municipal Vegetable Market
2026-01-11,Tsirang,Potato,25.76,256.6,Municipal Vegetable Market
2026-01-11,Tsirang,Spinach,29.69,76.1,Centenary Farmers Market
2026-01-11,Tsirang,Onion,46.4,226.4,Municipal Vegetable Market
2026-01-11,Tsirang,Tomato,58.37,171.5,Municipal Vegetable Market
2026-01-11,Chukha,Spinach,28.14,229.5,Municipal Vegetable Market
2026-01-11,Chukha,Potato,34.63,426.0,Centenary Farmers Market
2026-01-11,Chukha,Chilli (fresh),67.04,264.2,Municipal Vegetable Market
2026-01-11,Chukha,Cabbage,25.51,388.1,Centenary Farmers Market
2026-01-11,Chukha,Radish,26.57,32.5,Weekend Roadside Market
2026-01-11,Chukha,Cauliflower,51.03,175.3,Centenary Farmers Market
2026-01-11,Chukha,Tomato,68.16,305.2,Centenary Farmers Market
2026-01-11,Chukha,Onion,60.79,499.9,Weekend Roadside Market
2026-01-11,Chukha,Broccoli,61.36,377.0,Weekend Roadside Market
2026-01-11,Paro,Chilli (fresh),79.16,156.8,Weekend Roadside Market
2026-01-11,Paro,Cauliflower,58.66,453.8,Weekend Roadside Market
2026-01-11,Paro,Cabbage,22.62,445.0,Municipal Vegetable Market
2026-01-11,Paro,Potato,32.13,109.5,Weekend Roadside Market
2026-01-11,Paro,Spinach,28.97,349.4,Centenary Farmers Market
2026-01-11,Wangdue Phodrang,Tomato,84.33,91.3,Centenary Farmers Market
2026-01-11,Wangdue Phodrang,Spinach,31.32,284.5,Centenary Farmers Market
2026-01-11,Wangdue Phodrang,Cauliflower,46.84,410.2,Municipal Vegetable Market
2026-01-11,Wangdue Phodrang,Potato,28.6,106.2,Centenary Farmers Market
2026-01-11,Thimphu,Tomato,40.71,491.4,Municipal Vegetable Market
2026-01-11,Thimphu,Onion,35.56,102.4,Municipal Vegetable Market
2026-01-11,Thimphu,Spinach,41.22,165.3,Weekend Roadside Market
2026-01-11,Thimphu,Cauliflower,39.37,80.0,Centenary Farmers Market
2026-01-11,Thimphu,Radish,14.97,250.9,Centenary Farmers Market
2026-01-11,Thimphu,Chilli (fresh),111.78,164.4,Municipal Vegetable Market
2026-01-11,Thimphu,Chilli (dried),328.28,233.7,Municipal Vegetable Market
2026-01-11,Thimphu,Cabbage,18.4,420.2,Centenary Farmers Market
2026-01-11,Thimphu,Potato,32.78,257.9,Weekend Roadside Market
2026-01-11,Zhemgang,Cauliflower,40.3,50.5,Weekend Roadside Market
2026-01-11,Zhemgang,Spinach,41.48,354.8,Centenary Farmers Market
2026-01-11,Zhemgang,Radish,20.74,302.1,Weekend Roadside Market
2026-01-11,Zhemgang,Cabbage,22.1,160.8,Weekend Roadside Market
2026-01-11,Zhemgang,Onion,57.08,246.7,Centenary Farmers Market
2026-01-11,Zhemgang,Potato,34.07,115.8,Weekend Roadside Market
2026-01-11,Zhemgang,Tomato,57.21,287.3,Centenary Farmers Market
2026-01-11,Mongar,Radish,15.13,289.8,Municipal Vegetable Market
2026-01-11,Mongar,Potato,28.87,148.4,Centenary Farmers Market
2026-01-11,Mongar,Cabbage,14.33,474.2,Municipal Vegetable Market
2026-01-11,Mongar,Chilli (dried),298.95,432.0,Centenary Farmers Market
2026-01-11,Mongar,Chilli (fresh),122.68,457.3,Centenary Farmers Market
2026-01-11,Punakha,Cabbage,21.04,389.1,Centenary Farmers Market
2026-01-11,Punakha,Chilli (dried),189.66,363.3,Municipal Vegetable Market
2026-01-11,Punakha,Onion,61.14,129.5,Municipal Vegetable Market
2026-01-11,Punakha,Radish,28.39,193.7,Centenary Farmers Market
2026-01-11,Punakha,Broccoli,57.21,182.4,Municipal Vegetable Market
2026-01-11,Punakha,Potato,42.11,327.9,Weekend Roadside Market
2026-01-11,Punakha,Spinach,36.73,161.9,Municipal Vegetable Market
2026-01-12,Lhuentse,Cauliflower,42.74,375.2,Centenary Farmers Market
2026-01-12,Lhuentse,Chilli (fresh),95.25,183.5,Weekend Roadside Market
2026-01-12,Lhuentse,Tomato,62.34,391.6,Weekend Roadside Market
2026-01-12,Lhuentse,Potato,38.82,263.6,Centenary Farmers Market
2026-01-12,Lhuentse,Broccoli,60.96,237.5,Centenary Farmers Market
2026-01-12,Lhuentse,Spinach,43.98,276.0,Weekend Roadside Market
2026-01-12,Haa,Broccoli,56.47,224.3,Municipal Vegetable Market
2026-01-12,Haa,Chilli (dried),242.69,197.3,Weekend Roadside Market
2026-01-12,Haa,Cauliflower,57.58,325.5,Municipal Vegetable Market
2026-01-12,Haa,Tomato,52.07,262.8,Municipal Vegetable Market
2026-01-12,Haa,Onion,58.35,122.1,Municipal Vegetable Market
2026-01-12,Haa,Cabbage,25.53,429.1,Centenary Farmers Market
2026-01-12,Haa,Potato,26.98,495.7,Municipal Vegetable Market
2026-01-12,Haa,Spinach,38.67,469.7,Municipal Vegetable Market
2026-01-12,Haa,Chilli (fresh),87.87,187.4,Centenary Farmers Market
2026-01-12,Haa,Radish,28.96,248.1,Weekend Roadside Market
2026-01-12,Thimphu,Spinach,33.24,182.7,Centenary Farmers Market
2026-01-12,Thimphu,Broccoli,78.61,359.5,Weekend Roadside Market
2026-01-12,Thimphu,Radish,24.4,60.9,Weekend Roadside Market
2026-01-12,Thimphu,Cabbage,24.54,261.3,Centenary Farmers Market
2026-01-12,Thimphu,Onion,44.06,137.7,Weekend Roadside Market
2026-01-12,Thimphu,Chilli (dried),240.98,302.7,Municipal Vegetable Market
2026-01-12,Thimphu,Potato,36.89,172.3,Municipal Vegetable Market
2026-01-12,Thimphu,Tomato,45.87,388.8,Centenary Farmers Market
2026-01-12,Thimphu,Cauliflower,45.9,33.0,Centenary Farmers Market
2026-01-12,Chukha,Tomato,78.34,256.6,Weekend Roadside Market
2026-01-12,Chukha,Cauliflower,42.72,252.4,Municipal Vegetable Market
2026-01-12,Chukha,Cabbage,23.91,68.7,Weekend Roadside Market
2026-01-12,Chukha,Potato,37.44,260.2,Centenary Farmers Market
2026-01-12,Chukha,Spinach,32.67,457.5,Municipal Vegetable Market
2026-01-12,Chukha,Onion,61.31,100.3,Centenary Farmers Market
2026-01-12,Tsirang,Cauliflower,34.64,418.6,Weekend Roadside Market
2026-01-12,Tsirang,Onion,66.32,172.8,Weekend Roadside Market
2026-01-12,Tsirang,Chilli (fresh),108.68,337.9,Municipal Vegetable Market
2026-01-12,Tsirang,Tomato,37.94,,Centenary Farmers Market
2026-01-12,Tsirang,Broccoli,52.81,354.3,Municipal Vegetable Market
2026-01-12,Tsirang,Chilli (dried),236.54,34.9,Weekend Roadside Market
2026-01-12,Tsirang,Potato,33.52,205.6,Weekend Roadside Market
2026-01-12,Tsirang,Spinach,21.17,376.7,Municipal Vegetable Market
2026-01-12,Tsirang,Radish,26.57,408.0,Centenary Farmers Market
2026-01-12,Tsirang,Cabbage,-21.54,359.3,Centenary Farmers Market
2026-01-12,Trongsa,Tomato,68.48,291.5,Weekend Roadside Market
2026-01-12,Trongsa,Radish,21.94,468.1,Centenary Farmers Market
2026-01-12,Trongsa,Spinach,35.3,485.5,Weekend Roadside Market
2026-01-12,Trongsa,Cabbage,24.67,327.7,Weekend Roadside Market
2026-01-12,Punakha,Tomato,76.7,153.4,Municipal Vegetable Market
2026-01-12,Punakha,Cabbage,22.3,407.7,Weekend Roadside Market
2026-01-12,Punakha,Spinach,39.02,178.0,Centenary Farmers Market
2026-01-12,Punakha,Chilli (fresh),128.1,320.6,Municipal Vegetable Market
2026-01-12,Punakha,Chilli (dried),345.58,414.4,Weekend Roadside Market
2026-01-12,Punakha,Broccoli,75.31,320.2,Weekend Roadside Market
2026-01-12,Punakha,Potato,36.36,352.8,Centenary Farmers Market
2026-01-12,Samtse,Cauliflower,53.86,316.3,Municipal Vegetable Market
2026-01-12,Samtse,Cabbage,14.63,401.7,Weekend Roadside Market
2026-01-12,Samtse,Radish,24.83,177.5,Centenary Farmers Market
2026-01-12,Samtse,Onion,63.69,454.1,Centenary Farmers Market
2026-01-12,Samtse,Potato,38.84,136.7,Centenary Farmers Market
2026-01-12,Samtse,Tomato,94.48,169.4,Weekend Roadside Market
2026-01-12,Samtse,Broccoli,56.41,23.9,Weekend Roadside Market
2026-01-12,Samtse,Spinach,41.2,46.2,Municipal Vegetable Market
2026-01-12,Wangdue Phodrang,Cabbage,19.12,238.1,Centenary Farmers Market
2026-01-12,Wangdue Phodrang,Onion,60.19,122.3,Municipal Vegetable Market
2026-01-12,Wangdue Phodrang,Chilli (fresh),108.67,108.4,Centenary Farmers Market
2026-01-12,Wangdue Phodrang,Radish,15.46,113.3,Weekend Roadside Market
2026-01-12,Wangdue Phodrang,Spinach,23.36,125.1,Municipal Vegetable Market
2026-01-12,Wangdue Phodrang,Cauliflower,30.28,424.6,Centenary Farmers Market
2026-01-12,Wangdue Phodrang,Chilli (dried),256.36,469.3,Municipal Vegetable Market
2026-01-12,Wangdue Phodrang,Tomato,44.78,403.5,Weekend Roadside Market
2026-01-12,Wangdue Phodrang,Broccoli,57.24,401.6,Centenary Farmers Market
2026-01-12,Wangdue Phodrang,Potato,34.96,462.1,Weekend Roadside Market
2026-01-12,Trashigang,Onion,73.16,484.8,Municipal Vegetable Market
2026-01-12,Trashigang,Chilli (fresh),98.32,264.1,Weekend Roadside Market
2026-01-12,Trashigang,Potato,30.4,272.2,Municipal Vegetable Market
2026-01-12,Trashigang,Broccoli,68.75,300.3,Centenary Farmers Market
2026-01-12,Trashigang,Chilli (dried),194.85,224.0,Municipal Vegetable Market
2026-01-12,Paro,Cabbage,23.51,318.1,Municipal Vegetable Market
2026-01-12,Paro,Chilli (dried),232.66,31.9,Municipal Vegetable Market
2026-01-12,Paro,Broccoli,53.26,266.1,Weekend Roadside Market
2026-01-12,Paro,Radish,15.85,282.1,Municipal Vegetable Market
2026-01-12,Paro,Chilli (fresh),132.14,151.7,Weekend Roadside Market
2026-01-12,Paro,Tomato,75.35,145.3,Municipal Vegetable Market
2026-01-12,Paro,Cauliflower,64.01,383.7,Centenary Farmers Market
2026-01-12,Paro,Potato,27.13,128.9,Weekend Roadside Market
2026-01-12,Sarpang,Spinach,41.58,120.6,Municipal Vegetable Market
2026-01-12,Sarpang,Broccoli,75.29,374.1,Municipal Vegetable Market
2026-01-12,Sarpang,Onion,55.5,213.6,Weekend Roadside Market
2026-01-12,Sarpang,Cauliflower,60.34,93.8,Municipal Vegetable Market
2026-01-12,Sarpang,Potato,35.28,203.0,Municipal Vegetable Market
2026-01-12,Sarpang,Chilli (dried),257.36,326.7,Municipal Vegetable Market
2026-01-12,Sarpang,Cabbage,16.36,254.5,Centenary Farmers Market
2026-01-12,Sarpang,Chilli (fresh),71.68,271.7,Municipal Vegetable Market
2026-01-12,Bumthang,Cauliflower,65.09,82.4,Centenary Farmers Market
2026-01-12,Bumthang,Broccoli,52.51,169.0,Centenary Farmers Market
2026-01-12,Bumthang,Chilli (dried),161.64,50.7,Municipal Vegetable Market
2026-01-12,Bumthang,Potato,36.29,242.1,Centenary Farmers Market
2026-01-12,Bumthang,Cabbage,23.16,361.6,Municipal Vegetable Market
2026-01-12,Bumthang,Tomato,52.27,316.5,Municipal Vegetable Market
2026-01-12,Bumthang,Chilli (fresh),102.12,473.9,Centenary Farmers Market
2026-01-12,Bumthang,Onion,58.94,52.0,Weekend Roadside Market
2026-01-12,Bumthang,Radish,28.34,497.8,Centenary Farmers Market
2026-01-12,Bumthang,Spinach,27.21,119.5,Centenary Farmers Market
2026-01-13,Samtse,Cabbage,30.1,101.9,Centenary Farmers Market
2026-01-13,Samtse,Broccoli,67.23,342.3,Centenary Farmers Market
2026-01-13,Samtse,Chilli (fresh),66.53,344.0,Centenary Farmers Market
2026-01-13,Samtse,Onion,58.4,336.8,Centenary Farmers Market
2026-01-13,Samtse,Spinach,21.76,388.2,Centenary Farmers Market
2026-01-13,Samtse,Radish,23.49,181.8,Centenary Farmers Market
2026-01-13,Samtse,Cauliflower,36.21,338.8,Weekend Roadside Market
2026-01-13,Haa,Onion,50.73,131.6,Centenary Farmers Market
2026-01-13,Haa,Radish,18.48,240.2,Centenary Farmers Market
2026-01-13,Haa,Chilli (fresh),70.86,217.3,Weekend Roadside Market
2026-01-13,Haa,Tomato,88.47,293.2,Municipal Vegetable Market
2026-01-13,Haa,Cabbage,26.8,486.7,Weekend Roadside Market
2026-01-13,Haa,Cauliflower,57.89,339.9,Centenary Farmers Market
2026-01-13,Zhemgang,Radish,20.37,383.5,Weekend Roadside Market
2026-01-13,Zhemgang,Chilli (fresh),73.32,328.2,Centenary Farmers Market
2026-01-13,Zhemgang,Potato,37.74,153.5,Weekend Roadside Market
2026-01-13,Zhemgang,Cabbage,23.21,380.3,Centenary Farmers Market
2026-01-13,Zhemgang,Spinach,37.57,339.2,Centenary Farmers Market
2026-01-13,Zhemgang,Tomato,-83.53,108.1,Weekend Roadside Market
2026-01-13,Zhemgang,Onion,47.62,87.9,Centenary Farmers Market
2026-01-13,Lhuentse,Chilli (fresh),96.9,165.5,Weekend Roadside Market
2026-01-13,Lhuentse,Broccoli,66.64,486.8,Municipal Vegetable Market
2026-01-13,Lhuentse,Cabbage,23.66,94.8,Municipal Vegetable Market
2026-01-13,Lhuentse,Radish,28.01,305.7,Centenary Farmers Market
2026-01-13,Lhuentse,Onion,45.98,289.8,Municipal Vegetable Market
2026-01-13,Lhuentse,Cauliflower,31.42,26.2,Weekend Roadside Market
2026-01-13,Lhuentse,Chilli (dried),230.69,376.3,Municipal Vegetable Market
2026-01-13,Lhuentse,Potato,28.59,462.4,Municipal Vegetable Market
2026-01-13,Lhuentse,Tomato,94.77,380.8,Municipal Vegetable Market
2026-01-13,Lhuentse,Spinach,39.11,464.7,Weekend Roadside Market
2026-01-13,Wangdue Phodrang,Potato,-31.01,476.9,Centenary Farmers Market
2026-01-13,Wangdue Phodrang,Chilli (dried),298.9,301.4,Centenary Farmers Market
2026-01-13,Wangdue Phodrang,Tomato,74.66,165.1,Weekend Roadside Market
2026-01-13,Wangdue Phodrang,Spinach,33.71,369.3,Centenary Farmers Market
2026-01-13,Wangdue Phodrang,Chilli (fresh),116.47,120.6,Weekend Roadside Market
2026-01-13,Wangdue Phodrang,Cabbage,23.17,53.5,Weekend Roadside Market
2026-01-13,Mongar,Chilli (dried),248.3,72.9,Weekend Roadside Market
2026-01-13,Mongar,Broccoli,56.38,144.5,Municipal Vegetable Market
2026-01-13,Mongar,Onion,51.64,61.1,Centenary Farmers Market
2026-01-13,Mongar,Cabbage,23.32,68.4,Centenary Farmers Market
2026-01-13,Mongar,Spinach,34.27,121.3,Centenary Farmers Market
2026-01-13,Mongar,Cauliflower,37.81,383.3,Weekend Roadside Market
2026-01-13,Mongar,Tomato,98.52,471.7,Weekend Roadside Market
2026-01-13,Thimphu,Onion,73.7,139.3,Municipal Vegetable Market
2026-01-13,Thimphu,Cabbage,19.21,493.4,Municipal Vegetable Market
2026-01-13,Thimphu,Potato,39.0,233.3,Weekend Roadside Market
2026-01-13,Thimphu,Chilli (fresh),99.44,471.9,Municipal Vegetable Market
2026-01-13,Thimphu,Broccoli,69.77,113.6,Centenary Farmers Market
2026-01-13,Thimphu,Cauliflower,44.27,259.0,Centenary Farmers Market
2026-01-13,Thimphu,Radish,23.75,234.2,Centenary Farmers Market
2026-01-13,Thimphu,Spinach,27.49,356.0,Centenary Farmers Market
2026-01-13,Thimphu,Chilli (dried),347.51,387.8,Centenary Farmers Market
2026-01-13,Thimphu,Tomato,75.45,462.9,Weekend Roadside Market
2026-01-13,Tsirang,Chilli (fresh),60.69,62.8,Weekend Roadside Market
2026-01-13,Tsirang,Cabbage,20.96,,Municipal Vegetable Market
2026-01-13,Tsirang,Onion,61.91,490.3,Municipal Vegetable Market
2026-01-13,Tsirang,Broccoli,52.51,303.6,Centenary Farmers Market
2026-01-13,Tsirang,Spinach,26.76,421.9,Municipal Vegetable Market
2026-01-13,Tsirang,Cauliflower,57.9,417.3,Centenary Farmers Market
2026-01-13,Tsirang,Tomato,48.02,359.1,Municipal Vegetable Market
2026-01-13,Tsirang,Potato,38.46,408.9,Centenary Farmers Market
2026-01-13,Tsirang,Chilli (dried),311.1,45.2,Centenary Farmers Market
2026-01-13,Tsirang,Radish,28.76,96.4,Centenary Farmers Market
2026-01-13,Punakha,Cauliflower,43.35,356.5,Weekend Roadside Market
2026-01-13,Punakha,Broccoli,74.46,427.9,Weekend Roadside Market
2026-01-13,Punakha,Cabbage,21.51,450.7,Centenary Farmers Market
2026-01-13,Punakha,Tomato,37.91,296.3,Weekend Roadside Market
2026-01-13,Punakha,Onion,73.22,100.7,Centenary Farmers Market
2026-01-13,Punakha,Chilli (dried),214.34,332.0,Weekend Roadside Market
2026-01-13,Sarpang,Potato,31.95,102.8,Weekend Roadside Market
2026-01-13,Sarpang,Cabbage,26.95,435.1,Weekend Roadside Market
2026-01-13,Sarpang,Chilli (fresh),53.92,78.6,Weekend Roadside Market
2026-01-13,Sarpang,Spinach,35.07,151.4,Weekend Roadside Market
2026-01-13,Sarpang,Cauliflower,63.65,163.2,Centenary Farmers Market
2026-01-13,Paro,Radish,22.3,362.6,Weekend Roadside Market
2026-01-13,Paro,Chilli (dried),-276.38,307.6,Centenary Farmers Market
2026-01-13,Paro,Cauliflower,31.88,333.3,Centenary Farmers Market
2026-01-13,Paro,Spinach,44.58,194.5,Weekend Roadside Market
2026-01-13,Paro,Onion,40.99,474.0,Municipal Vegetable Market
2026-01-13,Paro,Potato,39.17,493.3,Municipal Vegetable Market
2026-01-13,Paro,Chilli (fresh),97.57,37.6,Centenary Farmers Market
2026-01-13,Paro,Broccoli,63.2,192.4,Centenary Farmers Market
2026-01-13,Paro,Cabbage,19.76,98.4,Municipal Vegetable Market
2026-01-13,Paro,Tomato,73.99,53.9,Weekend Roadside Market
2026-01-13,Trongsa,Onion,63.7,149.7,Weekend Roadside Market
2026-01-13,Trongsa,Radish,22.36,180.1,Municipal Vegetable Market
2026-01-13,Trongsa,Chilli (dried),221.58,126.7,Centenary Farmers Market
2026-01-13,Trongsa,Chilli (fresh),133.51,407.3,Centenary Farmers Market
2026-01-13,Trongsa,Cabbage,24.02,450.4,Centenary Farmers Market
2026-01-13,Trongsa,Spinach,42.29,398.6,Weekend Roadside Market
2026-01-13,Trongsa,Cauliflower,28.85,266.5,Centenary Farmers Market
2026-01-13,Trongsa,Broccoli,62.69,326.8,Municipal Vegetable Market
2026-01-13,Trongsa,Potato,35.42,493.4,Municipal Vegetable Market
2026-01-13,Bumthang,Chilli (fresh),60.98,64.9,Weekend Roadside Market
2026-01-13,Bumthang,Tomato,69.08,481.8,Municipal Vegetable Market
2026-01-13,Bumthang,Cabbage,23.71,344.9,Weekend Roadside Market
2026-01-13,Bumthang,Chilli (dried),330.21,362.8,Weekend Roadside Market
2026-01-13,Bumthang,Broccoli,80.46,499.6,Weekend Roadside Market
2026-01-13,Bumthang,Cauliflower,39.58,386.6,Centenary Farmers Market
2026-01-13,Bumthang,Potato,27.75,257.8,Centenary Farmers Market
2026-01-13,Bumthang,Radish,18.46,387.9,Centenary Farmers Market
2026-01-13,Bumthang,Onion,41.64,208.9,Municipal Vegetable Market
2026-01-13,Chukha,Spinach,-19.91,163.2,Centenary Farmers Market
2026-01-13,Chukha,Broccoli,52.1,256.2,Centenary Farmers Market
2026-01-13,Chukha,Potato,36.86,389.3,Municipal Vegetable Market
2026-01-13,Chukha,Chilli (dried),217.09,409.5,Centenary Farmers Market
2026-01-13,Trashigang,Onion,41.67,39.3,Municipal Vegetable Market
2026-01-13,Trashigang,Cauliflower,56.71,480.7,Municipal Vegetable Market
2026-01-13,Trashigang,Potato,34.32,380.5,Municipal Vegetable Market
2026-01-13,Trashigang,Chilli (dried),206.99,71.8,Centenary Farmers Market
2026-01-13,Trashigang,Broccoli,62.65,418.3,Municipal Vegetable Market
2026-01-14,Chukha,Chilli (fresh),69.71,38.4,Centenary Farmers Market
2026-01-14,Chukha,Cauliflower,28.32,215.5,Municipal Vegetable Market
2026-01-14,Chukha,Broccoli,53.88,225.0,Centenary Farmers Market
2026-01-14,Chukha,Spinach,28.07,,Centenary Farmers Market
2026-01-14,Chukha,Onion,46.45,154.5,Weekend Roadside Market
2026-01-14,Chukha,Potato,30.38,66.5,Centenary Farmers Market
2026-01-14,Chukha,Cabbage,22.31,376.6,Weekend Roadside Market
2026-01-14,Chukha,Tomato,44.93,445.9,Centenary Farmers Market
2026-01-14,Chukha,Chilli (dried),351.92,412.4,Centenary Farmers Market
2026-01-14,Sarpang,Broccoli,48.88,361.6,Weekend Roadside Market
2026-01-14,Sarpang,Onion,69.1,52.5,Municipal Vegetable Market
2026-01-14,Sarpang,Tomato,41.19,484.4,Municipal Vegetable Market
2026-01-14,Sarpang,Radish,25.75,210.8,Weekend Roadside Market
2026-01-14,Sarpang,Chilli (fresh),95.28,290.0,Municipal Vegetable Market
2026-01-14,Sarpang,Cabbage,15.93,354.4,Weekend Roadside Market
2026-01-14,Sarpang,Spinach,25.27,360.0,Weekend Roadside Market
2026-01-14,Sarpang,Potato,32.13,472.2,Municipal Vegetable Market
2026-01-14,Paro,Chilli (fresh),151.35,146.7,Centenary Farmers Market
2026-01-14,Paro,Broccoli,51.77,415.5,Centenary Farmers Market
2026-01-14,Paro,Cabbage,15.95,436.6,Weekend Roadside Market
2026-01-14,Paro,Potato,42.3,324.5,Weekend Roadside Market
2026-01-14,Paro,Onion,47.91,431.9,Municipal Vegetable Market
2026-01-14,Paro,Chilli (dried),259.55,65.0,Centenary Farmers Market
2026-01-14,Paro,Tomato,75.15,106.6,Municipal Vegetable Market
2026-01-14,Paro,Spinach,30.82,53.3,Centenary Farmers Market
2026-01-14,Paro,Cauliflower,44.91,85.9,Centenary Farmers Market
2026-01-14,Samtse,Potato,38.94,373.3,Municipal Vegetable Market
2026-01-14,Samtse,Broccoli,84.26,411.4,Municipal Vegetable Market
2026-01-14,Samtse,Chilli (dried),287.48,79.1,Centenary Farmers Market
2026-01-14,Samtse,Cabbage,24.59,457.8,Centenary Farmers Market
2026-01-14,Samtse,Radish,21.1,348.5,Weekend Roadside Market
2026-01-14,Samtse,Spinach,21.4,68.8,Municipal Vegetable Market
2026-01-14,Samtse,Cauliflower,64.97,449.9,Weekend Roadside Market
2026-01-14,Samtse,Tomato,43.97,448.7,Weekend Roadside Market
2026-01-14,Samtse,Onion,48.5,337.6,Municipal Vegetable Market
2026-01-14,Samtse,Chilli (fresh),67.99,91.3,Weekend Roadside Market
2026-01-14,Wangdue Phodrang,Spinach,23.7,173.3,Municipal Vegetable Market
2026-01-14,Wangdue Phodrang,Cabbage,21.88,473.1,Centenary Farmers Market
2026-01-14,Wangdue Phodrang,Radish,21.64,130.5,Centenary Farmers Market
2026-01-14,Wangdue Phodrang,Tomato,78.59,357.5,Centenary Farmers Market
2026-01-14,Wangdue Phodrang,Chilli (fresh),88.3,84.1,Centenary Farmers Market
2026-01-14,Wangdue Phodrang,Chilli (dried),330.19,161.5,Centenary Farmers Market
2026-01-14,Wangdue Phodrang,Broccoli,56.48,127.8,Weekend Roadside Market
2026-01-14,Wangdue Phodrang,Potato,27.92,483.2,Municipal Vegetable Market
2026-01-14,Wangdue Phodrang,Onion,55.83,95.9,Centenary Farmers Market
2026-01-14,Wangdue Phodrang,Cauliflower,51.51,91.9,Centenary Farmers Market
2026-01-14,Trongsa,Spinach,24.36,443.0,Centenary Farmers Market
2026-01-14,Trongsa,Cauliflower,40.93,475.2,Municipal Vegetable Market
2026-01-14,Trongsa,Onion,58.51,223.4,Centenary Farmers Market
2026-01-14,Trongsa,Chilli (fresh),146.01,212.2,Centenary Farmers Market
2026-01-14,Trongsa,Broccoli,74.28,411.9,Municipal Vegetable Market
2026-01-14,Trongsa,Potato,28.25,198.3,Municipal Vegetable Market
2026-01-14,Punakha,Onion,39.56,456.6,Centenary Farmers Market
2026-01-14,Punakha,Potato,34.73,291.1,Weekend Roadside Market
2026-01-14,Punakha,Chilli (fresh),63.58,490.7,Municipal Vegetable Market
2026-01-14,Punakha,Chilli (dried),224.54,82.2,Weekend Roadside Market
2026-01-14,Punakha,Cabbage,18.04,92.1,Weekend Roadside Market
2026-01-14,Punakha,Tomato,33.29,347.5,Centenary Farmers Market
2026-01-14,Punakha,Radish,28.94,334.0,Weekend Roadside Market
2026-01-14,Punakha,Spinach,39.95,466.5,Municipal Vegetable Market
2026-01-14,Tsirang,Cauliflower,53.98,66.8,Centenary Farmers Market
2026-01-14,Tsirang,Potato,48.13,61.8,Centenary Farmers Market
2026-01-14,Tsirang,Broccoli,48.82,189.6,Centenary Farmers Market
2026-01-14,Tsirang,Cabbage,20.48,440.8,Weekend Roadside Market
2026-01-14,Tsirang,Spinach,30.89,157.6,Municipal Vegetable Market
2026-01-14,Tsirang,Tomato,60.88,477.0,Municipal Vegetable Market
2026-01-14,Tsirang,Radish,30.3,40.5,Weekend Roadside Market
2026-01-14,Tsirang,Chilli (fresh),94.0,70.5,Municipal Vegetable Market
2026-01-14,Mongar,Spinach,20.55,72.0,Municipal Vegetable Market
2026-01-14,Mongar,Cabbage,22.7,253.4,Weekend Roadside Market
2026-01-14,Mongar,Onion,63.94,89.8,Centenary Farmers Market
2026-01-14,Mongar,Chilli (fresh),102.26,193.5,Municipal Vegetable Market
2026-01-14,Mongar,Cauliflower,33.07,223.0,Municipal Vegetable Market
2026-01-14,Mongar,Tomato,53.81,361.9,Municipal Vegetable Market
2026-01-14,Mongar,Broccoli,68.66,452.8,Municipal Vegetable Market
2026-01-14,Trashigang,Spinach,41.32,449.0,Centenary Farmers Market
2026-01-14,Trashigang,Broccoli,66.4,470.7,Weekend Roadside Market
2026-01-14,Trashigang,Chilli (dried),345.27,259.7,Municipal Vegetable Market
2026-01-14,Trashigang,Onion,47.34,236.3,Centenary Farmers Market
2026-01-14,Trashigang,Chilli (fresh),67.56,110.1,Weekend Roadside Market
2026-01-14,Trashigang,Radish,22.17,486.4,Weekend Roadside Market
2026-01-14,Trashigang,Cauliflower,36.8,413.1,Centenary Farmers Market
2026-01-14,Thimphu,Onion,51.72,285.3,Centenary Farmers Market
2026-01-14,Thimphu,Broccoli,71.18,156.0,Weekend Roadside Market
2026-01-14,Thimphu,Cauliflower,35.93,63.0,Centenary Farmers Market
2026-01-14,Thimphu,Tomato,86.13,67.9,Municipal Vegetable Market
2026-01-14,Thimphu,Chilli (dried),273.37,392.9,Weekend Roadside Market
2026-01-14,Thimphu,Potato,31.35,458.7,Municipal Vegetable Market
2026-01-14,Thimphu,Cabbage,23.7,395.5,Weekend Roadside Market
2026-01-14,Haa,Cauliflower,45.57,496.6,Centenary Farmers Market
2026-01-14,Haa,Chilli (fresh),79.16,467.3,Municipal Vegetable Market
2026-01-14,Haa,Potato,31.93,268.3,Municipal Vegetable Market
2026-01-14,Haa,Radish,16.92,208.2,Weekend Roadside Market
2026-01-14,Haa,Spinach,24.64,32.3,Centenary Farmers Market
2026-01-14,Haa,Onion,68.95,57.8,Municipal Vegetable Market
2026-01-14,Haa,Tomato,75.72,109.5,Weekend Roadside Market
2026-01-14,Haa,Broccoli,59.41,397.3,Municipal Vegetable Market
2026-01-14,Haa,Cabbage,25.43,298.1,Centenary Farmers Market
2026-01-14,Haa,Chilli (dried),185.59,106.7,Centenary Farmers Market
2026-01-15,Paro,Chilli (dried),256.22,282.3,Centenary Farmers Market
2026-01-15,Paro,Broccoli,69.99,268.6,Centenary Farmers Market
2026-01-15,Paro,Tomato,32.65,60.1,Weekend Roadside Market
2026-01-15,Paro,Potato,42.06,284.7,Municipal Vegetable Market
2026-01-15,Paro,Cabbage,32.89,140.0,Centenary Farmers Market
2026-01-15,Paro,Spinach,30.57,387.9,Municipal Vegetable Market
2026-01-15,Paro,Cauliflower,42.31,306.2,Municipal Vegetable Market
2026-01-15,Paro,Chilli (fresh),96.25,199.5,Weekend Roadside Market
2026-01-15,Paro,Onion,63.65,216.7,Weekend Roadside Market
2026-01-15,Paro,Radish,16.82,106.4,Municipal Vegetable Market
2026-01-15,Sarpang,Onion,41.29,25.2,Municipal Vegetable Market
2026-01-15,Sarpang,Broccoli,47.24,156.1,Centenary Farmers Market
2026-01-15,Sarpang,Chilli (dried),295.6,432.8,Centenary Farmers Market
2026-01-15,Sarpang,Cauliflower,47.1,115.1,Centenary Farmers Market
2026-01-15,Sarpang,Spinach,27.09,102.1,Municipal Vegetable Market
2026-01-15,Mongar,Broccoli,57.28,37.8,Weekend Roadside Market
2026-01-15,Mongar,Potato,23.18,405.2,Weekend Roadside Market
2026-01-15,Mongar,Spinach,23.81,257.0,Centenary Farmers Market
2026-01-15,Mongar,Chilli (dried),340.69,78.3,Municipal Vegetable Market
2026-01-15,Thimphu,Potato,43.18,411.8,Weekend Roadside Market
2026-01-15,Thimphu,Chilli (dried),234.85,73.2,Municipal Vegetable Market
2026-01-15,Thimphu,Cabbage,25.31,101.8,Centenary Farmers Market
2026-01-15,Thimphu,Radish,17.35,428.1,Municipal Vegetable Market
2026-01-15,Thimphu,Onion,46.9,255.2,Municipal Vegetable Market
2026-01-15,Thimphu,Chilli (fresh),76.15,59.7,Weekend Roadside Market
2026-01-15,Thimphu,Spinach,43.82,56.1,Municipal Vegetable Market
2026-01-15,Thimphu,Broccoli,70.46,70.2,Centenary Farmers Market
2026-01-15,Thimphu,Cauliflower,44.65,360.1,Weekend Roadside Market
2026-01-15,Thimphu,Tomato,45.11,488.0,Weekend Roadside Market
2026-01-15,Samtse,Cauliflower,38.3,377.6,Centenary Farmers Market
2026-01-15,Samtse,Chilli (dried),248.96,188.9,Centenary Farmers Market
2026-01-15,Samtse,Tomato,43.31,263.8,Centenary Farmers Market
2026-01-15,Samtse,Broccoli,68.04,113.1,Centenary Farmers Market
2026-01-15,Samtse,Spinach,31.7,347.0,Weekend Roadside Market
2026-01-15,Samtse,Potato,43.87,134.6,Weekend Roadside Market
2026-01-15,Lhuentse,Cauliflower,51.12,,Weekend Roadside Market
2026-01-15,Lhuentse,Broccoli,84.29,374.8,Weekend Roadside Market
2026-01-15,Lhuentse,Radish,19.53,88.1,Centenary Farmers Market
2026-01-15,Lhuentse,Potato,49.58,101.9,Centenary Farmers Market
2026-01-15,Lhuentse,Cabbage,20.63,72.5,Centenary Farmers Market
2026-01-15,Lhuentse,Chilli (dried),228.23,90.4,Centenary Farmers Market
2026-01-15,Lhuentse,Chilli (fresh),94.81,281.9,Weekend Roadside Market
2026-01-15,Lhuentse,Spinach,30.63,447.9,Weekend Roadside Market
2026-01-15,Lhuentse,Tomato,43.5,369.5,Centenary Farmers Market
2026-01-15,Trashigang,Onion,71.07,192.5,Weekend Roadside Market
2026-01-15,Trashigang,Spinach,21.16,320.9,Weekend Roadside Market
2026-01-15,Trashigang,Potato,33.04,346.0,Municipal Vegetable Market
2026-01-15,Trashigang,Cabbage,16.94,269.6,Municipal Vegetable Market
2026-01-15,Trashigang,Tomato,71.97,186.6,Centenary Farmers Market
2026-01-15,Trongsa,Chilli (dried),215.74,161.5,Municipal Vegetable Market
2026-01-15,Trongsa,Radish,14.78,226.6,Weekend Roadside Market
2026-01-15,Trongsa,Tomato,90.46,261.0,Weekend Roadside Market
2026-01-15,Trongsa,Spinach,40.81,300.9,Centenary Farmers Market
2026-01-15,Trongsa,Cauliflower,39.47,205.4,Municipal Vegetable Market
2026-01-15,Trongsa,Cabbage,18.42,290.7,Weekend Roadside Market
2026-01-15,Trongsa,Broccoli,70.03,219.8,Centenary Farmers Market
2026-01-15,Tsirang,Spinach,37.4,348.9,Municipal Vegetable Market
2026-01-15,Tsirang,Radish,17.45,288.3,Municipal Vegetable Market
2026-01-15,Tsirang,Chilli (dried),297.12,199.1,Weekend Roadside Market
2026-01-15,Tsirang,Chilli (fresh),116.55,213.4,Centenary Farmers Market
2026-01-15,Tsirang,Cauliflower,48.3,149.7,Weekend Roadside Market
2026-01-15,Tsirang,Potato,38.38,434.9,Centenary Farmers Market
2026-01-15,Tsirang,Cabbage,14.4,89.2,Weekend Roadside Market
2026-01-15,Tsirang,Broccoli,63.28,,Weekend Roadside Market
2026-01-15,Tsirang,Onion,53.62,20.0,Weekend Roadside Market
2026-01-15,Haa,Spinach,18.96,214.2,Centenary Farmers Market
2026-01-15,Haa,Potato,43.69,432.5,Weekend Roadside Market
2026-01-15,Haa,Broccoli,54.39,135.5,Weekend Roadside Market
2026-01-15,Haa,Chilli (fresh),87.38,480.4,Municipal Vegetable Market
2026-01-15,Wangdue Phodrang,Cabbage,20.02,165.3,Weekend Roadside Market
2026-01-15,Wangdue Phodrang,Spinach,40.84,,Weekend Roadside Market
2026-01-15,Wangdue Phodrang,Cauliflower,49.9,121.2,Weekend Roadside Market
2026-01-15,Wangdue Phodrang,Radish,17.76,290.3,Municipal Vegetable Market
2026-01-15,Wangdue Phodrang,Chilli (fresh),113.85,209.1,Weekend Roadside Market
2026-01-15,Wangdue Phodrang,Broccoli,55.48,263.4,Weekend Roadside Market
2026-01-15,Wangdue Phodrang,Potato,42.09,316.4,Municipal Vegetable Market
2026-01-15,Wangdue Phodrang,Tomato,50.11,259.7,Weekend Roadside Market
2026-01-15,Wangdue Phodrang,Chilli (dried),313.66,133.6,Centenary Farmers Market
2026-01-15,Wangdue Phodrang,Onion,58.78,140.2,Centenary Farmers Market
2026-01-15,Chukha,Potato,45.77,115.9,Municipal Vegetable Market
2026-01-15,Chukha,Chilli (dried),278.29,273.7,Centenary Farmers Market
2026-01-15,Chukha,Onion,36.88,87.5,Centenary Farmers Market
2026-01-15,Chukha,Broccoli,43.36,370.4,Weekend Roadside Market
2026-01-15,Chukha,Spinach,33.99,189.0,Weekend Roadside Market
2026-01-15,Chukha,Chilli (fresh),98.69,439.5,Weekend Roadside Market
2026-01-15,Chukha,Tomato,38.13,308.7,Municipal Vegetable Market
2026-01-15,Chukha,Cauliflower,53.04,191.8,Centenary Farmers Market
2026-01-15,Bumthang,Radish,20.2,222.3,Centenary Farmers Market
2026-01-15,Bumthang,Broccoli,71.58,463.6,Weekend Roadside Market
2026-01-15,Bumthang,Tomato,80.83,312.8,Centenary Farmers Market
2026-01-15,Bumthang,Chilli (fresh),134.49,446.0,Municipal Vegetable Market
2026-01-15,Bumthang,Spinach,20.94,332.2,Municipal Vegetable Market
2026-01-15,Bumthang,Potato,33.38,32.6,Centenary Farmers Market
2026-01-15,Bumthang,Onion,63.12,45.0,Municipal Vegetable Market
2026-01-15,Bumthang,Chilli (dried),195.58,450.6,Municipal Vegetable Market
2026-01-15,Bumthang,Cabbage,16.3,24.8,Municipal Vegetable Market
2026-01-15,Bumthang,Cauliflower,53.97,27.2,Weekend Roadside Market
2026-01-15,Punakha,Chilli (dried),284.21,211.0,Weekend Roadside Market
2026-01-15,Punakha,Tomato,64.8,372.9,Municipal Vegetable Market
2026-01-15,Punakha,Potato,29.81,284.7,Weekend Roadside Market
2026-01-15,Punakha,Broccoli,58.75,186.4,Municipal Vegetable Market
2026-01-15,Punakha,Cauliflower,32.18,488.5,Centenary Farmers Market
2026-01-15,Punakha,Radish,26.53,37.2,Centenary Farmers Market
2026-01-15,Punakha,Cabbage,16.71,36.2,Municipal Vegetable Market
2026-01-16,Chukha,Potato,32.84,386.2,Centenary Farmers Market
2026-01-16,Chukha,Chilli (fresh),117.26,381.6,Centenary Farmers Market
2026-01-16,Chukha,Radish,20.19,370.0,Weekend Roadside Market
2026-01-16,Chukha,Spinach,49.5,158.0,Weekend Roadside Market
2026-01-16,Chukha,Cabbage,20.48,203.0,Weekend Roadside Market
2026-01-16,Chukha,Cauliflower,40.53,151.7,Centenary Farmers Market
2026-01-16,Chukha,Broccoli,43.39,149.0,Municipal Vegetable Market
2026-01-16,Trashigang,Tomato,44.33,231.2,Municipal Vegetable Market
2026-01-16,Trashigang,Onion,55.14,298.2,Centenary Farmers Market
2026-01-16,Trashigang,Broccoli,42.99,387.7,Municipal Vegetable Market
2026-01-16,Trashigang,Cauliflower,39.16,334.9,Centenary Farmers Market
2026-01-16,Trongsa,Spinach,22.51,427.7,Weekend Roadside Market
2026-01-16,Trongsa,Onion,41.61,265.3,Centenary Farmers Market
2026-01-16,Trongsa,Potato,33.65,224.7,Municipal Vegetable Market
2026-01-16,Trongsa,Tomato,51.95,332.9,Municipal Vegetable Market
2026-01-16,Trongsa,Radish,18.55,92.0,Weekend Roadside Market
2026-01-16,Trongsa,Cabbage,24.57,263.9,Weekend Roadside Market
2026-01-16,Trongsa,Broccoli,71.53,92.0,Weekend Roadside Market
2026-01-16,Trongsa,Chilli (dried),211.66,295.7,Weekend Roadside Market
2026-01-16,Trongsa,Cauliflower,61.4,311.4,Weekend Roadside Market
2026-01-16,Trongsa,Chilli (fresh),119.0,137.1,Centenary Farmers Market
2026-01-16,Samtse,Cabbage,16.49,56.7,Municipal Vegetable Market
2026-01-16,Samtse,Chilli (fresh),95.45,416.9,Centenary Farmers Market
2026-01-16,Samtse,Spinach,38.69,310.7,Municipal Vegetable Market
2026-01-16,Samtse,Onion,49.33,257.2,Centenary Farmers Market
2026-01-16,Samtse,Radish,15.39,286.2,Municipal Vegetable Market
2026-01-16,Samtse,Chilli (dried),254.1,495.2,Centenary Farmers Market
2026-01-16,Sarpang,Onion,48.77,451.2,Weekend Roadside Market
2026-01-16,Sarpang,Chilli (dried),214.35,476.0,Municipal Vegetable Market
2026-01-16,Sarpang,Cauliflower,55.9,372.1,Weekend Roadside Market
2026-01-16,Sarpang,Broccoli,54.09,304.9,Municipal Vegetable Market
2026-01-16,Sarpang,Tomato,47.71,154.1,Centenary Farmers Market
2026-01-16,Sarpang,Cabbage,22.94,263.9,Municipal Vegetable Market
2026-01-16,Sarpang,Radish,23.63,473.6,Weekend Roadside Market
2026-01-16,Thimphu,Onion,50.07,101.3,Municipal Vegetable Market
2026-01-16,Thimphu,Cabbage,22.3,119.3,Weekend Roadside Market
2026-01-16,Thimphu,Broccoli,84.39,403.5,Centenary Farmers Market
2026-01-16,Thimphu,Chilli (dried),248.94,224.7,Municipal Vegetable Market
2026-01-16,Thimphu,Radish,17.44,425.5,Municipal Vegetable Market
2026-01-16,Thimphu,Potato,25.89,341.0,Municipal Vegetable Market
2026-01-16,Thimphu,Cauliflower,28.91,181.0,Municipal Vegetable Market
2026-01-16,Thimphu,Spinach,35.58,463.9,Municipal Vegetable Market
2026-01-16,Zhemgang,Radish,25.15,125.7,Centenary Farmers Market
2026-01-16,Zhemgang,Potato,37.08,115.3,Centenary Farmers Market
2026-01-16,Zhemgang,Broccoli,39.27,287.7,Centenary Farmers Market
2026-01-16,Zhemgang,Cabbage,25.15,132.7,Municipal Vegetable Market
2026-01-16,Zhemgang,Cauliflower,35.87,160.2,Municipal Vegetable Market
2026-01-16,Tsirang,Spinach,29.51,75.6,Municipal Vegetable Market
2026-01-16,Tsirang,Tomato,50.55,443.4,Municipal Vegetable Market
2026-01-16,Tsirang,Cabbage,17.39,428.5,Municipal Vegetable Market
2026-01-16,Tsirang,Broccoli,55.82,232.1,Municipal Vegetable Market
2026-01-16,Tsirang,Potato,30.58,41.9,Municipal Vegetable Market
2026-01-16,Tsirang,Chilli (dried),216.72,475.0,Weekend Roadside Market
2026-01-16,Tsirang,Chilli (fresh),116.48,202.0,Weekend Roadside Market
2026-01-16,Tsirang,Cauliflower,27.59,121.0,Weekend Roadside Market
2026-01-17,Chukha,Radish,19.46,138.7,Municipal Vegetable Market
2026-01-17,Chukha,Cabbage,23.02,440.8,Centenary Farmers Market
2026-01-17,Chukha,Cauliflower,44.5,376.5,Weekend Roadside Market
2026-01-17,Chukha,Spinach,36.16,310.7,Municipal Vegetable Market
2026-01-17,Chukha,Chilli (fresh),83.13,67.8,Weekend Roadside Market
2026-01-17,Chukha,Potato,28.62,153.7,Municipal Vegetable Market
2026-01-17,Chukha,Broccoli,45.65,208.9,Municipal Vegetable Market
2026-01-17,Chukha,Onion,49.16,390.2,Municipal Vegetable Market
2026-01-17,Chukha,Chilli (dried),247.59,488.4,Centenary Farmers Market
2026-01-17,Chukha,Tomato,59.19,213.5,Municipal Vegetable Market
2026-01-17,Mongar,  SPINACH  ,42.38,37.5,Weekend Roadside Market
2026-01-17,Mongar,Tomato,78.56,401.5,Weekend Roadside Market
2026-01-17,Mongar,Cauliflower,43.62,286.3,Weekend Roadside Market
2026-01-17,Mongar,Chilli (dried),267.53,383.3,Centenary Farmers Market
2026-01-17,Punakha,Cabbage,13.4,498.0,Weekend Roadside Market
2026-01-17,Punakha,Potato,35.87,332.1,Centenary Farmers Market
2026-01-17,Punakha,Cauliflower,56.3,310.2,Municipal Vegetable Market
2026-01-17,Punakha,Chilli (fresh),130.04,85.0,Weekend Roadside Market
2026-01-17,Punakha,Broccoli,51.71,496.8,Centenary Farmers Market
2026-01-17,Punakha,Tomato,61.3,49.3,Municipal Vegetable Market
2026-01-17,Punakha,Spinach,40.13,26.8,Centenary Farmers Market
2026-01-17,Punakha,Radish,21.28,319.8,Municipal Vegetable Market
2026-01-17,Punakha,Onion,47.36,69.4,Centenary Farmers Market
2026-01-17,Punakha,Chilli (dried),299.2,387.7,Municipal Vegetable Market
2026-01-17,Haa,Broccoli,57.39,175.2,Centenary Farmers Market
2026-01-17,Haa,Spinach,29.91,384.8,Centenary Farmers Market
2026-01-17,Haa,Chilli (fresh),92.43,270.6,Weekend Roadside Market
2026-01-17,Haa,Cabbage,18.19,153.3,Centenary Farmers Market
2026-01-17,Haa,Potato,43.05,287.8,Municipal Vegetable Market
2026-01-17,Haa,Cauliflower,60.18,186.1,Municipal Vegetable Market
2026-01-17,Haa,Tomato,83.61,105.9,Weekend Roadside Market
2026-01-17,Haa,Onion,47.03,177.7,Municipal Vegetable Market
2026-01-17,Haa,Chilli (dried),227.86,328.0,Municipal Vegetable Market
2026-01-17,Haa,Radish,26.4,415.2,Weekend Roadside Market
2026-01-17,Zhemgang,Chilli (dried),251.77,428.5,Centenary Farmers Market
2026-01-17,Zhemgang,Spinach,31.22,66.8,Weekend Roadside Market
2026-01-17,Zhemgang,Cabbage,24.75,342.6,Municipal Vegetable Market
2026-01-17,Zhemgang,Potato,37.86,26.8,Weekend Roadside Market
2026-01-17,Zhemgang,Broccoli,52.24,260.7,Weekend Roadside Market
2026-01-17,Zhemgang,  CAULIFLOWER  ,50.99,216.4,Weekend Roadside Market
2026-01-17,Zhemgang,Radish,17.73,183.9,Weekend Roadside Market
2026-01-17,Samtse,Cabbage,15.4,320.8,Centenary Farmers Market
2026-01-17,Samtse,Broccoli,52.45,367.7,Centenary Farmers Market
2026-01-17,Samtse,Chilli (dried),323.39,374.3,Municipal Vegetable Market
2026-01-17,Samtse,Onion,41.77,128.5,Centenary Farmers Market
2026-01-17,Wangdue Phodrang,Spinach,31.47,271.1,Weekend Roadside Market
2026-01-17,Wangdue Phodrang,Tomato,60.25,293.0,Weekend Roadside Market
2026-01-17,Wangdue Phodrang,Cabbage,18.42,484.9,Weekend Roadside Market
2026-01-17,Wangdue Phodrang,Chilli (fresh),113.03,244.5,Centenary Farmers Market
2026-01-17,Wangdue Phodrang,Chilli (dried),244.11,175.0,Weekend Roadside Market
2026-01-17,Wangdue Phodrang,Radish,25.05,437.3,Centenary Farmers Market
2026-01-17,Tsirang,Chilli (dried),222.26,30.4,Weekend Roadside Market
2026-01-17,Tsirang,Onion,57.19,141.2,Municipal Vegetable Market
2026-01-17,Tsirang,Tomato,42.0,132.5,Weekend Roadside Market
2026-01-17,Tsirang,Cabbage,24.32,98.7,Centenary Farmers Market
2026-01-17,Thimphu,Chilli (fresh),110.15,,Municipal Vegetable Market
2026-01-17,Thimphu,Chilli (dried),285.51,58.6,Centenary Farmers Market
2026-01-17,Thimphu,Radish,17.29,392.3,Centenary Farmers Market
2026-01-17,Thimphu,Onion,64.22,458.2,Weekend Roadside Market
2026-01-17,Thimphu,Spinach,41.48,172.8,Centenary Farmers Market
2026-01-17,Thimphu,Potato,42.8,306.5,Weekend Roadside Market
2026-01-17,Thimphu,Tomato,61.64,312.1,Centenary Farmers Market
2026-01-17,Thimphu,Cabbage,25.98,459.0,Weekend Roadside Market
2026-01-17,Trongsa,Cauliflower,40.01,205.7,Municipal Vegetable Market
2026-01-17,Trongsa,Cabbage,18.41,420.4,Municipal Vegetable Market
2026-01-17,Trongsa,Onion,57.97,407.3,Centenary Farmers Market
2026-01-17,Trongsa,Chilli (fresh),95.97,480.8,Municipal Vegetable Market
2026-01-17,Trongsa,Spinach,34.11,407.4,Municipal Vegetable Market
2026-01-17,Trongsa,Radish,29.65,73.6,Centenary Farmers Market
2026-01-17,Bumthang,Cabbage,21.3,39.1,Municipal Vegetable Market
2026-01-17,Bumthang,Chilli (dried),226.54,344.0,Centenary Farmers Market
2026-01-17,Bumthang,Potato,24.02,325.3,Weekend Roadside Market
2026-01-17,Bumthang,Radish,18.19,276.8,Centenary Farmers Market
2026-01-17,Bumthang,Onion,55.07,350.7,Centenary Farmers Market
2026-01-17,Bumthang,Tomato,81.79,39.5,Municipal Vegetable Market
2026-01-17,Bumthang,Cauliflower,54.77,203.3,Weekend Roadside Market
2026-01-17,Bumthang,Spinach,26.18,476.2,Municipal Vegetable Market
2026-01-17,Bumthang,Broccoli,92.87,400.9,Weekend Roadside Market
2026-01-18,Zhemgang,Radish,18.03,29.0,Municipal Vegetable Market
2026-01-18,Zhemgang,Potato,42.46,66.6,Centenary Farmers Market
2026-01-18,Zhemgang,Cauliflower,41.09,416.9,Weekend Roadside Market
2026-01-18,Zhemgang,Cabbage,22.52,184.6,Municipal Vegetable Market
2026-01-18,Zhemgang,Onion,56.87,354.9,Weekend Roadside Market
2026-01-18,Zhemgang,Chilli (dried),227.12,253.5,Municipal Vegetable Market
2026-01-18,Mongar,Tomato,44.68,319.6,Weekend Roadside Market
2026-01-18,Mongar,Onion,70.37,255.6,Centenary Farmers Market
2026-01-18,Mongar,Spinach,38.78,210.0,Centenary Farmers Market
2026-01-18,Mongar,Radish,18.49,372.5,Municipal Vegetable Market
2026-01-18,Mongar,Chilli (fresh),123.28,389.8,Weekend Roadside Market
2026-01-18,Mongar,Potato,38.04,277.1,Municipal Vegetable Market
2026-01-18,Thimphu,Spinach,31.66,242.7,Centenary Farmers Market
2026-01-18,Thimphu,Chilli (dried),232.69,110.7,Centenary Farmers Market
2026-01-18,Thimphu,Radish,28.82,371.4,Centenary Farmers Market
2026-01-18,Thimphu,Chilli (fresh),85.76,197.7,Weekend Roadside Market
2026-01-18,Thimphu,Broccoli,59.43,458.3,Municipal Vegetable Market
2026-01-18,Thimphu,Potato,49.27,174.9,Municipal Vegetable Market
2026-01-18,Haa,Chilli (fresh),136.89,438.6,Centenary Farmers Market
2026-01-18,Haa,Spinach,40.83,215.0,Weekend Roadside Market
2026-01-18,Haa,Broccoli,57.24,363.7,Centenary Farmers Market
2026-01-18,Haa,Cauliflower,50.49,417.3,Centenary Farmers Market
2026-01-18,Haa,Cabbage,25.44,364.0,Weekend Roadside Market
2026-01-18,Haa,Radish,18.05,383.8,Weekend Roadside Market
2026-01-18,Haa,Potato,31.66,458.2,Municipal Vegetable Market
2026-01-18,Trongsa,Spinach,24.87,233.4,Municipal Vegetable Market
2026-01-18,Trongsa,Broccoli,67.49,158.4,Centenary Farmers Market
2026-01-18,Trongsa,Chilli (fresh),90.01,292.5,Municipal Vegetable Market
2026-01-18,Trongsa,Cauliflower,55.37,90.3,Municipal Vegetable Market
2026-01-18,Sarpang,Chilli (fresh),98.65,185.2,Centenary Farmers Market
2026-01-18,Sarpang,Tomato,62.92,331.2,Weekend Roadside Market
2026-01-18,Sarpang,Chilli (dried),237.9,127.9,Centenary Farmers Market
2026-01-18,Sarpang,Radish,26.4,191.1,Municipal Vegetable Market
2026-01-18,Sarpang,Potato,43.74,398.1,Centenary Farmers Market
2026-01-18,Sarpang,Spinach,40.5,263.6,Municipal Vegetable Market
2026-01-18,Sarpang,Cauliflower,64.11,46.9,Weekend Roadside Market
2026-01-18,Sarpang,Broccoli,59.15,431.6,Centenary Farmers Market
2026-01-18,Sarpang,Cabbage,24.51,63.9,Centenary Farmers Market
2026-01-18,Sarpang,Onion,41.37,119.7,Centenary Farmers Market
2026-01-18,Wangdue Phodrang,Potato,30.38,302.9,Weekend Roadside Market
2026-01-18,Wangdue Phodrang,Onion,58.16,445.5,Weekend Roadside Market
2026-01-18,Wangdue Phodrang,Cabbage,18.57,382.2,Weekend Roadside Market
2026-01-18,Wangdue Phodrang,Spinach,30.0,329.7,Municipal Vegetable Market
2026-01-18,Wangdue Phodrang,Chilli (fresh),98.88,231.2,Centenary Farmers Market
2026-01-18,Wangdue Phodrang,Broccoli,57.37,51.5,Municipal Vegetable Market
2026-01-18,Wangdue Phodrang,Radish,20.54,414.8,Centenary Farmers Market
2026-01-18,Wangdue Phodrang,Tomato,59.22,274.6,Centenary Farmers Market
2026-01-18,Samtse,Chilli (dried),226.71,247.4,Weekend Roadside Market
2026-01-18,Samtse,Onion,67.41,431.0,Municipal Vegetable Market
2026-01-18,Samtse,Broccoli,73.84,167.8,Weekend Roadside Market
2026-01-18,Samtse,Cabbage,24.02,189.7,Centenary Farmers Market
2026-01-18,Samtse,Chilli (fresh),106.18,364.0,Municipal Vegetable Market
2026-01-18,Samtse,Cauliflower,42.19,374.7,Centenary Farmers Market
2026-01-18,Samtse,Tomato,35.11,367.0,Weekend Roadside Market
2026-01-18,Samtse,Spinach,38.23,480.7,Weekend Roadside Market
2026-01-18,Samtse,Potato,28.61,327.0,Municipal Vegetable Market
2026-01-18,Punakha,Chilli (dried),310.5,295.6,Weekend Roadside Market
2026-01-18,Punakha,Cabbage,24.54,274.9,Municipal Vegetable Market
2026-01-18,Punakha,Onion,70.07,374.7,Municipal Vegetable Market
2026-01-18,Punakha,Cauliflower,35.19,241.2,Municipal Vegetable Market
2026-01-18,Punakha,Spinach,39.65,87.3,Weekend Roadside Market
2026-01-18,Punakha,Chilli (fresh),64.39,458.2,Weekend Roadside Market
2026-01-18,Punakha,Radish,30.55,177.0,Weekend Roadside Market
2026-01-18,Lhuentse,Cabbage,27.72,380.9,Weekend Roadside Market
2026-01-18,Lhuentse,Broccoli,85.97,332.2,Centenary Farmers Market
2026-01-18,Lhuentse,Radish,26.96,475.3,Centenary Farmers Market
2026-01-18,Lhuentse,Tomato,48.12,174.7,Centenary Farmers Market
2026-01-18,Lhuentse,Spinach,27.81,339.4,Weekend Roadside Market
2026-01-18,Lhuentse,Cauliflower,42.89,91.2,Municipal Vegetable Market
2026-01-18,Lhuentse,Potato,45.41,279.2,Centenary Farmers Market
2026-01-18,Lhuentse,Chilli (dried),196.86,223.7,Municipal Vegetable Market
2026-01-18,Lhuentse,Onion,45.44,473.3,Centenary Farmers Market
2026-01-18,Paro,Chilli (fresh),95.14,485.2,Weekend Roadside Market
2026-01-18,Paro,Cauliflower,46.7,254.8,Weekend Roadside Market
2026-01-18,Paro,Potato,25.62,263.3,Municipal Vegetable Market
2026-01-18,Paro,Broccoli,49.41,212.1,Centenary Farmers Market
2026-01-18,Paro,Radish,22.8,164.3,Weekend Roadside Market
2026-01-18,Paro,Onion,61.47,151.9,Weekend Roadside Market
2026-01-18,Paro,Cabbage,15.06,268.9,Centenary Farmers Market
2026-01-18,Paro,Spinach,44.46,337.3,Municipal Vegetable Market
2026-01-18,Paro,Tomato,44.85,92.7,Weekend Roadside Market
2026-01-19,Thimphu,Potato,24.97,307.3,Weekend Roadside Market
2026-01-19,Thimphu,Spinach,24.95,51.8,Municipal Vegetable Market
2026-01-19,Thimphu,Broccoli,69.32,408.5,Centenary Farmers Market
2026-01-19,Thimphu,Onion,45.9,195.5,Weekend Roadside Market
2026-01-19,Thimphu,Cabbage,28.05,80.4,Weekend Roadside Market
2026-01-19,Thimphu,Chilli (fresh),58.48,213.8,Weekend Roadside Market
2026-01-19,Sarpang,Tomato,61.03,298.1,Centenary Farmers Market
2026-01-19,Sarpang,Onion,73.01,26.9,Weekend Roadside Market
2026-01-19,Sarpang,Spinach,28.67,252.2,Municipal Vegetable Market
2026-01-19,Sarpang,Radish,23.27,237.5,Municipal Vegetable Market
2026-01-19,Sarpang,Broccoli,85.37,181.9,Centenary Farmers Market
2026-01-19,Sarpang,Cauliflower,48.74,340.6,Municipal Vegetable Market
2026-01-19,Sarpang,Chilli (dried),205.58,280.8,Centenary Farmers Market
2026-01-19,Sarpang,Potato,33.8,439.2,Municipal Vegetable Market
2026-01-19,Sarpang,Cabbage,33.67,107.7,Weekend Roadside Market
2026-01-19,Wangdue Phodrang,Chilli (fresh),129.76,404.1,Municipal Vegetable Market
2026-01-19,Wangdue Phodrang,Onion,40.4,346.6,Weekend Roadside Market
2026-01-19,Wangdue Phodrang,Chilli (dried),255.39,472.3,Weekend Roadside Market
2026-01-19,Wangdue Phodrang,Tomato,85.68,207.1,Weekend Roadside Market
2026-01-19,Chukha,Tomato,61.86,463.1,Weekend Roadside Market
2026-01-19,Chukha,Potato,27.65,96.9,Centenary Farmers Market
2026-01-19,Chukha,Cabbage,22.07,188.2,Centenary Farmers Market
2026-01-19,Chukha,Chilli (dried),211.47,473.3,Centenary Farmers Market
2026-01-19,Chukha,Onion,51.87,269.9,Weekend Roadside Market
2026-01-19,Samtse,Spinach,45.21,365.6,Municipal Vegetable Market
2026-01-19,Samtse,Tomato,50.92,224.4,Centenary Farmers Market
2026-01-19,Samtse,Cabbage,24.2,69.5,Weekend Roadside Market
2026-01-19,Samtse,Radish,27.6,421.6,Municipal Vegetable Market
2026-01-19,Samtse,Onion,51.66,152.4,Municipal Vegetable Market
2026-01-19,Samtse,Cauliflower,35.92,26.2,Weekend Roadside Market
2026-01-19,Samtse,Chilli (fresh),112.62,69.9,Weekend Roadside Market
2026-01-19,Samtse,Potato,41.26,340.4,Centenary Farmers Market
2026-01-19,Samtse,Chilli (dried),320.68,76.4,Centenary Farmers Market
2026-01-19,Haa,Cauliflower,63.67,321.5,Municipal Vegetable Market
2026-01-19,Haa,Potato,28.89,67.4,Municipal Vegetable Market
2026-01-19,Haa,Onion,52.15,185.1,Centenary Farmers Market
2026-01-19,Haa,Spinach,38.99,388.9,Centenary Farmers Market
2026-01-19,Haa,Chilli (fresh),83.21,187.3,Centenary Farmers Market
2026-01-19,Haa,Broccoli,74.67,421.4,Centenary Farmers Market
2026-01-19,Haa,Radish,15.72,318.5,Weekend Roadside Market
2026-01-19,Zhemgang,Spinach,18.5,169.1,Weekend Roadside Market
2026-01-19,Zhemgang,Onion,54.43,353.9,Centenary Farmers Market
2026-01-19,Zhemgang,Radish,26.12,90.0,Municipal Vegetable Market
2026-01-19,Zhemgang,Cauliflower,37.64,411.0,Municipal Vegetable Market
2026-01-19,Zhemgang,Chilli (fresh),85.62,138.0,Centenary Farmers Market
2026-01-19,Zhemgang,Chilli (dried),339.66,137.8,Centenary Farmers Market
2026-01-19,Zhemgang,Cabbage,22.16,431.6,Municipal Vegetable Market
2026-01-19,Zhemgang,Potato,35.41,427.0,Weekend Roadside Market
2026-01-19,Zhemgang,Broccoli,56.16,402.5,Municipal Vegetable Market
2026-01-19,Trongsa,Onion,48.79,493.4,Centenary Farmers Market
2026-01-19,Trongsa,Radish,30.85,360.0,Weekend Roadside Market
2026-01-19,Trongsa,Broccoli,78.62,329.6,Weekend Roadside Market
2026-01-19,Trongsa,Potato,41.23,230.2,Weekend Roadside Market
2026-01-19,Trongsa,Spinach,34.6,47.6,Municipal Vegetable Market
2026-01-19,Lhuentse,Cabbage,23.73,472.5,Municipal Vegetable Market
2026-01-19,Lhuentse,Tomato,68.44,293.5,Weekend Roadside Market
2026-01-19,Lhuentse,Radish,22.53,23.3,Weekend Roadside Market
2026-01-19,Lhuentse,Onion,55.1,50.5,Municipal Vegetable Market
2026-01-19,Lhuentse,Potato,39.91,106.1,Centenary Farmers Market
2026-01-19,Lhuentse,Spinach,24.85,213.7,Weekend Roadside Market
2026-01-19,Bumthang,Spinach,41.97,108.6,Municipal Vegetable Market
2026-01-19,Bumthang,Chilli (dried),188.65,65.1,Municipal Vegetable Market
2026-01-19,Bumthang,Onion,-40.18,100.9,Weekend Roadside Market
2026-01-19,Bumthang,Cabbage,27.55,199.9,Centenary Farmers Market
2026-01-19,Bumthang,Potato,26.22,185.7,Weekend Roadside Market
2026-01-19,Bumthang,Radish,28.23,442.2,Centenary Farmers Market
2026-01-19,Bumthang,Tomato,78.25,446.4,Centenary Farmers Market
2026-01-19,Bumthang,Broccoli,53.31,268.9,Centenary Farmers Market
2026-01-19,Bumthang,Cauliflower,65.17,465.7,Weekend Roadside Market
2026-01-20,Haa,Potato,36.21,273.1,Weekend Roadside Market
2026-01-20,Haa,Spinach,33.73,85.0,Centenary Farmers Market
2026-01-20,Haa,Cabbage,20.6,255.8,Municipal Vegetable Market
2026-01-20,Haa,Cauliflower,64.62,390.0,Weekend Roadside Market
2026-01-20,Haa,Tomato,44.6,379.0,Weekend Roadside Market
2026-01-20,Haa,Broccoli,57.36,165.4,Centenary Farmers Market
2026-01-20,Wangdue Phodrang,Cauliflower,65.38,362.0,Centenary Farmers Market
2026-01-20,Wangdue Phodrang,Radish,19.84,203.1,Weekend Roadside Market
2026-01-20,Wangdue Phodrang,Chilli (dried),306.27,178.8,Centenary Farmers Market
2026-01-20,Wangdue Phodrang,Tomato,70.01,88.0,Centenary Farmers Market
2026-01-20,Wangdue Phodrang,Spinach,39.34,453.0,Municipal Vegetable Market
2026-01-20,Wangdue Phodrang,Potato,32.19,219.6,Municipal Vegetable Market
2026-01-20,Wangdue Phodrang,Cabbage,24.71,25.0,Weekend Roadside Market
2026-01-20,Wangdue Phodrang,Broccoli,65.57,326.0,Centenary Farmers Market
2026-01-20,Wangdue Phodrang,Chilli (fresh),92.68,375.2,Weekend Roadside Market
2026-01-20,Lhuentse,Tomato,89.5,476.1,Weekend Roadside Market
2026-01-20,Lhuentse,Broccoli,46.13,73.5,Centenary Farmers Market
2026-01-20,Lhuentse,Cabbage,25.0,315.4,Municipal Vegetable Market
2026-01-20,Lhuentse,Cauliflower,49.94,487.8,Centenary Farmers Market
2026-01-20,Lhuentse,Potato,31.08,140.4,Centenary Farmers Market
2026-01-20,Lhuentse,Chilli (fresh),81.8,160.1,Centenary Farmers Market
2026-01-20,Punakha,Spinach,26.87,47.2,Weekend Roadside Market
2026-01-20,Punakha,Potato,42.06,174.4,Centenary Farmers Market
2026-01-20,Punakha,Broccoli,61.38,410.6,Weekend Roadside Market
2026-01-20,Punakha,Radish,19.47,331.5,Municipal Vegetable Market
2026-01-20,Punakha,Cabbage,23.87,379.1,Weekend Roadside Market
2026-01-20,Punakha,Tomato,69.58,451.3,Municipal Vegetable Market
2026-01-20,Punakha,Chilli (dried),242.89,484.3,Municipal Vegetable Market
2026-01-20,Punakha,Chilli (fresh),111.15,240.8,Weekend Roadside Market
2026-01-20,Punakha,Cauliflower,35.03,119.9,Municipal Vegetable Market
2026-01-20,Trashigang,Cauliflower,47.14,124.1,Centenary Farmers Market
2026-01-20,Trashigang,Spinach,37.98,242.4,Municipal Vegetable Market
2026-01-20,Trashigang,Onion,54.8,237.1,Weekend Roadside Market
2026-01-20,Trashigang,Chilli (dried),319.18,469.8,Municipal Vegetable Market
2026-01-20,Trashigang,Broccoli,63.47,151.2,Weekend Roadside Market
2026-01-20,Trashigang,Chilli (fresh),115.57,92.3,Municipal Vegetable Market
2026-01-20,Trashigang,Cabbage,27.37,467.8,Weekend Roadside Market
2026-01-20,Sarpang,Cabbage,32.0,179.1,Centenary Farmers Market
2026-01-20,Sarpang,Broccoli,46.63,423.5,Municipal Vegetable Market
2026-01-20,Sarpang,Potato,32.29,104.1,Municipal Vegetable Market
2026-01-20,Sarpang,Spinach,23.19,275.5,Weekend Roadside Market
2026-01-20,Bumthang,Tomato,82.73,248.9,Centenary Farmers Market
2026-01-20,Bumthang,Chilli (fresh),97.33,234.7,Centenary Farmers Market
2026-01-20,Bumthang,Cabbage,32.42,445.5,Centenary Farmers Market
2026-01-20,Bumthang,Onion,59.62,468.8,Weekend Roadside Market
2026-01-20,Bumthang,Spinach,43.24,190.3,Municipal Vegetable Market
2026-01-20,Bumthang,Radish,19.01,112.2,Municipal Vegetable Market
2026-01-20,Bumthang,Potato,28.24,331.7,Weekend Roadside Market
2026-01-20,Bumthang,Broccoli,50.11,384.7,Municipal Vegetable Market
2026-01-20,Bumthang,Chilli (dried),340.74,25.1,Weekend Roadside Market
2026-01-20,Samtse,Cauliflower,59.83,396.4,Municipal Vegetable Market
2026-01-20,Samtse,Potato,27.45,155.2,Centenary Farmers Market
2026-01-20,Samtse,Tomato,67.74,264.2,Centenary Farmers Market
2026-01-20,Samtse,Onion,42.71,51.2,Weekend Roadside Market
2026-01-20,Samtse,Chilli (fresh),51.9,407.4,Weekend Roadside Market
2026-01-20,Samtse,Chilli (dried),328.08,178.8,Weekend Roadside Market
2026-01-20,Samtse,Spinach,26.83,59.0,Centenary Farmers Market
2026-01-20,Thimphu,Chilli (fresh),89.18,494.2,Weekend Roadside Market
2026-01-20,Thimphu,Broccoli,-76.11,232.4,Weekend Roadside Market
2026-01-20,Thimphu,Potato,28.23,486.9,Weekend Roadside Market
2026-01-20,Thimphu,Onion,70.49,129.3,Municipal Vegetable Market
2026-01-20,Thimphu,Spinach,30.56,224.7,Municipal Vegetable Market
2026-01-20,Thimphu,Radish,25.53,382.1,Centenary Farmers Market
2026-01-20,Thimphu,Chilli (dried),202.91,226.4,Weekend Roadside Market
2026-01-20,Thimphu,Tomato,66.55,302.3,Municipal Vegetable Market
2026-01-20,Thimphu,Cauliflower,50.28,173.2,Municipal Vegetable Market
2026-01-21,Haa,Spinach,48.64,398.4,Municipal Vegetable Market
2026-01-21,Haa,Broccoli,49.54,337.7,Centenary Farmers Market
2026-01-21,Haa,Chilli (dried),180.78,150.0,Centenary Farmers Market
2026-01-21,Haa,Cabbage,29.76,129.3,Municipal Vegetable Market
2026-01-21,Haa,Onion,65.3,339.6,Municipal Vegetable Market
2026-01-21,Haa,Chilli (fresh),91.93,132.9,Municipal Vegetable Market
2026-01-21,Haa,Tomato,46.62,322.6,Weekend Roadside Market
2026-01-21,Tsirang,Tomato,76.79,234.6,Municipal Vegetable Market
2026-01-21,Tsirang,Onion,75.43,324.3,Municipal Vegetable Market
2026-01-21,Tsirang,Radish,17.53,81.0,Municipal Vegetable Market
2026-01-21,Tsirang,Cauliflower,52.92,410.4,Centenary Farmers Market
2026-01-21,Tsirang,Spinach,28.8,380.1,Weekend Roadside Market
2026-01-21,Tsirang,Cabbage,32.33,369.4,Centenary Farmers Market
2026-01-21,Tsirang,  CHILLI (DRIED)  ,195.26,426.9,Centenary Farmers Market
2026-01-21,Tsirang,Chilli (fresh),91.7,289.7,Municipal Vegetable Market
2026-01-21,Zhemgang,Chilli (fresh),115.82,399.5,Municipal Vegetable Market
2026-01-21,Zhemgang,Broccoli,49.92,33.8,Weekend Roadside Market
2026-01-21,Zhemgang,Cabbage,25.62,320.4,Weekend Roadside Market
2026-01-21,Zhemgang,Chilli (dried),307.05,114.9,Weekend Roadside Market
2026-01-21,Zhemgang,Onion,60.93,436.5,Weekend Roadside Market
2026-01-21,Zhemgang,Potato,27.87,228.4,Municipal Vegetable Market
2026-01-21,Zhemgang,Spinach,19.5,291.5,Weekend Roadside Market
2026-01-21,Zhemgang,Cauliflower,51.36,464.9,Centenary Farmers Market
2026-01-21,Wangdue Phodrang,Cabbage,22.78,256.4,Weekend Roadside Market
2026-01-21,Wangdue Phodrang,Onion,61.72,62.9,Centenary Farmers Market
2026-01-21,Wangdue Phodrang,Radish,16.95,329.5,Weekend Roadside Market
2026-01-21,Wangdue Phodrang,Chilli (dried),213.09,384.1,Centenary Farmers Market
2026-01-21,Wangdue Phodrang,Potato,34.07,210.0,Weekend Roadside Market
2026-01-21,Mongar,Cauliflower,40.46,356.9,Weekend Roadside Market
2026-01-21,Mongar,Radish,18.06,23.5,Weekend Roadside Market
2026-01-21,Mongar,Cabbage,20.35,116.8,Weekend Roadside Market
2026-01-21,Mongar,Potato,34.34,236.8,Municipal Vegetable Market
2026-01-21,Mongar,Spinach,27.29,40.0,Centenary Farmers Market
2026-01-21,Mongar,Tomato,71.28,419.8,Weekend Roadside Market
2026-01-21,Mongar,Broccoli,66.37,130.3,Municipal Vegetable Market
2026-01-21,Mongar,Chilli (fresh),140.03,119.0,Weekend Roadside Market
2026-01-21,Mongar,Chilli (dried),237.72,256.0,Weekend Roadside Market
2026-01-21,Trongsa,Cabbage,26.89,474.5,Centenary Farmers Market
2026-01-21,Trongsa,Broccoli,44.5,123.3,Centenary Farmers Market
2026-01-21,Trongsa,Potato,32.01,162.8,Centenary Farmers Market
2026-01-21,Trongsa,Cauliflower,64.63,404.3,Centenary Farmers Market
2026-01-21,Trongsa,Spinach,-44.36,467.4,Centenary Farmers Market
2026-01-21,Punakha,Broccoli,50.15,34.4,Municipal Vegetable Market
2026-01-21,Punakha,Radish,16.98,335.2,Municipal Vegetable Market
2026-01-21,Punakha,  TOMATO  ,52.25,482.3,Centenary Farmers Market
2026-01-21,Punakha,Chilli (dried),301.4,421.0,Municipal Vegetable Market
2026-01-21,Punakha,Potato,42.17,157.5,Centenary Farmers Market
2026-01-21,Punakha,Spinach,25.24,198.2,Weekend Roadside Market
2026-01-21,Punakha,Chilli (fresh),94.79,198.6,Municipal Vegetable Market
2026-01-21,Punakha,Onion,70.2,215.8,Municipal Vegetable Market
2026-01-21,Punakha,Cauliflower,60.26,236.4,Weekend Roadside Market
2026-01-21,Punakha,Cabbage,25.03,320.0,Weekend Roadside Market
2026-01-21,Thimphu,Broccoli,67.27,142.3,Weekend Roadside Market
2026-01-21,Thimphu,Chilli (dried),265.53,76.1,Weekend Roadside Market
2026-01-21,Thimphu,Chilli (fresh),111.61,125.2,Municipal Vegetable Market
2026-01-21,Thimphu,  CAULIFLOWER  ,38.36,94.7,Weekend Roadside Market
2026-01-21,Thimphu,Onion,63.89,71.7,Centenary Farmers Market
2026-01-21,Thimphu,Spinach,36.59,120.4,Weekend Roadside Market
2026-01-21,Thimphu,Potato,22.71,109.1,Weekend Roadside Market
2026-01-21,Thimphu,Cabbage,20.42,213.4,Weekend Roadside Market
2026-01-21,Thimphu,Tomato,53.56,461.4,Weekend Roadside Market
2026-01-21,Thimphu,Radish,14.58,34.9,Weekend Roadside Market
2026-01-21,Lhuentse,Cabbage,22.41,59.8,Weekend Roadside Market
2026-01-21,Lhuentse,Cauliflower,39.38,309.7,Municipal Vegetable Market
2026-01-21,Lhuentse,Onion,60.06,217.1,Centenary Farmers Market
2026-01-21,Lhuentse,Spinach,20.74,53.2,Centenary Farmers Market
2026-01-21,Lhuentse,Chilli (fresh),140.18,43.4,Weekend Roadside Market
2026-01-21,Lhuentse,Potato,37.64,39.1,Weekend Roadside Market
2026-01-21,Lhuentse,Radish,23.55,253.4,Centenary Farmers Market
2026-01-21,Lhuentse,Tomato,43.06,165.1,Centenary Farmers Market
2026-01-21,Lhuentse,Broccoli,53.25,356.4,Centenary Farmers Market
2026-01-21,Lhuentse,Chilli (dried),318.42,230.3,Municipal Vegetable Market
2026-01-21,Trashigang,Onion,36.81,441.3,Weekend Roadside Market
2026-01-21,Trashigang,Radish,29.8,78.1,Centenary Farmers Market
2026-01-21,Trashigang,Cabbage,25.24,287.5,Municipal Vegetable Market
2026-01-21,Trashigang,Chilli (fresh),94.73,131.5,Centenary Farmers Market
2026-01-21,Trashigang,Cauliflower,41.28,25.8,Weekend Roadside Market
2026-01-21,Trashigang,Potato,37.97,462.0,Municipal Vegetable Market
2026-01-21,Trashigang,Chilli (dried),217.31,206.2,Weekend Roadside Market
2026-01-21,Trashigang,Spinach,40.61,89.8,Centenary Farmers Market
2026-01-21,Trashigang,Broccoli,53.55,218.5,Weekend Roadside Market
2026-01-21,Bumthang,Cauliflower,37.98,368.7,Municipal Vegetable Market
2026-01-21,Bumthang,Potato,35.5,315.1,Weekend Roadside Market
2026-01-21,Bumthang,Onion,46.05,158.1,Centenary Farmers Market
2026-01-21,Bumthang,Broccoli,54.08,89.9,Weekend Roadside Market
2026-01-21,Chukha,Onion,47.44,255.0,Municipal Vegetable Market
2026-01-21,Chukha,Tomato,78.67,439.9,Weekend Roadside Market
2026-01-21,Chukha,Broccoli,82.9,187.3,Municipal Vegetable Market
2026-01-21,Chukha,Chilli (dried),225.42,341.4,Centenary Farmers Market
2026-01-21,Chukha,Chilli (fresh),114.12,349.8,Municipal Vegetable Market
2026-01-21,Chukha,Radish,21.14,76.3,Weekend Roadside Market
2026-01-21,Chukha,Spinach,43.69,107.9,Weekend Roadside Market
2026-01-21,Chukha,Cabbage,29.1,240.4,Municipal Vegetable Market
2026-01-21,Chukha,Potato,48.49,492.3,Centenary Farmers Market
2026-01-21,Paro,Spinach,30.49,321.5,Municipal Vegetable Market
2026-01-21,Paro,Radish,14.97,193.4,Centenary Farmers Market
2026-01-21,Paro,Tomato,57.23,66.0,Weekend Roadside Market
2026-01-21,Paro,Broccoli,57.71,182.1,Weekend Roadside Market
2026-01-21,Paro,Cauliflower,37.75,380.8,Weekend Roadside Market
2026-01-21,Paro,Chilli (fresh),115.13,102.5,Municipal Vegetable Market
2026-01-21,Paro,Cabbage,17.55,489.8,Municipal Vegetable Market
2026-01-21,Samtse,Chilli (fresh),70.08,342.2,Municipal Vegetable Market
2026-01-21,Samtse,Broccoli,47.12,59.4,Weekend Roadside Market
2026-01-21,Samtse,Spinach,44.37,31.1,Municipal Vegetable Market
2026-01-21,Samtse,Tomato,79.2,29.9,Weekend Roadside Market
2026-01-21,Samtse,Cabbage,21.85,308.5,Weekend Roadside Market
2026-01-21,Samtse,Onion,44.49,151.6,Weekend Roadside Market
2026-01-21,Samtse,Cauliflower,37.8,468.9,Centenary Farmers Market
2026-01-21,Sarpang,Cauliflower,30.03,233.8,Municipal Vegetable Market
2026-01-21,Sarpang,Onion,58.6,249.7,Centenary Farmers Market
2026-01-21,Sarpang,Radish,19.9,37.4,Municipal Vegetable Market
2026-01-21,Sarpang,Chilli (fresh),116.97,353.8,Centenary Farmers Market
2026-01-22,Chukha,Chilli (fresh),121.95,477.8,Weekend Roadside Market
2026-01-22,Chukha,Cabbage,26.17,407.7,Centenary Farmers Market
2026-01-22,Chukha,Potato,32.96,276.3,Municipal Vegetable Market
2026-01-22,Chukha,Tomato,58.3,397.7,Municipal Vegetable Market
2026-01-22,Punakha,Radish,14.48,94.8,Centenary Farmers Market
2026-01-22,Punakha,Broccoli,75.47,238.4,Weekend Roadside Market
2026-01-22,Punakha,Potato,34.88,201.2,Centenary Farmers Market
2026-01-22,Punakha,Chilli (fresh),122.16,368.6,Weekend Roadside Market
2026-01-22,Samtse,Broccoli,55.05,424.1,Centenary Farmers Market
2026-01-22,Samtse,Cauliflower,38.92,115.4,Centenary Farmers Market
2026-01-22,Samtse,Tomato,61.37,384.2,Centenary Farmers Market
2026-01-22,Samtse,Spinach,18.74,230.7,Municipal Vegetable Market
2026-01-22,Samtse,Chilli (fresh),67.91,480.6,Centenary Farmers Market
2026-01-22,Samtse,Cabbage,16.83,243.2,Municipal Vegetable Market
2026-01-22,Samtse,Onion,53.52,284.8,Centenary Farmers Market
2026-01-22,Samtse,Potato,-29.1,462.6,Centenary Farmers Market
2026-01-22,Samtse,Chilli (dried),224.48,264.6,Weekend Roadside Market
2026-01-22,Samtse,Radish,25.08,318.5,Municipal Vegetable Market
2026-01-22,Lhuentse,Spinach,40.29,415.9,Municipal Vegetable Market
2026-01-22,Lhuentse,Cauliflower,33.93,459.2,Centenary Farmers Market
2026-01-22,Lhuentse,Potato,22.09,83.8,Municipal Vegetable Market
2026-01-22,Lhuentse,Onion,-45.18,142.5,Centenary Farmers Market
2026-01-22,Lhuentse,Tomato,49.34,51.7,Municipal Vegetable Market
2026-01-22,Lhuentse,Radish,17.32,409.6,Municipal Vegetable Market
2026-01-22,Lhuentse,Broccoli,77.19,288.1,Weekend Roadside Market
2026-01-22,Trashigang,Broccoli,61.02,264.2,Municipal Vegetable Market
2026-01-22,Trashigang,Radish,24.75,143.7,Centenary Farmers Market
2026-01-22,Trashigang,Tomato,86.65,93.6,Centenary Farmers Market
2026-01-22,Trashigang,Cauliflower,42.83,163.6,Centenary Farmers Market
2026-01-22,Trashigang,Spinach,20.45,446.9,Municipal Vegetable Market
2026-01-22,Trashigang,Cabbage,28.2,197.8,Municipal Vegetable Market
2026-01-22,Trashigang,Onion,70.57,214.6,Centenary Farmers Market
2026-01-22,Trashigang,Potato,26.72,200.9,Centenary Farmers Market
2026-01-22,Trashigang,  CHILLI (FRESH)  ,70.46,450.4,Weekend Roadside Market
2026-01-22,Wangdue Phodrang,Potato,43.41,356.0,Weekend Roadside Market
2026-01-22,Wangdue Phodrang,Chilli (dried),194.93,299.8,Centenary Farmers Market
2026-01-22,Wangdue Phodrang,Tomato,42.89,496.9,Centenary Farmers Market
2026-01-22,Wangdue Phodrang,Cauliflower,33.24,86.5,Municipal Vegetable Market
2026-01-22,Wangdue Phodrang,Radish,21.18,311.1,Weekend Roadside Market
2026-01-22,Mongar,Spinach,29.03,212.5,Centenary Farmers Market
2026-01-22,Mongar,Broccoli,52.8,357.6,Centenary Farmers Market
2026-01-22,Mongar,Onion,42.57,91.7,Centenary Farmers Market
2026-01-22,Mongar,Tomato,47.89,216.7,Weekend Roadside Market
2026-01-22,Mongar,Chilli (dried),236.31,449.9,Weekend Roadside Market
2026-01-22,Zhemgang,Potato,28.71,336.0,Municipal Vegetable Market
2026-01-22,Zhemgang,Broccoli,83.34,359.5,Weekend Roadside Market
2026-01-22,Zhemgang,Tomato,62.63,395.9,Municipal Vegetable Market
2026-01-22,Zhemgang,Chilli (fresh),80.14,135.2,Weekend Roadside Market
2026-01-22,Paro,Cauliflower,55.96,199.1,Centenary Farmers Market
2026-01-22,Paro,Potato,25.97,346.6,Weekend Roadside Market
2026-01-22,Paro,Radish,22.47,464.8,Centenary Farmers Market
2026-01-22,Paro,Onion,57.18,282.6,Weekend Roadside Market
2026-01-22,Paro,Chilli (dried),187.4,483.2,Centenary Farmers Market
2026-01-22,Sarpang,Broccoli,59.61,38.6,Centenary Farmers Market
2026-01-22,Sarpang,Chilli (fresh),55.44,,Municipal Vegetable Market
2026-01-22,Sarpang,Onion,46.13,276.9,Weekend Roadside Market
2026-01-22,Sarpang,Cauliflower,56.14,398.2,Weekend Roadside Market
2026-01-22,Sarpang,Tomato,65.39,394.2,Centenary Farmers Market
2026-01-22,Sarpang,Cabbage,18.49,26.8,Municipal Vegetable Market
2026-01-22,Sarpang,Radish,13.57,379.7,Municipal Vegetable Market
2026-01-22,Sarpang,Spinach,23.52,370.0,Municipal Vegetable Market
2026-01-23,Paro,Spinach,25.37,104.7,Centenary Farmers Market
2026-01-23,Paro,Onion,73.57,400.8,Centenary Farmers Market
2026-01-23,Paro,Cabbage,24.13,113.2,Weekend Roadside Market
2026-01-23,Paro,Tomato,67.51,266.0,Municipal Vegetable Market
2026-01-23,Paro,Cauliflower,57.16,52.1,Weekend Roadside Market
2026-01-23,Paro,Chilli (fresh),107.64,205.9,Weekend Roadside Market
2026-01-23,Paro,Potato,29.37,28.2,Weekend Roadside Market
2026-01-23,Paro,Broccoli,89.56,433.8,Centenary Farmers Market
2026-01-23,Paro,Chilli (dried),295.26,247.2,Weekend Roadside Market
2026-01-23,Paro,Radish,19.88,420.9,Municipal Vegetable Market
2026-01-23,Punakha,Cabbage,26.25,144.0,Municipal Vegetable Market
2026-01-23,Punakha,Potato,50.99,194.6,Municipal Vegetable Market
2026-01-23,Punakha,Tomato,84.37,361.7,Centenary Farmers Market
2026-01-23,Punakha,Onion,44.7,146.8,Municipal Vegetable Market
2026-01-23,Lhuentse,Cabbage,23.77,351.4,Municipal Vegetable Market
2026-01-23,Lhuentse,Chilli (fresh),104.22,169.7,Municipal Vegetable Market
2026-01-23,Lhuentse,Potato,24.36,473.5,Centenary Farmers Market
2026-01-23,Lhuentse,Chilli (dried),233.46,146.9,Weekend Roadside Market
2026-01-23,Lhuentse,Cauliflower,36.24,460.7,Weekend Roadside Market
2026-01-23,Lhuentse,  TOMATO  ,49.95,101.3,Weekend Roadside Market
2026-01-23,Lhuentse,Spinach,30.83,401.4,Centenary Farmers Market
2026-01-23,Lhuentse,Onion,56.44,416.0,Municipal Vegetable Market
2026-01-23,Thimphu,Tomato,58.08,75.0,Weekend Roadside Market
2026-01-23,Thimphu,Broccoli,54.59,77.6,Weekend Roadside Market
2026-01-23,Thimphu,Chilli (fresh),69.12,54.7,Municipal Vegetable Market
2026-01-23,Thimphu,Radish,-23.49,364.3,Weekend Roadside Market
2026-01-23,Thimphu,Potato,29.76,397.1,Municipal Vegetable Market
2026-01-23,Thimphu,Spinach,36.38,116.7,Weekend Roadside Market
2026-01-23,Thimphu,Chilli (dried),309.84,136.5,Municipal Vegetable Market
2026-01-23,Thimphu,Cauliflower,38.59,395.1,Centenary Farmers Market
2026-01-23,Wangdue Phodrang,Tomato,48.35,247.2,Weekend Roadside Market
2026-01-23,Wangdue Phodrang,Chilli (dried),192.44,434.6,Municipal Vegetable Market
2026-01-23,Wangdue Phodrang,Broccoli,55.65,394.9,Weekend Roadside Market
2026-01-23,Wangdue Phodrang,Radish,24.44,72.7,Weekend Roadside Market
2026-01-23,Mongar,Radish,27.5,340.9,Weekend Roadside Market
2026-01-23,Mongar,Tomato,88.98,489.2,Centenary Farmers Market
2026-01-23,Mongar,Cauliflower,51.81,183.8,Municipal Vegetable Market
2026-01-23,Mongar,Potato,37.28,406.2,Weekend Roadside Market
2026-01-23,Mongar,Spinach,35.71,66.1,Municipal Vegetable Market
2026-01-23,Mongar,Broccoli,75.91,384.3,Weekend Roadside Market
2026-01-23,Mongar,Onion,35.35,291.3,Centenary Farmers Market
2026-01-23,Mongar,Chilli (fresh),106.82,54.8,Weekend Roadside Market
2026-01-23,Mongar,Cabbage,16.74,198.0,Centenary Farmers Market
2026-01-23,Mongar,Chilli (dried),332.46,447.1,Centenary Farmers Market
2026-01-23,Chukha,Tomato,57.09,100.2,Weekend Roadside Market
2026-01-23,Chukha,Radish,30.37,446.0,Centenary Farmers Market
2026-01-23,Chukha,Chilli (fresh),80.42,187.5,Municipal Vegetable Market
2026-01-23,Chukha,Potato,45.51,294.4,Weekend Roadside Market
2026-01-23,Trashigang,Potato,25.83,317.0,Centenary Farmers Market
2026-01-23,Trashigang,Chilli (dried),298.34,163.8,Weekend Roadside Market
2026-01-23,Trashigang,Chilli (fresh),70.07,102.3,Centenary Farmers Market
2026-01-23,Trashigang,Cauliflower,35.89,121.7,Centenary Farmers Market
2026-01-23,Trashigang,Cabbage,18.61,362.6,Weekend Roadside Market
2026-01-23,Trashigang,Onion,70.63,178.4,Municipal Vegetable Market
2026-01-23,Trashigang,Tomato,75.21,223.9,Weekend Roadside Market
2026-01-23,Trashigang,Spinach,39.65,403.2,Centenary Farmers Market
2026-01-23,Trashigang,Radish,18.46,299.1,Weekend Roadside Market
2026-01-23,Zhemgang,Cabbage,23.04,131.3,Centenary Farmers Market
2026-01-23,Zhemgang,Radish,19.25,278.7,Centenary Farmers Market
2026-01-23,Zhemgang,Spinach,25.21,105.6,Municipal Vegetable Market
2026-01-23,Zhemgang,Chilli (fresh),130.55,62.9,Centenary Farmers Market
2026-01-23,Zhemgang,Onion,60.42,174.5,Centenary Farmers Market
2026-01-23,Zhemgang,Tomato,31.43,33.1,Weekend Roadside Market
2026-01-23,Zhemgang,Broccoli,43.49,376.3,Weekend Roadside Market
2026-01-23,Zhemgang,Potato,38.75,396.2,Weekend Roadside Market
2026-01-24,Zhemgang,Tomato,47.49,158.7,Weekend Roadside Market
2026-01-24,Zhemgang,Broccoli,-64.65,41.2,Centenary Farmers Market
2026-01-24,Zhemgang,Chilli (dried),217.49,193.5,Weekend Roadside Market
2026-01-24,Zhemgang,Potato,26.74,402.9,Weekend Roadside Market
2026-01-24,Zhemgang,Radish,21.67,396.9,Municipal Vegetable Market
2026-01-24,Zhemgang,Cabbage,21.43,135.4,Weekend Roadside Market
2026-01-24,Zhemgang,Chilli (fresh),105.11,319.7,Weekend Roadside Market
2026-01-24,Zhemgang,Onion,38.0,405.0,Centenary Farmers Market
2026-01-24,Zhemgang,Spinach,47.52,374.5,Municipal Vegetable Market
2026-01-24,Zhemgang,Cauliflower,40.08,259.3,Centenary Farmers Market
2026-01-24,Punakha,Cabbage,22.12,368.5,Weekend Roadside Market
2026-01-24,Punakha,Cauliflower,37.9,136.5,Municipal Vegetable Market
2026-01-24,Punakha,Tomato,79.79,70.0,Municipal Vegetable Market
2026-01-24,Punakha,Broccoli,64.86,207.1,Municipal Vegetable Market
2026-01-24,Punakha,Radish,23.88,398.6,Weekend Roadside Market
2026-01-24,Punakha,Potato,35.13,457.5,Centenary Farmers Market
2026-01-24,Punakha,Onion,70.71,266.2,Weekend Roadside Market
2026-01-24,Punakha,Chilli (dried),271.16,286.9,Weekend Roadside Market
2026-01-24,Haa,Chilli (dried),299.07,118.2,Centenary Farmers Market
2026-01-24,Haa,Spinach,37.75,171.2,Weekend Roadside Market
2026-01-24,Haa,Potato,36.06,361.4,Municipal Vegetable Market
2026-01-24,Haa,Onion,58.13,115.3,Weekend Roadside Market
2026-01-24,Haa,Cauliflower,35.51,499.7,Centenary Farmers Market
2026-01-24,Haa,Broccoli,93.69,313.7,Weekend Roadside Market
2026-01-24,Haa,Radish,18.48,432.0,Weekend Roadside Market
2026-01-24,Haa,Cabbage,26.17,32.8,Centenary Farmers Market
2026-01-24,Haa,Chilli (fresh),114.51,271.5,Centenary Farmers Market
2026-01-24,Mongar,Spinach,30.77,186.0,Centenary Farmers Market
2026-01-24,Mongar,Tomato,86.36,296.0,Centenary Farmers Market
2026-01-24,Mongar,Radish,23.36,301.5,Municipal Vegetable Market
2026-01-24,Mongar,Cauliflower,37.58,91.0,Centenary Farmers Market
2026-01-24,Mongar,Broccoli,55.03,353.8,Weekend Roadside Market
2026-01-24,Mongar,Potato,43.89,322.6,Municipal Vegetable Market
2026-01-24,Mongar,Chilli (fresh),147.34,269.3,Centenary Farmers Market
2026-01-24,Mongar,Onion,34.97,112.6,Centenary Farmers Market
2026-01-24,Mongar,Chilli (dried),266.32,438.2,Centenary Farmers Market
2026-01-24,Samtse,Chilli (fresh),125.73,108.0,Weekend Roadside Market
2026-01-24,Samtse,Cabbage,27.59,88.4,Centenary Farmers Market
2026-01-24,Samtse,Chilli (dried),-278.55,165.9,Weekend Roadside Market
2026-01-24,Samtse,Cauliflower,33.66,248.9,Weekend Roadside Market
2026-01-24,Samtse,Radish,18.54,329.7,Weekend Roadside Market
2026-01-24,Samtse,Spinach,33.11,310.7,Centenary Farmers Market
2026-01-24,Samtse,Tomato,36.13,295.6,Centenary Farmers Market
2026-01-24,Samtse,Onion,62.35,307.0,Weekend Roadside Market
2026-01-24,Samtse,Potato,35.1,394.6,Municipal Vegetable Market
2026-01-24,Paro,Spinach,24.14,161.3,Weekend Roadside Market
2026-01-24,Paro,Cabbage,31.64,447.5,Centenary Farmers Market
2026-01-24,Paro,Tomato,45.68,485.2,Municipal Vegetable Market
2026-01-24,Paro,Radish,19.78,287.8,Centenary Farmers Market
2026-01-24,Paro,Broccoli,72.08,232.2,Weekend Roadside Market
2026-01-24,Paro,Chilli (dried),218.72,176.4,Weekend Roadside Market
2026-01-24,Paro,Chilli (fresh),121.26,450.6,Centenary Farmers Market
2026-01-24,Paro,Onion,76.15,445.9,Centenary Farmers Market
2026-01-24,Paro,Potato,28.93,406.2,Centenary Farmers Market
2026-01-24,Tsirang,Cauliflower,39.96,215.3,Centenary Farmers Market
2026-01-24,Tsirang,Tomato,69.9,418.7,Centenary Farmers Market
2026-01-24,Tsirang,Cabbage,22.6,77.7,Centenary Farmers Market
2026-01-24,Tsirang,Broccoli,74.12,427.9,Municipal Vegetable Market
2026-01-24,Tsirang,Radish,27.29,127.4,Centenary Farmers Market
2026-01-24,Chukha,Cabbage,16.94,410.9,Municipal Vegetable Market
2026-01-24,Chukha,Potato,42.26,46.9,Weekend Roadside Market
2026-01-24,Chukha,Broccoli,75.06,237.5,Centenary Farmers Market
2026-01-24,Chukha,Cauliflower,60.98,320.9,Centenary Farmers Market
2026-01-24,Chukha,Chilli (fresh),61.26,232.5,Municipal Vegetable Market
2026-01-24,Chukha,Tomato,89.37,386.2,Municipal Vegetable Market
2026-01-24,Chukha,Spinach,29.74,438.8,Weekend Roadside Market
2026-01-25,Punakha,Radish,14.38,467.1,Municipal Vegetable Market
2026-01-25,Punakha,Tomato,77.54,281.4,Centenary Farmers Market
2026-01-25,Punakha,Cabbage,-30.14,57.7,Centenary Farmers Market
2026-01-25,Punakha,Spinach,26.05,341.4,Centenary Farmers Market
2026-01-25,Punakha,Cauliflower,37.45,234.8,Weekend Roadside Market
2026-01-25,Punakha,Onion,55.64,297.8,Centenary Farmers Market
2026-01-25,Punakha,Chilli (fresh),121.08,152.2,Centenary Farmers Market
2026-01-25,Punakha,Potato,26.79,72.0,Centenary Farmers Market
2026-01-25,Trongsa,Chilli (dried),230.77,321.6,Municipal Vegetable Market
2026-01-25,Trongsa,Broccoli,71.55,255.8,Weekend Roadside Market
2026-01-25,Trongsa,Cabbage,25.74,414.8,Centenary Farmers Market
2026-01-25,Trongsa,Potato,36.53,34.0,Centenary Farmers Market
2026-01-25,Trongsa,Spinach,34.29,281.4,Weekend Roadside Market
2026-01-25,Trongsa,Cauliflower,46.23,213.3,Municipal Vegetable Market
2026-01-25,Trongsa,Chilli (fresh),78.02,195.2,Centenary Farmers Market
2026-01-25,Trongsa,Radish,15.8,187.7,Weekend Roadside Market
2026-01-25,Zhemgang,Onion,62.4,389.6,Centenary Farmers Market
2026-01-25,Zhemgang,Potato,32.53,305.2,Centenary Farmers Market
2026-01-25,Zhemgang,Broccoli,56.42,280.1,Weekend Roadside Market
2026-01-25,Zhemgang,Tomato,94.52,403.2,Weekend Roadside Market
2026-01-25,Zhemgang,Chilli (fresh),100.88,364.0,Municipal Vegetable Market
2026-01-25,Zhemgang,Radish,25.18,373.0,Weekend Roadside Market
2026-01-25,Zhemgang,Chilli (dried),237.19,263.6,Centenary Farmers Market
2026-01-25,Zhemgang,Cabbage,19.78,212.8,Municipal Vegetable Market
2026-01-25,Zhemgang,Cauliflower,40.24,237.0,Municipal Vegetable Market
2026-01-25,Trashigang,Spinach,34.02,420.4,Municipal Vegetable Market
2026-01-25,Trashigang,Broccoli,-48.53,172.8,Weekend Roadside Market
2026-01-25,Trashigang,Radish,24.3,353.8,Centenary Farmers Market
2026-01-25,Trashigang,Chilli (fresh),97.44,179.3,Municipal Vegetable Market
2026-01-25,Trashigang,Tomato,51.01,393.6,Municipal Vegetable Market
2026-01-25,Trashigang,Cabbage,22.58,209.2,Centenary Farmers Market
2026-01-25,Trashigang,Cauliflower,51.12,83.9,Weekend Roadside Market
2026-01-25,Trashigang,Chilli (dried),271.55,471.5,Weekend Roadside Market
2026-01-25,Trashigang,Onion,45.15,58.2,Weekend Roadside Market
2026-01-25,Paro,Spinach,38.23,274.3,Weekend Roadside Market
2026-01-25,Paro,Chilli (dried),255.13,207.8,Municipal Vegetable Market
2026-01-25,Paro,Onion,77.95,288.2,Centenary Farmers Market
2026-01-25,Paro,Chilli (fresh),77.05,23.6,Municipal Vegetable Market
2026-01-25,Paro,Cabbage,23.21,464.6,Centenary Farmers Market
2026-01-25,Paro,Tomato,50.54,180.1,Centenary Farmers Market
2026-01-25,Paro,Broccoli,50.32,176.1,Municipal Vegetable Market
2026-01-25,Paro,Cauliflower,32.92,317.3,Centenary Farmers Market
2026-01-25,Paro,Potato,32.7,224.6,Municipal Vegetable Market
2026-01-25,Chukha,Chilli (dried),301.98,78.6,Weekend Roadside Market
2026-01-25,Chukha,Cabbage,29.65,23.2,Municipal Vegetable Market
2026-01-25,Chukha,Tomato,78.37,98.1,Centenary Farmers Market
2026-01-25,Chukha,Cauliflower,51.93,478.7,Weekend Roadside Market
2026-01-25,Chukha,Potato,31.8,100.4,Municipal Vegetable Market
2026-01-25,Chukha,Onion,62.38,323.4,Weekend Roadside Market
2026-01-25,Chukha,Broccoli,61.37,314.6,Centenary Farmers Market
2026-01-25,Chukha,  SPINACH  ,20.09,352.7,Municipal Vegetable Market
2026-01-25,Chukha,Radish,13.91,167.3,Weekend Roadside Market
2026-01-25,Chukha,Chilli (fresh),121.55,441.1,Centenary Farmers Market
2026-01-25,Thimphu,Onion,57.88,224.3,Weekend Roadside Market
2026-01-25,Thimphu,Broccoli,79.63,203.9,Weekend Roadside Market
2026-01-25,Thimphu,Spinach,46.59,469.6,Municipal Vegetable Market
2026-01-25,Thimphu,Potato,45.88,91.9,Centenary Farmers Market
2026-01-25,Samtse,Chilli (dried),256.89,50.2,Centenary Farmers Market
2026-01-25,Samtse,Onion,-61.0,48.3,Weekend Roadside Market
2026-01-25,Samtse,Tomato,44.39,364.4,Municipal Vegetable Market
2026-01-25,Samtse,Cabbage,22.36,339.3,Centenary Farmers Market
2026-01-25,Samtse,Potato,33.74,194.3,Weekend Roadside Market
2026-01-25,Samtse,Spinach,29.47,88.4,Centenary Farmers Market
2026-01-25,Samtse,Cauliflower,48.84,285.8,Weekend Roadside Market
2026-01-25,Samtse,Radish,27.7,329.8,Centenary Farmers Market
2026-01-25,Samtse,Broccoli,81.73,464.4,Weekend Roadside Market
2026-01-26,Haa,Cabbage,15.18,285.5,Centenary Farmers Market
2026-01-26,Haa,Cauliflower,47.16,297.3,Weekend Roadside Market
2026-01-26,Haa,Onion,52.36,329.4,Weekend Roadside Market
2026-01-26,Haa,Spinach,27.56,29.4,Municipal Vegetable Market
2026-01-26,Haa,Tomato,80.21,368.0,Centenary Farmers Market
2026-01-26,Punakha,Spinach,19.76,452.5,Municipal Vegetable Market
2026-01-26,Punakha,Potato,31.11,412.4,Centenary Farmers Market
2026-01-26,Punakha,Chilli (dried),191.5,409.9,Centenary Farmers Market
2026-01-26,Punakha,Tomato,64.92,110.5,Centenary Farmers Market
2026-01-26,Punakha,Cabbage,27.28,444.7,Weekend Roadside Market
2026-01-26,Punakha,Chilli (fresh),121.34,366.6,Municipal Vegetable Market
2026-01-26,Punakha,Radish,24.75,403.4,Centenary Farmers Market
2026-01-26,Punakha,Cauliflower,60.19,411.0,Weekend Roadside Market
2026-01-26,Trashigang,Chilli (dried),175.51,153.0,Weekend Roadside Market
2026-01-26,Trashigang,Chilli (fresh),135.99,496.2,Centenary Farmers Market
2026-01-26,Trashigang,Cabbage,26.37,43.2,Centenary Farmers Market
2026-01-26,Trashigang,Potato,47.72,480.9,Municipal Vegetable Market
2026-01-26,Trashigang,Spinach,37.74,62.8,Centenary Farmers Market
2026-01-26,Trashigang,Tomato,38.62,35.3,Centenary Farmers Market
2026-01-26,Trashigang,Onion,70.94,115.0,Weekend Roadside Market
2026-01-26,Trashigang,Broccoli,50.81,120.0,Centenary Farmers Market
2026-01-26,Trashigang,Radish,27.67,69.7,Municipal Vegetable Market
2026-01-26,Trashigang,Cauliflower,45.28,271.9,Municipal Vegetable Market
2026-01-26,Mongar,Chilli (dried),305.76,356.3,Municipal Vegetable Market
2026-01-26,Mongar,Tomato,85.82,373.3,Centenary Farmers Market
2026-01-26,Mongar,Cauliflower,42.54,353.4,Municipal Vegetable Market
2026-01-26,Mongar,Cabbage,19.46,111.6,Municipal Vegetable Market
2026-01-26,Mongar,Potato,35.79,426.2,Municipal Vegetable Market
2026-01-26,Trongsa,Chilli (dried),204.0,250.1,Weekend Roadside Market
2026-01-26,Trongsa,Spinach,22.95,482.7,Municipal Vegetable Market
2026-01-26,Trongsa,Potato,30.58,274.9,Centenary Farmers Market
2026-01-26,Trongsa,Chilli (fresh),133.21,328.2,Centenary Farmers Market
2026-01-26,Bumthang,Cabbage,29.92,388.8,Municipal Vegetable Market
2026-01-26,Bumthang,Potato,25.85,345.0,Municipal Vegetable Market
2026-01-26,Bumthang,Onion,47.09,,Municipal Vegetable Market
2026-01-26,Bumthang,Chilli (fresh),57.34,396.1,Centenary Farmers Market
2026-01-26,Wangdue Phodrang,Cauliflower,36.85,26.3,Centenary Farmers Market
2026-01-26,Wangdue Phodrang,Radish,14.54,365.5,Municipal Vegetable Market
2026-01-26,Wangdue Phodrang,Chilli (fresh),62.5,138.3,Municipal Vegetable Market
2026-01-26,Wangdue Phodrang,Potato,38.63,485.6,Municipal Vegetable Market
2026-01-26,Wangdue Phodrang,Spinach,20.77,28.4,Municipal Vegetable Market
2026-01-26,Wangdue Phodrang,Onion,49.53,226.2,Municipal Vegetable Market
2026-01-26,Wangdue Phodrang,Chilli (dried),260.72,405.8,Centenary Farmers Market
2026-01-26,Wangdue Phodrang,Broccoli,93.0,422.4,Municipal Vegetable Market
2026-01-26,Wangdue Phodrang,Cabbage,14.72,86.3,Municipal Vegetable Market
2026-01-26,Wangdue Phodrang,Tomato,50.88,483.2,Weekend Roadside Market
2026-01-26,Samtse,Spinach,36.9,379.5,Municipal Vegetable Market
2026-01-26,Samtse,  BROCCOLI  ,50.79,383.5,Weekend Roadside Market
2026-01-26,Samtse,Radish,20.96,51.6,Centenary Farmers Market
2026-01-26,Samtse,Potato,38.66,418.5,Municipal Vegetable Market
2026-01-27,Bumthang,Chilli (dried),311.95,294.1,Centenary Farmers Market
2026-01-27,Bumthang,Chilli (fresh),79.95,484.2,Weekend Roadside Market
2026-01-27,Bumthang,Spinach,23.61,407.4,Centenary Farmers Market
2026-01-27,Bumthang,Broccoli,71.34,337.0,Centenary Farmers Market
2026-01-27,Wangdue Phodrang,Chilli (dried),303.67,65.6,Weekend Roadside Market
2026-01-27,Wangdue Phodrang,Cabbage,27.17,294.3,Weekend Roadside Market
2026-01-27,Wangdue Phodrang,Radish,29.9,60.1,Municipal Vegetable Market
2026-01-27,Wangdue Phodrang,Chilli (fresh),125.42,465.3,Weekend Roadside Market
2026-01-27,Wangdue Phodrang,Potato,34.84,144.8,Weekend Roadside Market
2026-01-27,Wangdue Phodrang,Spinach,40.19,266.3,Centenary Farmers Market
2026-01-27,Wangdue Phodrang,Onion,45.34,102.8,Centenary Farmers Market
2026-01-27,Wangdue Phodrang,Broccoli,56.14,424.4,Centenary Farmers Market
2026-01-27,Lhuentse,Cabbage,25.38,99.4,Weekend Roadside Market
2026-01-27,Lhuentse,Chilli (dried),272.55,472.8,Weekend Roadside Market
2026-01-27,Lhuentse,Spinach,27.39,130.1,Centenary Farmers Market
2026-01-27,Lhuentse,Onion,50.41,41.1,Weekend Roadside Market
2026-01-27,Paro,Radish,18.09,444.7,Municipal Vegetable Market
2026-01-27,Paro,Broccoli,55.8,147.1,Weekend Roadside Market
2026-01-27,Paro,Chilli (fresh),70.92,93.4,Municipal Vegetable Market
2026-01-27,Paro,  CHILLI (DRIED)  ,247.71,416.2,Municipal Vegetable Market
2026-01-27,Paro,Onion,78.56,393.8,Municipal Vegetable Market
2026-01-27,Paro,Spinach,39.39,86.0,Municipal Vegetable Market
2026-01-27,Paro,Cauliflower,47.22,52.7,Centenary Farmers Market
2026-01-27,Paro,Potato,32.19,301.5,Weekend Roadside Market
2026-01-27,Paro,Cabbage,22.12,414.0,Centenary Farmers Market
2026-01-27,Paro,Tomato,83.41,184.0,Centenary Farmers Market
2026-01-27,Trashigang,Cauliflower,46.39,380.2,Municipal Vegetable Market
2026-01-27,Trashigang,Onion,42.58,112.8,Municipal Vegetable Market
2026-01-27,Trashigang,Potato,41.53,375.4,Weekend Roadside Market
2026-01-27,Trashigang,Cabbage,24.44,282.4,Centenary Farmers Market
2026-01-27,Sarpang,Cauliflower,59.08,318.8,Municipal Vegetable Market
2026-01-27,Sarpang,Spinach,35.82,406.3,Centenary Farmers Market
2026-01-27,Sarpang,Chilli (dried),242.42,263.2,Weekend Roadside Market
2026-01-27,Sarpang,Potato,29.53,170.5,Weekend Roadside Market
2026-01-27,Sarpang,Radish,20.6,425.5,Municipal Vegetable Market
2026-01-27,Sarpang,Broccoli,69.56,74.4,Municipal Vegetable Market
2026-01-27,Sarpang,Chilli (fresh),128.04,390.2,Municipal Vegetable Market
2026-01-27,Sarpang,Cabbage,22.76,267.0,Municipal Vegetable Market
2026-01-27,Sarpang,Onion,34.49,334.9,Weekend Roadside Market
2026-01-27,Sarpang,Tomato,60.47,160.8,Municipal Vegetable Market
2026-01-27,Trongsa,Radish,18.75,467.1,Municipal Vegetable Market
2026-01-27,Trongsa,Cauliflower,44.93,294.2,Municipal Vegetable Market
2026-01-27,Trongsa,Broccoli,67.38,224.1,Centenary Farmers Market
2026-01-27,Trongsa,Chilli (fresh),141.12,430.1,Centenary Farmers Market
2026-01-27,Trongsa,Spinach,23.61,309.8,Municipal Vegetable Market
2026-01-27,Trongsa,Potato,34.58,109.6,Centenary Farmers Market
2026-01-27,Trongsa,Chilli (dried),277.16,249.6,Weekend Roadside Market
2026-01-27,Trongsa,Cabbage,23.4,69.8,Centenary Farmers Market
2026-01-27,Trongsa,Onion,74.43,411.3,Municipal Vegetable Market
2026-01-27,Zhemgang,Potato,34.66,210.1,Weekend Roadside Market
2026-01-27,Zhemgang,Radish,16.4,443.6,Municipal Vegetable Market
2026-01-27,Zhemgang,Broccoli,75.83,497.2,Municipal Vegetable Market
2026-01-27,Zhemgang,Spinach,27.38,73.2,Centenary Farmers Market
2026-01-27,Samtse,Spinach,38.66,325.1,Municipal Vegetable Market
2026-01-27,Samtse,Onion,46.1,353.5,Centenary Farmers Market
2026-01-27,Samtse,Chilli (fresh),136.42,42.6,Weekend Roadside Market
2026-01-27,Samtse,Broccoli,55.85,375.1,Centenary Farmers Market
2026-01-27,Samtse,Chilli (dried),234.1,492.7,Municipal Vegetable Market
2026-01-27,Samtse,Tomato,93.59,318.0,Centenary Farmers Market
2026-01-27,Samtse,Cauliflower,37.97,329.6,Weekend Roadside Market
2026-01-27,Samtse,Radish,26.71,202.2,Centenary Farmers Market
2026-01-27,Samtse,Potato,25.58,404.6,Centenary Farmers Market
2026-01-27,Samtse,Cabbage,14.82,325.0,Centenary Farmers Market
2026-01-27,Mongar,Radish,17.74,166.7,Centenary Farmers Market
2026-01-27,Mongar,Broccoli,74.94,363.3,Municipal Vegetable Market
2026-01-27,Mongar,Chilli (dried),185.11,494.7,Municipal Vegetable Market
2026-01-27,Mongar,Spinach,25.96,416.4,Centenary Farmers Market
2026-01-27,Mongar,Tomato,63.32,236.2,Weekend Roadside Market
2026-01-27,Mongar,Cabbage,30.6,173.8,Weekend Roadside Market
2026-01-27,Haa,Radish,23.67,444.7,Weekend Roadside Market
2026-01-27,Haa,Tomato,65.21,422.0,Centenary Farmers Market
2026-01-27,Haa,Cauliflower,35.56,63.0,Weekend Roadside Market
2026-01-27,Haa,Spinach,34.08,83.5,Centenary Farmers Market
2026-01-27,Haa,Broccoli,47.42,292.6,Centenary Farmers Market
2026-01-27,Haa,Onion,48.53,461.6,Centenary Farmers Market
2026-01-27,Haa,Chilli (fresh),101.81,43.7,Weekend Roadside Market
2026-01-27,Haa,Chilli (dried),164.87,108.9,Centenary Farmers Market
2026-01-27,Punakha,Spinach,33.57,282.9,Municipal Vegetable Market
2026-01-27,Punakha,Cauliflower,34.0,450.9,Municipal Vegetable Market
2026-01-27,Punakha,Radish,16.16,42.7,Municipal Vegetable Market
2026-01-27,Punakha,Potato,32.1,171.1,Municipal Vegetable Market
2026-01-27,Punakha,Broccoli,65.91,115.3,Centenary Farmers Market
2026-01-27,Punakha,Onion,43.92,153.9,Municipal Vegetable Market
2026-01-27,Punakha,Chilli (fresh),56.46,350.7,Municipal Vegetable Market
2026-01-27,Thimphu,Cabbage,17.07,,Centenary Farmers Market
2026-01-27,Thimphu,Broccoli,56.2,412.6,Weekend Roadside Market
2026-01-27,Thimphu,Potato,35.82,289.6,Centenary Farmers Market
2026-01-27,Thimphu,Onion,44.68,292.4,Weekend Roadside Market
2026-01-27,Thimphu,Chilli (fresh),56.35,228.1,Weekend Roadside Market
2026-01-27,Thimphu,Chilli (dried),267.96,327.6,Weekend Roadside Market
2026-01-27,Tsirang,Chilli (dried),261.86,305.5,Centenary Farmers Market
2026-01-27,Tsirang,Onion,69.99,238.2,Weekend Roadside Market
2026-01-27,Tsirang,Spinach,27.76,57.8,Centenary Farmers Market
2026-01-27,Tsirang,Cauliflower,65.71,396.3,Municipal Vegetable Market
2026-01-27,Tsirang,Potato,33.77,358.9,Weekend Roadside Market
2026-01-27,Tsirang,Tomato,39.4,280.1,Weekend Roadside Market
2026-01-27,Tsirang,Chilli (fresh),121.55,229.2,Centenary Farmers Market
2026-01-27,Chukha,Broccoli,71.98,285.7,Weekend Roadside Market
2026-01-27,Chukha,Cabbage,21.44,80.7,Weekend Roadside Market
2026-01-27,Chukha,Spinach,43.33,28.7,Weekend Roadside Market
2026-01-27,Chukha,Potato,37.23,152.1,Centenary Farmers Market
2026-01-27,Chukha,Onion,64.84,105.3,Centenary Farmers Market
2026-01-27,Chukha,Chilli (dried),283.91,48.0,Municipal Vegetable Market
2026-01-27,Chukha,Tomato,47.6,364.2,Centenary Farmers Market
2026-01-27,Chukha,Radish,-27.59,467.0,Municipal Vegetable Market
2026-01-28,Paro,Cabbage,32.38,231.5,Weekend Roadside Market
2026-01-28,Paro,Broccoli,79.56,346.6,Centenary Farmers Market
2026-01-28,Paro,Onion,61.0,262.0,Municipal Vegetable Market
2026-01-28,Paro,Radish,22.79,292.4,Municipal Vegetable Market
2026-01-28,Paro,Chilli (fresh),122.6,305.7,Municipal Vegetable Market
2026-01-28,Paro,Potato,45.12,400.7,Weekend Roadside Market
2026-01-28,Paro,Tomato,52.7,122.3,Weekend Roadside Market
2026-01-28,Paro,Chilli (dried),218.13,338.7,Municipal Vegetable Market
2026-01-28,Paro,Cauliflower,44.4,396.2,Weekend Roadside Market
2026-01-28,Paro,Spinach,38.62,460.8,Municipal Vegetable Market
2026-01-28,Lhuentse,Cauliflower,66.92,466.9,Weekend Roadside Market
2026-01-28,Lhuentse,Potato,39.56,491.1,Weekend Roadside Market
2026-01-28,Lhuentse,Broccoli,63.23,45.5,Municipal Vegetable Market
2026-01-28,Lhuentse,Chilli (fresh),91.19,58.4,Municipal Vegetable Market
2026-01-28,Lhuentse,Cabbage,13.03,469.7,Municipal Vegetable Market
2026-01-28,Lhuentse,Tomato,78.93,308.0,Centenary Farmers Market
2026-01-28,Lhuentse,Onion,71.76,65.5,Weekend Roadside Market
2026-01-28,Lhuentse,Chilli (dried),328.97,45.9,Weekend Roadside Market
2026-01-28,Trongsa,Onion,70.13,107.5,Municipal Vegetable Market
2026-01-28,Trongsa,Chilli (fresh),116.85,432.8,Weekend Roadside Market
2026-01-28,Trongsa,Broccoli,57.11,107.9,Municipal Vegetable Market
2026-01-28,Trongsa,Cauliflower,39.3,316.5,Centenary Farmers Market
2026-01-28,Trongsa,Chilli (dried),190.66,111.8,Centenary Farmers Market
2026-01-28,Trongsa,Potato,40.22,195.8,Centenary Farmers Market
2026-01-28,Trongsa,Cabbage,18.0,158.2,Weekend Roadside Market
2026-01-28,Trongsa,Tomato,37.7,297.9,Centenary Farmers Market
2026-01-28,Haa,Cauliflower,48.04,456.7,Centenary Farmers Market
2026-01-28,Haa,Potato,48.75,192.4,Centenary Farmers Market
2026-01-28,Haa,Tomato,36.25,36.0,Municipal Vegetable Market
2026-01-28,Haa,Radish,22.66,225.7,Weekend Roadside Market
2026-01-28,Haa,Broccoli,55.33,353.8,Centenary Farmers Market
2026-01-28,Thimphu,Chilli (fresh),-132.83,433.7,Centenary Farmers Market
2026-01-28,Thimphu,Broccoli,70.81,177.5,Centenary Farmers Market
2026-01-28,Thimphu,Tomato,71.17,170.3,Centenary Farmers Market
2026-01-28,Thimphu,Chilli (dried),231.0,49.4,Centenary Farmers Market
2026-01-28,Thimphu,Spinach,23.34,178.9,Centenary Farmers Market
2026-01-28,Mongar,Cauliflower,32.56,279.7,Municipal Vegetable Market
2026-01-28,Mongar,  POTATO  ,37.74,208.4,Centenary Farmers Market
2026-01-28,Mongar,Onion,63.57,488.1,Municipal Vegetable Market
2026-01-28,Mongar,Cabbage,27.2,175.2,Weekend Roadside Market
2026-01-28,Punakha,Cauliflower,55.88,402.7,Weekend Roadside Market
2026-01-28,Punakha,Tomato,38.83,242.4,Centenary Farmers Market
2026-01-28,Punakha,Chilli (dried),213.75,424.1,Centenary Farmers Market
2026-01-28,Punakha,Chilli (fresh),107.49,67.5,Weekend Roadside Market
2026-01-28,Punakha,Potato,46.91,270.7,Municipal Vegetable Market
2026-01-28,Punakha,Cabbage,23.27,261.5,Centenary Farmers Market
2026-01-28,Punakha,Radish,27.29,293.1,Municipal Vegetable Market
2026-01-28,Punakha,Broccoli,49.59,41.3,Centenary Farmers Market
2026-01-28,Sarpang,Radish,22.14,451.6,Weekend Roadside Market
2026-01-28,Sarpang,  CHILLI (FRESH)  ,56.48,266.7,Centenary Farmers Market
2026-01-28,Sarpang,Cabbage,16.15,161.4,Centenary Farmers Market
2026-01-28,Sarpang,Tomato,64.05,140.9,Municipal Vegetable Market
2026-01-28,Sarpang,Broccoli,83.7,432.9,Weekend Roadside Market
2026-01-28,Sarpang,Cauliflower,42.05,114.2,Centenary Farmers Market
2026-01-28,Sarpang,Spinach,24.12,489.8,Municipal Vegetable Market
2026-01-29,Punakha,Potato,41.54,210.0,Centenary Farmers Market
2026-01-29,Punakha,Chilli (dried),267.52,417.5,Municipal Vegetable Market
2026-01-29,Punakha,Cabbage,22.17,388.6,Weekend Roadside Market
2026-01-29,Punakha,Chilli (fresh),103.98,349.2,Weekend Roadside Market
2026-01-29,Punakha,Radish,17.6,299.4,Weekend Roadside Market
2026-01-29,Zhemgang,Radish,17.99,59.0,Centenary Farmers Market
2026-01-29,Zhemgang,Tomato,37.0,444.7,Municipal Vegetable Market
2026-01-29,Zhemgang,Cabbage,29.38,203.9,Weekend Roadside Market
2026-01-29,Zhemgang,Broccoli,73.97,49.0,Weekend Roadside Market
2026-01-29,Zhemgang,Chilli (fresh),110.49,227.1,Centenary Farmers Market
2026-01-29,Sarpang,Broccoli,68.27,237.7,Centenary Farmers Market
2026-01-29,Sarpang,Cauliflower,48.23,485.0,Municipal Vegetable Market
2026-01-29,Sarpang,Onion,61.82,334.2,Weekend Roadside Market
2026-01-29,Sarpang,Potato,35.43,445.4,Centenary Farmers Market
2026-01-29,Sarpang,Chilli (dried),324.11,375.2,Municipal Vegetable Market
2026-01-29,Mongar,Cabbage,33.36,109.6,Municipal Vegetable Market
2026-01-29,Mongar,Cauliflower,42.4,475.7,Centenary Farmers Market
2026-01-29,Mongar,Tomato,89.35,273.9,Municipal Vegetable Market
2026-01-29,Mongar,Broccoli,86.19,207.4,Weekend Roadside Market
2026-01-29,Mongar,Radish,21.44,449.6,Municipal Vegetable Market
2026-01-29,Mongar,Spinach,25.83,484.2,Municipal Vegetable Market
2026-01-29,Mongar,Chilli (dried),265.43,305.4,Weekend Roadside Market
2026-01-29,Mongar,Potato,38.29,105.0,Municipal Vegetable Market
2026-01-29,Mongar,Chilli (fresh),119.32,469.7,Municipal Vegetable Market
2026-01-29,Mongar,Onion,46.4,397.5,Municipal Vegetable Market
2026-01-29,Haa,Cabbage,16.38,364.4,Centenary Farmers Market
2026-01-29,Haa,Chilli (fresh),95.25,477.8,Weekend Roadside Market
2026-01-29,Haa,Potato,27.43,75.8,Municipal Vegetable Market
2026-01-29,Haa,Radish,20.34,335.7,Municipal Vegetable Market
2026-01-29,Haa,Chilli (dried),184.4,349.4,Centenary Farmers Market
2026-01-29,Lhuentse,Chilli (dried),225.45,467.6,Municipal Vegetable Market
2026-01-29,Lhuentse,Cabbage,26.65,104.6,Weekend Roadside Market
2026-01-29,Lhuentse,Radish,24.71,43.3,Municipal Vegetable Market
2026-01-29,Lhuentse,Broccoli,86.72,351.9,Municipal Vegetable Market
2026-01-29,Lhuentse,Onion,45.9,237.4,Weekend Roadside Market
2026-01-29,Paro,Spinach,31.23,386.3,Weekend Roadside Market
2026-01-29,Paro,Potato,30.64,469.3,Municipal Vegetable Market
2026-01-29,Paro,Cabbage,13.77,431.0,Centenary Farmers Market
2026-01-29,Paro,Chilli (dried),270.3,113.5,Municipal Vegetable Market
2026-01-29,Paro,Radish,21.29,460.9,Municipal Vegetable Market
2026-01-29,Wangdue Phodrang,Potato,35.78,94.0,Municipal Vegetable Market
2026-01-29,Wangdue Phodrang,Chilli (fresh),80.0,430.9,Centenary Farmers Market
2026-01-29,Wangdue Phodrang,Cabbage,22.68,336.5,Centenary Farmers Market
2026-01-29,Wangdue Phodrang,Spinach,40.85,128.9,Weekend Roadside Market
2026-01-29,Wangdue Phodrang,Radish,14.4,247.4,Weekend Roadside Market
2026-01-29,Trongsa,Chilli (fresh),114.82,245.4,Centenary Farmers Market
2026-01-29,Trongsa,Chilli (dried),243.23,259.0,Centenary Farmers Market
2026-01-29,Trongsa,Broccoli,45.66,26.8,Centenary Farmers Market
2026-01-29,Trongsa,Spinach,50.12,126.7,Weekend Roadside Market
2026-01-29,Trongsa,Cauliflower,36.21,339.8,Weekend Roadside Market
2026-01-29,Trongsa,Potato,45.73,249.7,Municipal Vegetable Market
2026-01-29,Bumthang,Chilli (dried),160.82,311.6,Municipal Vegetable Market
2026-01-29,Bumthang,Broccoli,80.89,364.3,Weekend Roadside Market
2026-01-29,Bumthang,Radish,23.47,47.4,Centenary Farmers Market
2026-01-29,Bumthang,Onion,48.5,452.1,Centenary Farmers Market
2026-01-29,Bumthang,Tomato,76.22,430.4,Centenary Farmers Market
2026-01-30,Chukha,Cauliflower,42.37,211.7,Weekend Roadside Market
2026-01-30,Chukha,Chilli (dried),201.92,399.6,Centenary Farmers Market
2026-01-30,Chukha,Broccoli,53.94,52.3,Centenary Farmers Market
2026-01-30,Chukha,Onion,64.14,184.3,Municipal Vegetable Market
2026-01-30,Chukha,Potato,35.17,492.7,Weekend Roadside Market
2026-01-30,Paro,Potato,-22.84,488.7,Weekend Roadside Market
2026-01-30,Paro,Spinach,23.94,63.1,Municipal Vegetable Market
2026-01-30,Paro,Broccoli,82.63,317.7,Municipal Vegetable Market
2026-01-30,Paro,Cauliflower,47.32,123.5,Centenary Farmers Market
2026-01-30,Paro,Cabbage,30.89,109.0,Municipal Vegetable Market
2026-01-30,Wangdue Phodrang,Broccoli,65.14,469.3,Weekend Roadside Market
2026-01-30,Wangdue Phodrang,Radish,16.82,64.0,Municipal Vegetable Market
2026-01-30,Wangdue Phodrang,Spinach,39.96,325.7,Centenary Farmers Market
2026-01-30,Wangdue Phodrang,Onion,55.03,31.3,Municipal Vegetable Market
2026-01-30,Wangdue Phodrang,Tomato,-65.1,462.4,Municipal Vegetable Market
2026-01-30,Wangdue Phodrang,Chilli (fresh),135.98,167.0,Weekend Roadside Market
2026-01-30,Thimphu,Spinach,35.18,143.3,Municipal Vegetable Market
2026-01-30,Thimphu,Broccoli,72.31,38.1,Weekend Roadside Market
2026-01-30,Thimphu,Tomato,44.77,58.0,Weekend Roadside Market
2026-01-30,Thimphu,Potato,30.85,43.8,Municipal Vegetable Market
2026-01-30,Thimphu,Chilli (fresh),79.05,97.3,Municipal Vegetable Market
2026-01-30,Thimphu,Cabbage,15.27,159.2,Weekend Roadside Market
2026-01-30,Thimphu,Onion,48.46,462.8,Municipal Vegetable Market
2026-01-30,Thimphu,Radish,27.59,472.2,Municipal Vegetable Market
2026-01-30,Sarpang,Tomato,88.34,381.4,Centenary Farmers Market
2026-01-30,Sarpang,Cabbage,22.15,296.0,Municipal Vegetable Market
2026-01-30,Sarpang,Cauliflower,52.65,289.5,Centenary Farmers Market
2026-01-30,Sarpang,Broccoli,53.49,367.3,Centenary Farmers Market
2026-01-30,Haa,Radish,14.25,433.0,Centenary Farmers Market
2026-01-30,Haa,Tomato,50.67,360.7,Municipal Vegetable Market
2026-01-30,Haa,Cabbage,24.76,137.3,Centenary Farmers Market
2026-01-30,Haa,Spinach,25.67,367.3,Centenary Farmers Market
2026-01-30,Haa,Cauliflower,49.86,85.5,Centenary Farmers Market
2026-01-30,Haa,Potato,31.45,359.3,Municipal Vegetable Market
2026-01-30,Haa,Broccoli,89.52,286.6,Municipal Vegetable Market
2026-01-30,Haa,Chilli (dried),183.34,358.8,Weekend Roadside Market
2026-01-30,Haa,Onion,45.2,127.0,Weekend Roadside Market
2026-01-30,Haa,Chilli (fresh),119.04,215.5,Weekend Roadside Market
2026-01-30,Mongar,Spinach,31.14,131.4,Municipal Vegetable Market
2026-01-30,Mongar,Tomato,75.53,395.1,Weekend Roadside Market
2026-01-30,Mongar,Chilli (dried),332.84,361.2,Centenary Farmers Market
2026-01-30,Mongar,Broccoli,74.69,406.3,Centenary Farmers Market
2026-01-30,Mongar,Chilli (fresh),82.03,110.4,Centenary Farmers Market
2026-01-30,Mongar,Cabbage,20.05,420.7,Centenary Farmers Market
2026-01-30,Lhuentse,Cauliflower,55.85,384.2,Centenary Farmers Market
2026-01-30,Lhuentse,Broccoli,65.43,27.8,Municipal Vegetable Market
2026-01-30,Lhuentse,Onion,60.96,125.3,Municipal Vegetable Market
2026-01-30,Lhuentse,Cabbage,18.87,396.0,Municipal Vegetable Market
2026-01-30,Lhuentse,Chilli (fresh),70.9,312.8,Municipal Vegetable Market
2026-01-30,Lhuentse,Chilli (dried),246.42,57.6,Centenary Farmers Market
2026-01-30,Samtse,Spinach,43.05,83.3,Centenary Farmers Market
2026-01-30,Samtse,Chilli (dried),319.04,402.6,Centenary Farmers Market
2026-01-30,Samtse,Chilli (fresh),100.5,45.0,Municipal Vegetable Market
2026-01-30,Samtse,Potato,40.19,443.9,Municipal Vegetable Market
2026-01-30,Samtse,Cabbage,23.05,257.7,Municipal Vegetable Market
2026-01-30,Samtse,Radish,24.58,146.6,Municipal Vegetable Market
2026-01-30,Zhemgang,Chilli (dried),207.76,405.3,Weekend Roadside Market
2026-01-30,Zhemgang,Spinach,35.47,459.1,Weekend Roadside Market
2026-01-30,Zhemgang,Broccoli,69.07,389.3,Centenary Farmers Market
2026-01-30,Zhemgang,Radish,24.56,239.8,Weekend Roadside Market
2026-01-30,Zhemgang,Tomato,71.43,376.5,Centenary Farmers Market
2026-01-30,Zhemgang,Potato,29.48,415.7,Municipal Vegetable Market
2026-01-30,Zhemgang,Cabbage,22.91,302.1,Weekend Roadside Market
2026-01-30,Bumthang,Cabbage,32.4,379.3,Centenary Farmers Market
2026-01-30,Bumthang,Spinach,27.18,89.3,Municipal Vegetable Market
2026-01-30,Bumthang,  BROCCOLI  ,61.73,203.6,Centenary Farmers Market
2026-01-30,Bumthang,Radish,20.0,488.6,Municipal Vegetable Market
2026-01-30,Bumthang,Cauliflower,43.14,259.6,Weekend Roadside Market
2026-01-30,Bumthang,Onion,36.56,432.9,Weekend Roadside Market
2026-01-30,Punakha,Broccoli,72.21,319.5,Centenary Farmers Market
2026-01-30,Punakha,Onion,70.44,171.9,Centenary Farmers Market
2026-01-30,Punakha,Chilli (fresh),77.06,457.8,Weekend Roadside Market
2026-01-30,Punakha,Cauliflower,35.42,408.6,Centenary Farmers Market
2026-01-30,Trongsa,Chilli (dried),351.6,388.9,Centenary Farmers Market
2026-01-30,Trongsa,Tomato,73.32,131.6,Centenary Farmers Market
2026-01-30,Trongsa,Cabbage,23.2,366.9,Weekend Roadside Market
2026-01-30,Trongsa,Potato,27.82,319.3,Centenary Farmers Market
2026-01-30,Trongsa,Broccoli,46.92,334.3,Centenary Farmers Market
2026-01-30,Tsirang,Chilli (dried),212.27,395.4,Municipal Vegetable Market
2026-01-30,Tsirang,Cabbage,16.05,93.8,Municipal Vegetable Market
2026-01-30,Tsirang,Radish,16.09,386.5,Centenary Farmers Market
2026-01-30,Tsirang,Spinach,-34.1,380.0,Weekend Roadside Market
2026-01-30,Tsirang,Cauliflower,65.05,259.0,Weekend Roadside Market
2026-01-30,Trashigang,Cauliflower,47.16,229.0,Centenary Farmers Market
2026-01-30,Trashigang,Broccoli,57.17,408.2,Centenary Farmers Market
2026-01-30,Trashigang,Tomato,36.03,313.6,Weekend Roadside Market
2026-01-30,Trashigang,Radish,21.38,442.4,Weekend Roadside Market
2026-01-30,Trashigang,Chilli (fresh),105.06,215.0,Weekend Roadside Market
2026-01-30,Trashigang,Chilli (dried),265.31,266.6,Centenary Farmers Market
2026-01-31,Samtse,  CABBAGE  ,17.99,137.3,Weekend Roadside Market
2026-01-31,Samtse,Potato,33.93,464.0,Weekend Roadside Market
2026-01-31,Samtse,Onion,41.26,276.3,Municipal Vegetable Market
2026-01-31,Samtse,Spinach,23.97,425.0,Centenary Farmers Market
2026-01-31,Samtse,Radish,26.48,117.8,Municipal Vegetable Market
2026-01-31,Lhuentse,Cabbage,26.53,72.2,Centenary Farmers Market
2026-01-31,Lhuentse,Radish,16.16,312.2,Centenary Farmers Market
2026-01-31,Lhuentse,Cauliflower,41.09,241.3,Weekend Roadside Market
2026-01-31,Lhuentse,Broccoli,79.14,471.7,Centenary Farmers Market
2026-01-31,Lhuentse,  CHILLI (FRESH)  ,58.34,382.6,Weekend Roadside Market
2026-01-31,Lhuentse,Onion,67.73,68.2,Weekend Roadside Market
2026-01-31,Lhuentse,Potato,28.43,479.1,Centenary Farmers Market
2026-01-31,Lhuentse,Tomato,86.2,429.5,Weekend Roadside Market
2026-01-31,Lhuentse,Spinach,34.72,28.0,Weekend Roadside Market
2026-01-31,Thimphu,Cauliflower,57.35,65.2,Municipal Vegetable Market
2026-01-31,Thimphu,Radish,25.39,184.8,Centenary Farmers Market
2026-01-31,Thimphu,Broccoli,44.6,163.0,Centenary Farmers Market
2026-01-31,Thimphu,Spinach,31.86,316.3,Municipal Vegetable Market
2026-01-31,Thimphu,Cabbage,-22.34,252.5,Weekend Roadside Market
2026-01-31,Thimphu,Tomato,72.69,288.4,Weekend Roadside Market
2026-01-31,Zhemgang,Radish,18.77,422.7,Weekend Roadside Market
2026-01-31,Zhemgang,Chilli (fresh),116.38,71.3,Municipal Vegetable Market
2026-01-31,Zhemgang,Tomato,43.46,310.4,Weekend Roadside Market
2026-01-31,Zhemgang,Potato,28.42,421.1,Centenary Farmers Market
2026-01-31,Punakha,Cauliflower,-42.62,269.6,Centenary Farmers Market
2026-01-31,Punakha,Tomato,47.71,39.8,Municipal Vegetable Market
2026-01-31,Punakha,Potato,40.03,145.7,Weekend Roadside Market
2026-01-31,Punakha,Spinach,35.57,464.2,Municipal Vegetable Market
2026-01-31,Punakha,Radish,18.72,365.7,Weekend Roadside Market
2026-01-31,Punakha,Cabbage,24.99,28.3,Municipal Vegetable Market
2026-01-31,Punakha,Chilli (dried),284.45,489.8,Weekend Roadside Market
2026-01-31,Mongar,Potato,34.71,36.8,Centenary Farmers Market
2026-01-31,Mongar,Radish,20.69,150.3,Municipal Vegetable Market
2026-01-31,Mongar,Spinach,30.1,252.3,Weekend Roadside Market
2026-01-31,Mongar,Onion,58.53,99.1,Centenary Farmers Market
2026-01-31,Mongar,Broccoli,55.24,306.7,Municipal Vegetable Market
2026-01-31,Mongar,Cauliflower,39.31,79.9,Centenary Farmers Market
2026-01-31,Mongar,Chilli (fresh),110.75,34.1,Municipal Vegetable Market
2026-01-31,Mongar,Tomato,55.23,198.7,Centenary Farmers Market
2026-01-31,Trongsa,Chilli (fresh),108.29,99.8,Weekend Roadside Market
2026-01-31,Trongsa,Radish,26.72,466.6,Centenary Farmers Market
2026-01-31,Trongsa,Broccoli,68.0,485.6,Municipal Vegetable Market
2026-01-31,Trongsa,Chilli (dried),236.87,186.3,Municipal Vegetable Market
2026-01-31,Trongsa,Potato,30.07,101.7,Municipal Vegetable Market
2026-01-31,Trongsa,Spinach,22.91,254.8,Weekend Roadside Market
2026-01-31,Trongsa,Onion,45.95,42.6,Municipal Vegetable Market
2026-01-31,Trongsa,Tomato,45.78,195.7,Centenary Farmers Market
2026-01-31,Trongsa,Cabbage,24.61,371.5,Centenary Farmers Market
2026-01-31,Trongsa,Cauliflower,50.3,490.4,Municipal Vegetable Market
2026-01-31,Tsirang,Potato,32.71,79.9,Centenary Farmers Market
2026-01-31,Tsirang,Onion,50.53,270.2,Weekend Roadside Market
2026-01-31,Tsirang,Chilli (fresh),98.98,104.0,Weekend Roadside Market
2026-01-31,Tsirang,Spinach,27.19,417.1,Municipal Vegetable Market
2026-01-31,Tsirang,Tomato,44.12,216.1,Weekend Roadside Market
2026-01-31,Bumthang,Radish,20.89,258.4,Weekend Roadside Market
2026-01-31,Bumthang,Potato,35.72,467.4,Municipal Vegetable Market
2026-01-31,Bumthang,Cabbage,22.31,200.5,Municipal Vegetable Market
2026-01-31,Bumthang,Tomato,69.05,33.9,Centenary Farmers Market
2026-01-31,Bumthang,Cauliflower,45.42,275.0,Centenary Farmers Market
2026-01-31,Bumthang,Broccoli,42.73,305.3,Weekend Roadside Market
2026-01-31,Bumthang,Chilli (dried),206.47,470.2,Weekend Roadside Market
2026-01-31,Bumthang,Spinach,39.22,299.8,Municipal Vegetable Market
2026-01-31,Bumthang,Chilli (fresh),121.65,324.9,Weekend Roadside Market
2026-01-31,Bumthang,Onion,68.66,44.6,Centenary Farmers Market
2026-01-31,Paro,Broccoli,-76.82,451.4,Municipal Vegetable Market
2026-01-31,Paro,Cabbage,22.21,464.2,Centenary Farmers Market
2026-01-31,Paro,Chilli (dried),277.47,271.1,Municipal Vegetable Market
2026-01-31,Paro,Spinach,21.85,273.5,Municipal Vegetable Market
2026-01-31,Paro,Tomato,36.49,493.3,Municipal Vegetable Market
2026-01-31,Paro,Onion,42.75,414.1,Weekend Roadside Market
2026-01-31,Paro,Radish,26.54,426.0,Centenary Farmers Market
2026-01-31,Paro,Cauliflower,38.17,463.8,Weekend Roadside Market
2026-01-31,Haa,Onion,48.24,29.6,Weekend Roadside Market
2026-01-31,Haa,Radish,14.83,431.7,Centenary Farmers Market
2026-01-31,Haa,Potato,35.82,78.2,Weekend Roadside Market
2026-01-31,Haa,Cauliflower,40.26,68.5,Weekend Roadside Market
2026-01-31,Haa,Broccoli,75.35,363.0,Centenary Farmers Market
2026-01-31,Haa,Chilli (fresh),124.75,118.7,Municipal Vegetable Market
2026-01-31,Haa,Spinach,30.62,212.5,Centenary Farmers Market
2026-01-31,Haa,Chilli (dried),289.19,281.4,Municipal Vegetable Market
2026-01-31,Haa,Cabbage,21.88,180.5,Municipal Vegetable Market
2026-01-31,Trashigang,Onion,47.14,345.8,Centenary Farmers Market
2026-01-31,Trashigang,Broccoli,57.76,33.5,Centenary Farmers Market
2026-01-31,Trashigang,Cabbage,17.6,458.8,Municipal Vegetable Market
2026-01-31,Trashigang,Potato,32.99,347.8,Centenary Farmers Market
2026-01-31,Trashigang,Chilli (fresh),110.0,324.6,Centenary Farmers Market
2026-01-31,Sarpang,Cauliflower,36.31,,Municipal Vegetable Market
2026-01-31,Sarpang,Tomato,56.73,468.1,Weekend Roadside Market
2026-01-31,Sarpang,Potato,26.91,382.4,Centenary Farmers Market
2026-01-31,Sarpang,Chilli (dried),266.42,41.6,Municipal Vegetable Market
2026-01-31,Sarpang,Spinach,37.65,483.3,Centenary Farmers Market
2026-01-31,Sarpang,Onion,74.39,264.4,Municipal Vegetable Market
2026-01-31,Chukha,Chilli (fresh),108.83,285.3,Weekend Roadside Market
2026-01-31,Chukha,Onion,71.45,392.3,Centenary Farmers Market
2026-01-31,Chukha,Spinach,43.69,263.5,Centenary Farmers Market
2026-01-31,Chukha,Cabbage,26.98,132.3,Municipal Vegetable Market
2026-01-31,Chukha,Broccoli,50.63,24.0,Centenary Farmers Market
2026-01-31,Chukha,Potato,31.68,439.2,Centenary Farmers Market
2026-01-31,Chukha,Radish,16.6,39.0,Municipal Vegetable Market
2026-01-31,Chukha,  CAULIFLOWER  ,32.38,36.7,Weekend Roadside Market
2026-01-31,Chukha,Tomato,66.71,47.2,Weekend Roadside Market
2026-01-31,Chukha,Chilli (dried),177.38,149.9,Centenary Farmers Market
2026-02-01,Zhemgang,Broccoli,44.78,419.5,Weekend Roadside Market
2026-02-01,Zhemgang,Cauliflower,36.51,44.8,Centenary Farmers Market
2026-02-01,Zhemgang,Chilli (fresh),78.31,25.8,Weekend Roadside Market
2026-02-01,Zhemgang,Cabbage,25.98,36.9,Weekend Roadside Market
2026-02-01,Zhemgang,Radish,27.12,53.6,Municipal Vegetable Market
2026-02-01,Zhemgang,Chilli (dried),179.48,310.4,Centenary Farmers Market
2026-02-01,Zhemgang,Potato,44.94,25.9,Municipal Vegetable Market
2026-02-01,Zhemgang,Onion,66.29,102.4,Centenary Farmers Market
2026-02-01,Zhemgang,Tomato,37.37,444.6,Weekend Roadside Market
2026-02-01,Zhemgang,Spinach,37.15,437.7,Weekend Roadside Market
2026-02-01,Trongsa,Cabbage,19.05,492.0,Centenary Farmers Market
2026-02-01,Trongsa,Chilli (dried),325.13,108.2,Centenary Farmers Market
2026-02-01,Trongsa,Broccoli,58.69,149.5,Centenary Farmers Market
2026-02-01,Trongsa,Chilli (fresh),121.4,166.4,Municipal Vegetable Market
2026-02-01,Trongsa,Potato,34.07,107.7,Weekend Roadside Market
2026-02-01,Trongsa,Cauliflower,32.99,332.7,Weekend Roadside Market
2026-02-01,Trongsa,Radish,24.59,475.0,Weekend Roadside Market
2026-02-01,Chukha,Chilli (dried),258.65,466.5,Weekend Roadside Market
2026-02-01,Chukha,Cabbage,22.45,383.6,Municipal Vegetable Market
2026-02-01,Chukha,Radish,18.63,399.8,Weekend Roadside Market
2026-02-01,Chukha,Tomato,100.96,260.1,Municipal Vegetable Market
2026-02-01,Paro,Spinach,34.2,317.5,Weekend Roadside Market
2026-02-01,Paro,Radish,21.69,386.8,Centenary Farmers Market
2026-02-01,Paro,Cabbage,29.86,490.2,Municipal Vegetable Market
2026-02-01,Paro,Tomato,74.93,95.7,Centenary Farmers Market
2026-02-01,Paro,Potato,30.08,430.7,Centenary Farmers Market
2026-02-01,Bumthang,Chilli (dried),154.35,283.3,Municipal Vegetable Market
2026-02-01,Bumthang,Potato,-30.48,73.4,Centenary Farmers Market
2026-02-01,Bumthang,Onion,50.03,141.0,Municipal Vegetable Market
2026-02-01,Bumthang,Broccoli,76.28,381.4,Weekend Roadside Market
2026-02-01,Bumthang,Radish,17.39,419.2,Weekend Roadside Market
2026-02-01,Bumthang,Cabbage,27.02,206.3,Weekend Roadside Market
2026-02-01,Bumthang,Tomato,71.15,430.2,Weekend Roadside Market
2026-02-01,Punakha,Potato,28.81,447.4,Weekend Roadside Market
2026-02-01,Punakha,Broccoli,54.45,172.8,Weekend Roadside Market
2026-02-01,Punakha,Tomato,47.42,295.2,Municipal Vegetable Market
2026-02-01,Punakha,Onion,67.32,52.8,Centenary Farmers Market
2026-02-01,Trashigang,Spinach,32.55,299.4,Weekend Roadside Market
2026-02-01,Trashigang,Onion,54.02,284.3,Municipal Vegetable Market
2026-02-01,Trashigang,Cauliflower,51.79,64.0,Weekend Roadside Market
2026-02-01,Trashigang,Tomato,67.12,158.7,Centenary Farmers Market
2026-02-01,Mongar,Onion,52.62,325.8,Centenary Farmers Market
2026-02-01,Mongar,Radish,19.21,24.0,Centenary Farmers Market
2026-02-01,Mongar,Cabbage,29.71,179.4,Weekend Roadside Market
2026-02-01,Mongar,Chilli (fresh),77.06,177.1,Weekend Roadside Market
2026-02-01,Mongar,Chilli (dried),168.48,243.0,Centenary Farmers Market
2026-02-01,Mongar,Broccoli,41.89,136.3,Centenary Farmers Market
2026-02-01,Mongar,Spinach,34.88,492.1,Centenary Farmers Market
2026-02-01,Mongar,Cauliflower,28.11,34.1,Municipal Vegetable Market
2026-02-01,Sarpang,Cauliflower,55.67,105.3,Centenary Farmers Market
2026-02-01,Sarpang,  BROCCOLI  ,67.89,483.9,Centenary Farmers Market
2026-02-01,Sarpang,Onion,58.99,320.4,Centenary Farmers Market
2026-02-01,Sarpang,Cabbage,18.04,481.3,Centenary Farmers Market
2026-02-01,Sarpang,Spinach,46.86,379.7,Centenary Farmers Market
2026-02-01,Sarpang,Chilli (dried),207.19,208.2,Municipal Vegetable Market
2026-02-01,Sarpang,Tomato,71.23,93.3,Centenary Farmers Market
2026-02-01,Sarpang,Radish,29.48,216.2,Weekend Roadside Market
2026-02-01,Sarpang,Potato,37.17,418.3,Weekend Roadside Market
2026-02-01,Wangdue Phodrang,Potato,35.21,252.0,Municipal Vegetable Market
2026-02-01,Wangdue Phodrang,Cauliflower,34.83,45.8,Weekend Roadside Market
2026-02-01,Wangdue Phodrang,Cabbage,15.27,61.7,Weekend Roadside Market
2026-02-01,Wangdue Phodrang,Radish,18.79,295.9,Centenary Farmers Market
2026-02-01,Thimphu,Tomato,51.47,341.0,Centenary Farmers Market
2026-02-01,Thimphu,Cabbage,21.48,261.3,Centenary Farmers Market
2026-02-01,Thimphu,Radish,25.7,496.7,Municipal Vegetable Market
2026-02-01,Thimphu,Potato,23.74,41.0,Centenary Farmers Market
2026-02-01,Thimphu,Onion,55.74,405.0,Centenary Farmers Market
2026-02-01,Thimphu,Broccoli,-48.61,476.5,Municipal Vegetable Market
2026-02-01,Thimphu,Chilli (fresh),72.73,438.7,Municipal Vegetable Market
2026-02-01,Thimphu,Cauliflower,54.62,305.4,Weekend Roadside Market
2026-02-01,Thimphu,Chilli (dried),163.91,152.5,Centenary Farmers Market
2026-02-01,Thimphu,Spinach,20.22,351.1,Weekend Roadside Market
2026-02-01,Haa,Cauliflower,58.83,495.5,Weekend Roadside Market
2026-02-01,Haa,Potato,43.62,414.3,Municipal Vegetable Market
2026-02-01,Haa,Cabbage,18.38,183.5,Municipal Vegetable Market
2026-02-01,Haa,Onion,68.86,,Municipal Vegetable Market
2026-02-01,Haa,Chilli (fresh),105.05,363.2,Municipal Vegetable Market
2026-02-01,Haa,Spinach,33.93,394.0,Municipal Vegetable Market
2026-02-01,Haa,Chilli (dried),306.01,302.3,Municipal Vegetable Market
2026-02-01,Haa,Broccoli,50.36,128.8,Municipal Vegetable Market
2026-02-01,Samtse,Chilli (dried),285.33,396.5,Municipal Vegetable Market
2026-02-01,Samtse,Tomato,74.42,160.7,Centenary Farmers Market
2026-02-01,Samtse,Potato,39.36,300.8,Municipal Vegetable Market
2026-02-01,Samtse,Onion,60.69,339.9,Centenary Farmers Market
2026-02-01,Lhuentse,Cauliflower,62.39,195.0,Weekend Roadside Market
2026-02-01,Lhuentse,  CABBAGE  ,14.0,215.2,Municipal Vegetable Market
2026-02-01,Lhuentse,Chilli (fresh),122.85,194.7,Weekend Roadside Market
2026-02-01,Lhuentse,Tomato,46.15,379.1,Centenary Farmers Market
2026-02-01,Tsirang,Radish,16.69,224.0,Centenary Farmers Market
2026-02-01,Tsirang,Tomato,41.4,54.2,Municipal Vegetable Market
2026-02-01,Tsirang,Cabbage,31.61,214.1,Centenary Farmers Market
2026-02-01,Tsirang,Spinach,26.64,63.5,Centenary Farmers Market
2026-02-01,Tsirang,Potato,30.51,144.6,Centenary Farmers Market
2026-02-01,Tsirang,Onion,60.0,173.6,Centenary Farmers Market
2026-02-02,Punakha,Broccoli,54.42,200.7,Weekend Roadside Market
2026-02-02,Punakha,Onion,47.97,29.1,Municipal Vegetable Market
2026-02-02,Punakha,Spinach,48.42,223.0,Municipal Vegetable Market
2026-02-02,Punakha,Tomato,40.12,49.4,Weekend Roadside Market
2026-02-02,Punakha,Potato,39.86,497.6,Centenary Farmers Market
2026-02-02,Tsirang,Onion,42.63,164.8,Municipal Vegetable Market
2026-02-02,Tsirang,Tomato,39.6,144.6,Municipal Vegetable Market
2026-02-02,Tsirang,Chilli (fresh),97.65,420.3,Centenary Farmers Market
2026-02-02,Tsirang,Radish,23.24,347.9,Centenary Farmers Market
2026-02-02,Tsirang,Potato,27.72,368.8,Municipal Vegetable Market
2026-02-02,Tsirang,Cabbage,18.87,227.0,Weekend Roadside Market
2026-02-02,Tsirang,Spinach,31.61,146.4,Weekend Roadside Market
2026-02-02,Mongar,Onion,43.65,349.9,Weekend Roadside Market
2026-02-02,Mongar,Broccoli,84.93,177.1,Municipal Vegetable Market
2026-02-02,Mongar,Chilli (fresh),78.88,174.4,Municipal Vegetable Market
2026-02-02,Mongar,Chilli (dried),260.35,185.2,Centenary Farmers Market
2026-02-02,Paro,Chilli (fresh),126.72,433.0,Weekend Roadside Market
2026-02-02,Paro,Radish,14.24,473.0,Centenary Farmers Market
2026-02-02,Paro,Tomato,58.22,445.8,Municipal Vegetable Market
2026-02-02,Paro,Cabbage,18.93,95.7,Weekend Roadside Market
2026-02-02,Sarpang,Broccoli,89.13,23.8,Weekend Roadside Market
2026-02-02,Sarpang,Radish,16.89,481.3,Weekend Roadside Market
2026-02-02,Sarpang,Chilli (fresh),118.81,210.8,Municipal Vegetable Market
2026-02-02,Sarpang,Potato,41.74,444.1,Centenary Farmers Market
2026-02-02,Sarpang,Chilli (dried),304.3,393.7,Municipal Vegetable Market
2026-02-02,Sarpang,Cabbage,16.27,420.9,Centenary Farmers Market
2026-02-02,Sarpang,Cauliflower,61.64,231.5,Weekend Roadside Market
2026-02-02,Bumthang,Potato,29.21,315.6,Weekend Roadside Market
2026-02-02,Bumthang,Radish,24.48,127.9,Municipal Vegetable Market
2026-02-02,Bumthang,Chilli (fresh),90.48,449.5,Centenary Farmers Market
2026-02-02,Bumthang,Tomato,55.62,412.2,Centenary Farmers Market
2026-02-02,Bumthang,Broccoli,57.72,102.4,Centenary Farmers Market
2026-02-02,Bumthang,  SPINACH  ,32.25,379.5,Weekend Roadside Market
2026-02-02,Bumthang,Chilli (dried),294.41,411.7,Municipal Vegetable Market
2026-02-02,Bumthang,Cabbage,23.72,41.4,Centenary Farmers Market
2026-02-02,Haa,Chilli (dried),220.97,36.6,Centenary Farmers Market
2026-02-02,Haa,Potato,27.01,479.6,Centenary Farmers Market
2026-02-02,Haa,Broccoli,88.68,185.1,Centenary Farmers Market
2026-02-02,Haa,Cabbage,19.03,364.6,Centenary Farmers Market
2026-02-02,Haa,Radish,22.61,353.7,Centenary Farmers Market
2026-02-02,Haa,Spinach,39.3,138.2,Centenary Farmers Market
2026-02-02,Haa,Tomato,37.17,375.4,Weekend Roadside Market
2026-02-02,Haa,Onion,44.77,97.6,Weekend Roadside Market
2026-02-02,Haa,Chilli (fresh),102.61,313.6,Weekend Roadside Market
2026-02-02,Haa,Cauliflower,57.27,56.1,Municipal Vegetable Market
2026-02-02,Zhemgang,Cauliflower,29.87,235.1,Weekend Roadside Market
2026-02-02,Zhemgang,Chilli (dried),205.43,130.0,Municipal Vegetable Market
2026-02-02,Zhemgang,Tomato,66.18,247.3,Centenary Farmers Market
2026-02-02,Zhemgang,Onion,41.89,454.7,Weekend Roadside Market
2026-02-02,Trongsa,Chilli (fresh),58.39,70.8,Municipal Vegetable Market
2026-02-02,Trongsa,Potato,29.2,365.5,Centenary Farmers Market
2026-02-02,Trongsa,Radish,20.46,428.6,Municipal Vegetable Market
2026-02-02,Trongsa,Tomato,69.26,199.7,Weekend Roadside Market
2026-02-02,Trongsa,Cauliflower,41.49,412.9,Weekend Roadside Market
2026-02-02,Trongsa,Cabbage,27.6,373.3,Centenary Farmers Market
2026-02-02,Trongsa,Chilli (dried),250.07,418.2,Centenary Farmers Market
2026-02-02,Trongsa,Onion,66.08,226.4,Centenary Farmers Market
2026-02-02,Trongsa,Spinach,30.36,339.4,Municipal Vegetable Market
2026-02-02,Trongsa,Broccoli,70.7,372.9,Weekend Roadside Market
2026-02-03,Zhemgang,Broccoli,82.77,173.1,Municipal Vegetable Market
2026-02-03,Zhemgang,Chilli (dried),183.06,188.2,Centenary Farmers Market
2026-02-03,Zhemgang,Onion,66.09,383.3,Municipal Vegetable Market
2026-02-03,Zhemgang,Radish,27.73,330.1,Centenary Farmers Market
2026-02-03,Zhemgang,Cabbage,25.26,293.5,Centenary Farmers Market
2026-02-03,Samtse,Cauliflower,38.96,418.9,Municipal Vegetable Market
2026-02-03,Samtse,Broccoli,56.34,249.1,Municipal Vegetable Market
2026-02-03,Samtse,Chilli (dried),204.04,60.5,Centenary Farmers Market
2026-02-03,Samtse,Radish,15.55,421.4,Centenary Farmers Market
2026-02-03,Samtse,Onion,34.71,483.2,Weekend Roadside Market
2026-02-03,Samtse,Chilli (fresh),89.24,463.3,Weekend Roadside Market
2026-02-03,Samtse,Potato,29.97,155.1,Weekend Roadside Market
2026-02-03,Samtse,Tomato,61.06,103.3,Municipal Vegetable Market
2026-02-03,Samtse,Cabbage,15.77,73.4,Centenary Farmers Market
2026-02-03,Lhuentse,Broccoli,56.49,412.2,Centenary Farmers Market
2026-02-03,Lhuentse,Tomato,68.05,271.2,Municipal Vegetable Market
2026-02-03,Lhuentse,Radish,21.67,399.2,Weekend Roadside Market
2026-02-03,Lhuentse,Onion,47.29,53.3,Municipal Vegetable Market
2026-02-03,Lhuentse,Potato,22.25,426.2,Weekend Roadside Market
2026-02-03,Lhuentse,Chilli (fresh),83.18,157.8,Centenary Farmers Market
2026-02-03,Lhuentse,Chilli (dried),258.98,149.0,Municipal Vegetable Market
2026-02-03,Lhuentse,Cauliflower,38.61,293.7,Centenary Farmers Market
2026-02-03,Lhuentse,Spinach,26.83,424.2,Centenary Farmers Market
2026-02-03,Lhuentse,Cabbage,20.02,228.3,Weekend Roadside Market
2026-02-03,Sarpang,Broccoli,82.99,170.2,Weekend Roadside Market
2026-02-03,Sarpang,Onion,45.76,303.2,Centenary Farmers Market
2026-02-03,Sarpang,Chilli (fresh),85.72,342.5,Centenary Farmers Market
2026-02-03,Sarpang,Tomato,70.86,238.7,Weekend Roadside Market
2026-02-03,Punakha,Cauliflower,49.34,440.9,Centenary Farmers Market
2026-02-03,Punakha,Cabbage,25.67,162.5,Weekend Roadside Market
2026-02-03,Punakha,Spinach,30.29,48.7,Municipal Vegetable Market
2026-02-03,Punakha,Broccoli,53.51,167.9,Centenary Farmers Market
2026-02-03,Punakha,Onion,48.3,133.4,Municipal Vegetable Market
2026-02-03,Punakha,Chilli (dried),196.54,233.2,Municipal Vegetable Market
2026-02-03,Punakha,Chilli (fresh),96.87,121.3,Municipal Vegetable Market
2026-02-03,Punakha,Radish,19.71,372.7,Municipal Vegetable Market
2026-02-03,Punakha,Tomato,76.16,314.9,Weekend Roadside Market
2026-02-03,Trashigang,Radish,25.31,118.1,Weekend Roadside Market
2026-02-03,Trashigang,Onion,66.13,251.2,Municipal Vegetable Market
2026-02-03,Trashigang,Potato,41.7,425.0,Weekend Roadside Market
2026-02-03,Trashigang,Chilli (fresh),100.26,331.0,Weekend Roadside Market
2026-02-03,Trashigang,Cauliflower,59.0,232.5,Municipal Vegetable Market
2026-02-03,Bumthang,Cauliflower,39.07,299.1,Weekend Roadside Market
2026-02-03,Bumthang,Chilli (dried),332.3,255.5,Weekend Roadside Market
2026-02-03,Bumthang,  POTATO  ,43.69,132.0,Centenary Farmers Market
2026-02-03,Bumthang,Chilli (fresh),103.13,313.2,Centenary Farmers Market
2026-02-03,Thimphu,Broccoli,47.42,291.5,Municipal Vegetable Market
2026-02-03,Thimphu,Radish,-15.07,278.5,Centenary Farmers Market
2026-02-03,Thimphu,Chilli (fresh),83.93,131.4,Weekend Roadside Market
2026-02-03,Thimphu,Potato,43.68,395.7,Weekend Roadside Market
2026-02-03,Thimphu,Onion,54.72,261.0,Centenary Farmers Market
2026-02-03,Thimphu,Cabbage,26.28,185.0,Weekend Roadside Market
2026-02-03,Thimphu,Chilli (dried),272.16,332.2,Municipal Vegetable Market
2026-02-03,Thimphu,Tomato,-47.3,265.3,Municipal Vegetable Market
2026-02-03,Thimphu,Cauliflower,28.96,307.6,Centenary Farmers Market
2026-02-03,Haa,Chilli (fresh),123.47,432.3,Municipal Vegetable Market
2026-02-03,Haa,Potato,44.58,332.6,Municipal Vegetable Market
2026-02-03,Haa,Radish,28.62,29.2,Centenary Farmers Market
2026-02-03,Haa,Tomato,79.04,330.5,Weekend Roadside Market
2026-02-03,Chukha,Broccoli,54.49,287.6,Weekend Roadside Market
2026-02-03,Chukha,Cabbage,22.73,406.1,Municipal Vegetable Market
2026-02-03,Chukha,Cauliflower,36.09,305.5,Weekend Roadside Market
2026-02-03,Chukha,Spinach,36.23,252.6,Centenary Farmers Market
2026-02-03,Chukha,Potato,46.53,88.5,Centenary Farmers Market
2026-02-03,Chukha,Radish,13.37,464.5,Centenary Farmers Market
2026-02-03,Chukha,Chilli (fresh),135.54,214.4,Weekend Roadside Market
2026-02-03,Tsirang,Potato,46.81,168.0,Municipal Vegetable Market
2026-02-03,Tsirang,Chilli (dried),218.59,275.7,Municipal Vegetable Market
2026-02-03,Tsirang,Tomato,33.13,212.1,Weekend Roadside Market
2026-02-03,Tsirang,Cabbage,16.44,364.1,Municipal Vegetable Market
2026-02-03,Tsirang,Chilli (fresh),131.07,93.1,Centenary Farmers Market
2026-02-03,Tsirang,Radish,20.02,392.2,Weekend Roadside Market
2026-02-03,Tsirang,Cauliflower,48.4,252.6,Weekend Roadside Market
2026-02-03,Wangdue Phodrang,Chilli (dried),230.08,204.2,Municipal Vegetable Market
2026-02-03,Wangdue Phodrang,Radish,20.4,448.4,Municipal Vegetable Market
2026-02-03,Wangdue Phodrang,Cauliflower,52.65,302.2,Weekend Roadside Market
2026-02-03,Wangdue Phodrang,Cabbage,19.61,372.7,Municipal Vegetable Market
2026-02-03,Wangdue Phodrang,Spinach,33.92,394.9,Centenary Farmers Market
2026-02-03,Wangdue Phodrang,Chilli (fresh),72.49,407.6,Weekend Roadside Market
2026-02-03,Paro,Chilli (fresh),123.43,43.8,Weekend Roadside Market
2026-02-03,Paro,Cabbage,26.05,52.3,Municipal Vegetable Market
2026-02-03,Paro,Chilli (dried),322.83,290.7,Centenary Farmers Market
2026-02-03,Paro,Radish,21.27,452.5,Weekend Roadside Market
2026-02-03,Paro,Broccoli,59.16,342.3,Municipal Vegetable Market
2026-02-03,Paro,Potato,31.11,178.2,Weekend Roadside Market
2026-02-03,Paro,Tomato,49.22,293.7,Municipal Vegetable Market
2026-02-03,Paro,Onion,48.8,288.2,Weekend Roadside Market
2026-02-04,Bumthang,Onion,43.35,294.5,Municipal Vegetable Market
2026-02-04,Bumthang,Chilli (fresh),120.42,427.8,Centenary Farmers Market
2026-02-04,Bumthang,Potato,32.06,172.6,Centenary Farmers Market
2026-02-04,Bumthang,Radish,22.9,44.9,Municipal Vegetable Market
2026-02-04,Bumthang,Tomato,85.44,128.4,Centenary Farmers Market
2026-02-04,Bumthang,Cauliflower,33.18,420.0,Weekend Roadside Market
2026-02-04,Bumthang,Broccoli,52.68,120.8,Centenary Farmers Market
2026-02-04,Trashigang,Tomato,39.14,276.6,Centenary Farmers Market
2026-02-04,Trashigang,Broccoli,71.31,421.7,Municipal Vegetable Market
2026-02-04,Trashigang,Spinach,41.21,489.2,Weekend Roadside Market
2026-02-04,Trashigang,Chilli (dried),228.26,335.6,Weekend Roadside Market
2026-02-04,Trashigang,  RADISH  ,16.22,310.4,Centenary Farmers Market
2026-02-04,Trashigang,Onion,54.05,369.9,Centenary Farmers Market
2026-02-04,Trashigang,Potato,40.77,341.2,Centenary Farmers Market
2026-02-04,Trashigang,Cabbage,-27.08,21.3,Municipal Vegetable Market
2026-02-04,Trashigang,Cauliflower,28.66,448.5,Centenary Farmers Market
2026-02-04,Trashigang,Chilli (fresh),90.03,361.7,Centenary Farmers Market
2026-02-04,Haa,Broccoli,81.1,39.2,Weekend Roadside Market
2026-02-04,Haa,Cauliflower,47.18,486.6,Weekend Roadside Market
2026-02-04,Haa,Radish,16.06,311.9,Municipal Vegetable Market
2026-02-04,Haa,Spinach,31.86,436.1,Weekend Roadside Market
2026-02-04,Haa,Cabbage,14.36,493.0,Municipal Vegetable Market
2026-02-04,Samtse,Cauliflower,53.22,251.8,Centenary Farmers Market
2026-02-04,Samtse,Spinach,24.31,64.5,Weekend Roadside Market
2026-02-04,Samtse,Potato,36.97,115.9,Centenary Farmers Market
2026-02-04,Samtse,Tomato,65.58,289.2,Municipal Vegetable Market
2026-02-04,Tsirang,Cabbage,32.59,342.7,Centenary Farmers Market
2026-02-04,Tsirang,Cauliflower,37.59,249.2,Municipal Vegetable Market
2026-02-04,Tsirang,Potato,42.35,434.5,Weekend Roadside Market
2026-02-04,Tsirang,Chilli (dried),266.87,380.3,Municipal Vegetable Market
2026-02-04,Punakha,Chilli (fresh),124.4,215.6,Centenary Farmers Market
2026-02-04,Punakha,Tomato,32.33,26.5,Weekend Roadside Market
2026-02-04,Punakha,Cauliflower,-33.75,286.7,Municipal Vegetable Market
2026-02-04,Punakha,Spinach,23.93,44.9,Centenary Farmers Market
2026-02-04,Punakha,Broccoli,39.13,370.8,Weekend Roadside Market
2026-02-04,Punakha,Onion,40.78,77.9,Centenary Farmers Market
2026-02-04,Thimphu,Chilli (fresh),73.12,182.7,Weekend Roadside Market
2026-02-04,Thimphu,Potato,38.51,196.0,Centenary Farmers Market
2026-02-04,Thimphu,Chilli (dried),192.71,276.1,Centenary Farmers Market
2026-02-04,Thimphu,Spinach,40.28,161.7,Municipal Vegetable Market
2026-02-04,Paro,Potato,41.35,157.0,Municipal Vegetable Market
2026-02-04,Paro,Onion,52.22,283.1,Municipal Vegetable Market
2026-02-04,Paro,Tomato,92.42,385.8,Municipal Vegetable Market
2026-02-04,Paro,Radish,24.34,79.2,Weekend Roadside Market
2026-02-04,Paro,Spinach,23.16,216.0,Municipal Vegetable Market
2026-02-05,Thimphu,Onion,56.1,324.7,Centenary Farmers Market
2026-02-05,Thimphu,Chilli (fresh),64.83,294.6,Municipal Vegetable Market
2026-02-05,Thimphu,Potato,28.35,232.3,Municipal Vegetable Market
2026-02-05,Thimphu,Spinach,35.32,346.4,Municipal Vegetable Market
2026-02-05,Chukha,Onion,59.44,328.6,Weekend Roadside Market
2026-02-05,Chukha,Spinach,36.28,364.9,Weekend Roadside Market
2026-02-05,Chukha,Cabbage,21.17,174.7,Weekend Roadside Market
2026-02-05,Chukha,Tomato,64.53,199.6,Municipal Vegetable Market
2026-02-05,Sarpang,Spinach,30.65,309.7,Municipal Vegetable Market
2026-02-05,Sarpang,Broccoli,53.89,355.3,Centenary Farmers Market
2026-02-05,Sarpang,Cabbage,26.14,39.2,Weekend Roadside Market
2026-02-05,Sarpang,Tomato,90.27,450.0,Municipal Vegetable Market
2026-02-05,Sarpang,Chilli (dried),212.22,460.9,Weekend Roadside Market
2026-02-05,Sarpang,Radish,27.47,42.4,Centenary Farmers Market
2026-02-05,Sarpang,Potato,32.96,223.2,Centenary Farmers Market
2026-02-05,Sarpang,Onion,44.59,162.5,Weekend Roadside Market
2026-02-05,Sarpang,Chilli (fresh),118.42,252.0,Municipal Vegetable Market
2026-02-05,Bumthang,  CHILLI (DRIED)  ,268.09,53.3,Weekend Roadside Market
2026-02-05,Bumthang,Cauliflower,59.73,492.6,Centenary Farmers Market
2026-02-05,Bumthang,Potato,47.88,92.3,Centenary Farmers Market
2026-02-05,Bumthang,Chilli (fresh),131.66,368.5,Weekend Roadside Market
2026-02-05,Bumthang,Broccoli,-56.58,464.2,Municipal Vegetable Market
2026-02-05,Bumthang,Radish,17.14,314.9,Centenary Farmers Market
2026-02-05,Punakha,Cabbage,23.06,258.1,Centenary Farmers Market
2026-02-05,Punakha,  POTATO  ,40.25,225.5,Municipal Vegetable Market
2026-02-05,Punakha,Spinach,47.43,26.6,Centenary Farmers Market
2026-02-05,Punakha,Cauliflower,47.73,426.5,Municipal Vegetable Market
2026-02-05,Punakha,Onion,57.84,235.0,Municipal Vegetable Market
2026-02-05,Punakha,Chilli (dried),231.73,301.8,Weekend Roadside Market
2026-02-05,Samtse,Tomato,68.14,155.4,Weekend Roadside Market
2026-02-05,Samtse,Cabbage,26.12,123.9,Centenary Farmers Market
2026-02-05,Samtse,Broccoli,53.57,95.3,Weekend Roadside Market
2026-02-05,Samtse,Spinach,38.02,456.9,Municipal Vegetable Market
2026-02-05,Samtse,Onion,40.47,55.2,Weekend Roadside Market
2026-02-05,Samtse,Cauliflower,50.15,112.7,Weekend Roadside Market
2026-02-05,Samtse,Chilli (fresh),90.01,447.0,Weekend Roadside Market
2026-02-05,Samtse,Potato,34.99,426.7,Weekend Roadside Market
2026-02-05,Samtse,Radish,21.75,331.5,Centenary Farmers Market
2026-02-05,Trongsa,Cauliflower,58.37,116.0,Weekend Roadside Market
2026-02-05,Trongsa,Radish,24.11,307.7,Municipal Vegetable Market
2026-02-05,Trongsa,Potato,33.0,149.3,Municipal Vegetable Market
2026-02-05,Trongsa,Chilli (fresh),62.48,460.8,Centenary Farmers Market
2026-02-05,Lhuentse,Potato,25.54,452.4,Weekend Roadside Market
2026-02-05,Lhuentse,Chilli (dried),237.51,270.9,Municipal Vegetable Market
2026-02-05,Lhuentse,  CAULIFLOWER  ,39.43,483.7,Municipal Vegetable Market
2026-02-05,Lhuentse,Broccoli,59.48,270.1,Municipal Vegetable Market
2026-02-05,Lhuentse,Chilli (fresh),56.29,203.7,Municipal Vegetable Market
2026-02-05,Lhuentse,  ONION  ,61.11,389.5,Weekend Roadside Market
2026-02-05,Lhuentse,Cabbage,29.73,116.8,Municipal Vegetable Market
2026-02-05,Lhuentse,Spinach,43.36,413.9,Centenary Farmers Market
2026-02-05,Paro,Chilli (fresh),98.32,103.2,Weekend Roadside Market
2026-02-05,Paro,Potato,30.66,312.2,Municipal Vegetable Market
2026-02-05,Paro,Tomato,38.56,326.2,Weekend Roadside Market
2026-02-05,Paro,Cauliflower,55.88,253.7,Municipal Vegetable Market
2026-02-05,Paro,Chilli (dried),202.41,149.7,Centenary Farmers Market
2026-02-05,Paro,Cabbage,21.95,380.9,Municipal Vegetable Market
2026-02-05,Paro,Spinach,34.31,326.8,Centenary Farmers Market
2026-02-05,Tsirang,Radish,21.43,332.3,Centenary Farmers Market
2026-02-05,Tsirang,Potato,40.68,87.2,Weekend Roadside Market
2026-02-05,Tsirang,Chilli (dried),195.12,39.6,Centenary Farmers Market
2026-02-05,Tsirang,Onion,47.65,194.0,Municipal Vegetable Market
2026-02-05,Tsirang,  CHILLI (FRESH)  ,98.82,148.3,Weekend Roadside Market
2026-02-05,Tsirang,Broccoli,70.3,422.8,Municipal Vegetable Market
2026-02-05,Tsirang,Cabbage,25.7,70.9,Municipal Vegetable Market
2026-02-05,Tsirang,Spinach,43.34,373.7,Municipal Vegetable Market
2026-02-05,Zhemgang,Chilli (dried),282.95,,Municipal Vegetable Market
2026-02-05,Zhemgang,Spinach,37.56,484.0,Weekend Roadside Market
2026-02-05,Zhemgang,Cauliflower,62.86,63.4,Weekend Roadside Market
2026-02-05,Zhemgang,Radish,19.13,183.1,Municipal Vegetable Market
2026-02-05,Zhemgang,Chilli (fresh),151.97,133.1,Municipal Vegetable Market
2026-02-05,Zhemgang,Broccoli,63.06,298.1,Centenary Farmers Market
2026-02-05,Mongar,Potato,39.02,408.8,Municipal Vegetable Market
2026-02-05,Mongar,Broccoli,74.82,170.7,Centenary Farmers Market
2026-02-05,Mongar,Cauliflower,56.63,349.0,Municipal Vegetable Market
2026-02-05,Mongar,Chilli (dried),247.55,309.2,Weekend Roadside Market
2026-02-05,Mongar,Spinach,40.54,100.5,Weekend Roadside Market
2026-02-05,Mongar,Tomato,58.04,433.4,Centenary Farmers Market
2026-02-05,Mongar,Chilli (fresh),113.34,106.6,Weekend Roadside Market
2026-02-05,Mongar,Radish,16.95,441.7,Weekend Roadside Market
2026-02-05,Haa,Radish,26.0,385.0,Weekend Roadside Market
2026-02-05,Haa,Cauliflower,33.77,90.4,Weekend Roadside Market
2026-02-05,Haa,Cabbage,20.59,265.5,Municipal Vegetable Market
2026-02-05,Haa,Tomato,39.95,41.2,Municipal Vegetable Market
2026-02-05,Haa,Spinach,35.23,128.1,Centenary Farmers Market
2026-02-05,Haa,Potato,31.99,68.7,Centenary Farmers Market
2026-02-05,Haa,Chilli (fresh),64.53,323.4,Weekend Roadside Market
2026-02-05,Haa,Broccoli,41.13,64.9,Municipal Vegetable Market
2026-02-05,Trashigang,Tomato,83.45,168.1,Municipal Vegetable Market
2026-02-05,Trashigang,Broccoli,84.93,489.3,Municipal Vegetable Market
2026-02-05,Trashigang,Radish,19.68,380.0,Weekend Roadside Market
2026-02-05,Trashigang,Potato,37.53,316.6,Weekend Roadside Market
2026-02-05,Trashigang,Chilli (dried),345.17,321.2,Municipal Vegetable Market
2026-02-05,Trashigang,Onion,59.23,31.9,Centenary Farmers Market
2026-02-05,Trashigang,Cabbage,32.07,51.9,Centenary Farmers Market
2026-02-05,Trashigang,Cauliflower,52.85,120.0,Centenary Farmers Market
2026-02-05,Wangdue Phodrang,Chilli (dried),249.03,418.3,Municipal Vegetable Market
2026-02-05,Wangdue Phodrang,Broccoli,81.22,128.8,Centenary Farmers Market
2026-02-05,Wangdue Phodrang,Spinach,29.76,320.9,Municipal Vegetable Market
2026-02-05,Wangdue Phodrang,Cabbage,15.21,119.5,Municipal Vegetable Market
2026-02-05,Wangdue Phodrang,Potato,35.01,185.8,Weekend Roadside Market
2026-02-05,Wangdue Phodrang,  TOMATO  ,85.35,375.5,Weekend Roadside Market
2026-02-05,Wangdue Phodrang,Chilli (fresh),54.85,99.5,Weekend Roadside Market
2026-02-05,Wangdue Phodrang,Radish,26.5,447.8,Centenary Farmers Market
2026-02-05,Wangdue Phodrang,Onion,57.99,446.9,Weekend Roadside Market
2026-02-06,Mongar,  ONION  ,55.4,201.2,Municipal Vegetable Market
2026-02-06,Mongar,Potato,48.27,459.3,Municipal Vegetable Market
2026-02-06,Mongar,Cauliflower,59.26,84.1,Weekend Roadside Market
2026-02-06,Mongar,Broccoli,52.17,120.2,Municipal Vegetable Market
2026-02-06,Mongar,Cabbage,23.11,27.7,Municipal Vegetable Market
2026-02-06,Mongar,Radish,21.7,213.7,Municipal Vegetable Market
2026-02-06,Mongar,Spinach,37.65,239.8,Municipal Vegetable Market
2026-02-06,Mongar,Chilli (fresh),124.7,45.2,Weekend Roadside Market
2026-02-06,Mongar,Chilli (dried),214.82,395.5,Municipal Vegetable Market
2026-02-06,Mongar,Tomato,66.84,383.8,Weekend Roadside Market
2026-02-06,Sarpang,Cabbage,22.67,376.6,Municipal Vegetable Market
2026-02-06,Sarpang,Tomato,87.57,150.1,Municipal Vegetable Market
2026-02-06,Sarpang,Potato,31.3,457.1,Centenary Farmers Market
2026-02-06,Sarpang,Spinach,38.2,464.1,Municipal Vegetable Market
2026-02-06,Sarpang,Broccoli,67.95,418.1,Centenary Farmers Market
2026-02-06,Sarpang,Radish,22.83,243.9,Municipal Vegetable Market
2026-02-06,Chukha,Potato,37.16,266.6,Centenary Farmers Market
2026-02-06,Chukha,Onion,44.59,277.2,Centenary Farmers Market
2026-02-06,Chukha,Tomato,34.84,129.8,Municipal Vegetable Market
2026-02-06,Chukha,Cabbage,26.89,283.3,Weekend Roadside Market
2026-02-06,Chukha,Chilli (fresh),104.51,164.6,Municipal Vegetable Market
2026-02-06,Chukha,Radish,24.37,88.5,Municipal Vegetable Market
2026-02-06,Thimphu,Cabbage,15.39,480.3,Municipal Vegetable Market
2026-02-06,Thimphu,Onion,52.99,344.1,Centenary Farmers Market
2026-02-06,Thimphu,Tomato,67.24,216.3,Centenary Farmers Market
2026-02-06,Thimphu,Broccoli,61.18,65.8,Municipal Vegetable Market
2026-02-06,Thimphu,Radish,19.33,429.4,Municipal Vegetable Market
2026-02-06,Thimphu,Cauliflower,52.74,339.1,Centenary Farmers Market
2026-02-06,Thimphu,Potato,47.39,383.6,Centenary Farmers Market
2026-02-06,Thimphu,Spinach,25.8,112.4,Weekend Roadside Market
2026-02-06,Thimphu,Chilli (fresh),150.09,96.0,Weekend Roadside Market
2026-02-06,Thimphu,Chilli (dried),261.34,124.0,Centenary Farmers Market
2026-02-06,Punakha,Spinach,22.4,46.2,Weekend Roadside Market
2026-02-06,Punakha,Cauliflower,48.71,454.4,Centenary Farmers Market
2026-02-06,Punakha,Potato,33.39,418.6,Municipal Vegetable Market
2026-02-06,Punakha,Cabbage,17.05,480.7,Municipal Vegetable Market
2026-02-06,Punakha,Chilli (dried),277.9,481.0,Municipal Vegetable Market
2026-02-06,Punakha,Tomato,67.35,164.1,Municipal Vegetable Market
2026-02-06,Punakha,Chilli (fresh),94.61,198.0,Municipal Vegetable Market
2026-02-06,Punakha,Radish,26.15,365.4,Weekend Roadside Market
2026-02-06,Trongsa,Cauliflower,46.06,162.9,Municipal Vegetable Market
2026-02-06,Trongsa,Chilli (dried),305.47,476.4,Weekend Roadside Market
2026-02-06,Trongsa,Onion,48.59,217.2,Municipal Vegetable Market
2026-02-06,Trongsa,Spinach,22.42,208.8,Weekend Roadside Market
2026-02-06,Trongsa,Cabbage,19.15,446.9,Weekend Roadside Market
2026-02-06,Trongsa,Broccoli,83.56,260.0,Centenary Farmers Market
2026-02-06,Trongsa,Radish,21.06,137.5,Municipal Vegetable Market
2026-02-06,Trongsa,Potato,30.98,418.4,Centenary Farmers Market
2026-02-06,Trongsa,Tomato,90.78,453.8,Centenary Farmers Market
2026-02-06,Bumthang,Chilli (fresh),131.77,232.2,Centenary Farmers Market
2026-02-06,Bumthang,Cabbage,26.03,98.9,Weekend Roadside Market
2026-02-06,Bumthang,Chilli (dried),302.87,240.8,Weekend Roadside Market
2026-02-06,Bumthang,Potato,36.68,209.8,Weekend Roadside Market
2026-02-06,Bumthang,Spinach,33.19,218.5,Municipal Vegetable Market
2026-02-06,Bumthang,Broccoli,70.42,32.3,Weekend Roadside Market
2026-02-06,Bumthang,Radish,19.61,478.8,Centenary Farmers Market
2026-02-06,Bumthang,Onion,47.0,138.5,Weekend Roadside Market
2026-02-06,Samtse,Chilli (fresh),126.0,460.5,Municipal Vegetable Market
2026-02-06,Samtse,Broccoli,73.15,68.2,Centenary Farmers Market
2026-02-06,Samtse,Radish,14.03,54.2,Municipal Vegetable Market
2026-02-06,Samtse,Chilli (dried),218.01,69.8,Centenary Farmers Market
2026-02-06,Tsirang,Cabbage,31.35,214.0,Weekend Roadside Market
2026-02-06,Tsirang,Potato,32.25,160.1,Centenary Farmers Market
2026-02-06,Tsirang,Radish,30.11,165.1,Municipal Vegetable Market
2026-02-06,Tsirang,Cauliflower,35.12,353.8,Weekend Roadside Market
2026-02-06,Tsirang,Chilli (dried),272.72,462.0,Municipal Vegetable Market
2026-02-06,Tsirang,Broccoli,88.33,399.5,Centenary Farmers Market
2026-02-06,Tsirang,Spinach,32.6,426.8,Centenary Farmers Market
2026-02-06,Tsirang,Chilli (fresh),116.26,467.8,Weekend Roadside Market
2026-02-06,Tsirang,Tomato,42.72,428.5,Municipal Vegetable Market
2026-02-06,Haa,Broccoli,75.85,202.7,Municipal Vegetable Market
2026-02-06,Haa,Chilli (fresh),118.09,325.8,Municipal Vegetable Market
2026-02-06,Haa,Cauliflower,34.45,157.4,Centenary Farmers Market
2026-02-06,Haa,Radish,16.61,59.6,Municipal Vegetable Market
2026-02-06,Paro,Chilli (dried),261.17,104.2,Weekend Roadside Market
2026-02-06,Paro,Cauliflower,32.77,253.5,Centenary Farmers Market
2026-02-06,Paro,Cabbage,23.85,272.3,Municipal Vegetable Market
2026-02-06,Paro,Chilli (fresh),142.63,491.0,Centenary Farmers Market
2026-02-06,Paro,Tomato,73.66,187.0,Weekend Roadside Market
2026-02-06,Paro,Broccoli,72.75,428.8,Centenary Farmers Market
2026-02-06,Paro,Onion,46.0,333.6,Municipal Vegetable Market
2026-02-06,Lhuentse,Potato,35.57,412.8,Weekend Roadside Market
2026-02-06,Lhuentse,Broccoli,60.21,,Centenary Farmers Market
2026-02-06,Lhuentse,Cabbage,26.45,307.8,Weekend Roadside Market
2026-02-06,Lhuentse,Chilli (dried),250.72,23.7,Municipal Vegetable Market
2026-02-06,Lhuentse,Onion,54.97,97.4,Centenary Farmers Market
2026-02-06,Lhuentse,Cauliflower,29.59,153.3,Municipal Vegetable Market
2026-02-06,Lhuentse,Radish,23.53,35.3,Municipal Vegetable Market
2026-02-06,Zhemgang,Broccoli,50.57,429.4,Municipal Vegetable Market
2026-02-06,Zhemgang,Cabbage,26.01,328.7,Weekend Roadside Market
2026-02-06,Zhemgang,Chilli (fresh),84.05,356.1,Weekend Roadside Market
2026-02-06,Zhemgang,Chilli (dried),261.01,135.3,Centenary Farmers Market
2026-02-06,Zhemgang,Potato,37.78,158.1,Weekend Roadside Market
2026-02-06,Zhemgang,Onion,53.87,397.6,Weekend Roadside Market
2026-02-06,Zhemgang,Radish,19.06,403.9,Municipal Vegetable Market
2026-02-06,Trashigang,Cabbage,17.47,491.0,Weekend Roadside Market
2026-02-06,Trashigang,Radish,18.27,391.1,Weekend Roadside Market
2026-02-06,Trashigang,Chilli (fresh),125.78,140.3,Centenary Farmers Market
2026-02-06,Trashigang,Potato,29.8,175.1,Municipal Vegetable Market
2026-02-06,Trashigang,  SPINACH  ,29.88,281.5,Municipal Vegetable Market
2026-02-06,Wangdue Phodrang,Broccoli,71.73,226.0,Municipal Vegetable Market
2026-02-06,Wangdue Phodrang,Cauliflower,40.29,383.0,Municipal Vegetable Market
2026-02-06,Wangdue Phodrang,Potato,27.16,464.7,Municipal Vegetable Market
2026-02-06,Wangdue Phodrang,Onion,50.45,125.6,Centenary Farmers Market
2026-02-06,Wangdue Phodrang,Chilli (dried),239.14,314.2,Municipal Vegetable Market
2026-02-06,Wangdue Phodrang,Radish,24.12,175.1,Centenary Farmers Market
2026-02-06,Wangdue Phodrang,Cabbage,-15.83,122.0,Weekend Roadside Market
2026-02-07,Chukha,Onion,-56.69,290.3,Municipal Vegetable Market
2026-02-07,Chukha,Spinach,24.75,122.2,Weekend Roadside Market
2026-02-07,Chukha,Tomato,46.13,126.7,Centenary Farmers Market
2026-02-07,Chukha,Cauliflower,42.0,154.2,Centenary Farmers Market
2026-02-07,Chukha,Radish,24.69,232.5,Centenary Farmers Market
2026-02-07,Chukha,Potato,35.68,61.8,Municipal Vegetable Market
2026-02-07,Paro,Chilli (fresh),112.41,22.4,Centenary Farmers Market
2026-02-07,Paro,Chilli (dried),280.05,130.7,Centenary Farmers Market
2026-02-07,Paro,Cauliflower,46.57,92.6,Municipal Vegetable Market
2026-02-07,Paro,Broccoli,50.38,199.4,Centenary Farmers Market
2026-02-07,Paro,Tomato,36.65,108.2,Weekend Roadside Market
2026-02-07,Paro,Cabbage,16.91,363.5,Weekend Roadside Market
2026-02-07,Zhemgang,Onion,76.47,88.5,Centenary Farmers Market
2026-02-07,Zhemgang,Tomato,79.08,132.5,Municipal Vegetable Market
2026-02-07,Zhemgang,Potato,31.14,179.1,Municipal Vegetable Market
2026-02-07,Zhemgang,Broccoli,48.79,315.2,Municipal Vegetable Market
2026-02-07,Zhemgang,Chilli (fresh),140.42,487.5,Municipal Vegetable Market
2026-02-07,Zhemgang,Radish,20.41,331.1,Municipal Vegetable Market
2026-02-07,Haa,Cabbage,21.86,138.0,Weekend Roadside Market
2026-02-07,Haa,Onion,58.14,322.0,Municipal Vegetable Market
2026-02-07,Haa,Spinach,25.09,79.1,Municipal Vegetable Market
2026-02-07,Haa,Tomato,80.43,156.6,Weekend Roadside Market
2026-02-07,Haa,Potato,29.43,311.0,Centenary Farmers Market
2026-02-07,Haa,Chilli (fresh),91.57,456.0,Weekend Roadside Market
2026-02-07,Haa,Radish,27.96,55.1,Centenary Farmers Market
2026-02-07,Haa,Chilli (dried),241.3,314.1,Centenary Farmers Market
2026-02-07,Mongar,Cabbage,21.64,443.5,Municipal Vegetable Market
2026-02-07,Mongar,Spinach,24.23,340.3,Centenary Farmers Market
2026-02-07,Mongar,Chilli (fresh),88.38,226.9,Centenary Farmers Market
2026-02-07,Mongar,Cauliflower,51.24,171.6,Municipal Vegetable Market
2026-02-07,Mongar,Onion,65.74,208.3,Municipal Vegetable Market
2026-02-07,Mongar,Radish,19.45,224.4,Centenary Farmers Market
2026-02-07,Wangdue Phodrang,Cabbage,22.44,297.7,Weekend Roadside Market
2026-02-07,Wangdue Phodrang,Potato,37.66,342.6,Municipal Vegetable Market
2026-02-07,Wangdue Phodrang,Tomato,66.97,473.4,Weekend Roadside Market
2026-02-07,Wangdue Phodrang,Chilli (fresh),113.32,441.1,Centenary Farmers Market
2026-02-07,Wangdue Phodrang,Onion,69.17,452.5,Centenary Farmers Market
2026-02-07,Wangdue Phodrang,Broccoli,72.67,351.0,Weekend Roadside Market
2026-02-07,Samtse,Spinach,28.55,240.3,Centenary Farmers Market
2026-02-07,Samtse,Broccoli,57.65,423.6,Centenary Farmers Market
2026-02-07,Samtse,Chilli (dried),320.92,464.7,Weekend Roadside Market
2026-02-07,Samtse,Radish,19.53,370.3,Centenary Farmers Market
2026-02-07,Samtse,Potato,30.84,,Weekend Roadside Market
2026-02-07,Samtse,Tomato,46.36,92.7,Centenary Farmers Market
2026-02-07,Trashigang,Tomato,81.88,427.6,Weekend Roadside Market
2026-02-07,Trashigang,Chilli (dried),232.4,279.3,Municipal Vegetable Market
2026-02-07,Trashigang,Cauliflower,30.87,181.1,Weekend Roadside Market
2026-02-07,Trashigang,Spinach,43.17,31.5,Municipal Vegetable Market
2026-02-07,Trashigang,Radish,17.4,89.9,Weekend Roadside Market
2026-02-07,Trashigang,Broccoli,79.12,415.9,Centenary Farmers Market
2026-02-07,Trashigang,Cabbage,15.87,451.8,Weekend Roadside Market
2026-02-07,Trashigang,Potato,38.94,271.5,Weekend Roadside Market
2026-02-07,Punakha,Tomato,46.11,204.8,Weekend Roadside Market
2026-02-07,Punakha,Cabbage,18.58,69.5,Weekend Roadside Market
2026-02-07,Punakha,Potato,-27.72,40.2,Weekend Roadside Market
2026-02-07,Punakha,Chilli (dried),209.79,72.8,Municipal Vegetable Market
2026-02-07,Punakha,Spinach,31.56,242.0,Weekend Roadside Market
2026-02-07,Punakha,Cauliflower,49.61,252.2,Centenary Farmers Market
2026-02-07,Lhuentse,Cauliflower,52.91,191.0,Weekend Roadside Market
2026-02-07,Lhuentse,Radish,20.24,40.0,Municipal Vegetable Market
2026-02-07,Lhuentse,Broccoli,48.33,191.1,Weekend Roadside Market
2026-02-07,Lhuentse,Potato,39.64,138.5,Centenary Farmers Market
2026-02-07,Lhuentse,Spinach,35.08,96.4,Municipal Vegetable Market
2026-02-07,Lhuentse,Tomato,69.89,40.8,Weekend Roadside Market
2026-02-07,Lhuentse,  CHILLI (FRESH)  ,93.79,437.1,Centenary Farmers Market
2026-02-08,Wangdue Phodrang,Potato,37.77,,Centenary Farmers Market
2026-02-08,Wangdue Phodrang,Chilli (dried),274.55,366.6,Centenary Farmers Market
2026-02-08,Wangdue Phodrang,Onion,72.77,476.1,Municipal Vegetable Market
2026-02-08,Wangdue Phodrang,Cabbage,18.64,260.6,Centenary Farmers Market
2026-02-08,Wangdue Phodrang,Tomato,60.65,20.5,Weekend Roadside Market
2026-02-08,Wangdue Phodrang,Radish,17.52,363.8,Municipal Vegetable Market
2026-02-08,Wangdue Phodrang,Spinach,26.77,44.9,Weekend Roadside Market
2026-02-08,Wangdue Phodrang,Cauliflower,43.02,383.5,Weekend Roadside Market
2026-02-08,Wangdue Phodrang,Broccoli,67.78,200.6,Weekend Roadside Market
2026-02-08,Punakha,Spinach,25.28,28.4,Weekend Roadside Market
2026-02-08,Punakha,Cauliflower,34.28,343.7,Weekend Roadside Market
2026-02-08,Punakha,Tomato,48.7,81.0,Centenary Farmers Market
2026-02-08,Punakha,Potato,32.0,30.2,Weekend Roadside Market
2026-02-08,Punakha,Broccoli,71.74,398.5,Weekend Roadside Market
2026-02-08,Punakha,Onion,54.8,53.2,Weekend Roadside Market
2026-02-08,Punakha,Chilli (fresh),89.32,187.4,Weekend Roadside Market
2026-02-08,Punakha,Chilli (dried),316.39,434.5,Centenary Farmers Market
2026-02-08,Punakha,Radish,17.65,62.8,Centenary Farmers Market
2026-02-08,Punakha,Cabbage,15.15,136.4,Weekend Roadside Market
2026-02-08,Sarpang,Tomato,52.1,268.9,Municipal Vegetable Market
2026-02-08,Sarpang,Chilli (fresh),96.63,,Weekend Roadside Market
2026-02-08,Sarpang,Chilli (dried),295.95,335.8,Centenary Farmers Market
2026-02-08,Sarpang,Potato,36.92,28.4,Centenary Farmers Market
2026-02-08,Sarpang,Cabbage,16.19,441.2,Municipal Vegetable Market
2026-02-08,Sarpang,Cauliflower,52.69,494.4,Municipal Vegetable Market
2026-02-08,Sarpang,Radish,21.23,419.7,Centenary Farmers Market
2026-02-08,Sarpang,Spinach,39.08,272.6,Weekend Roadside Market
2026-02-08,Sarpang,Broccoli,42.18,471.4,Weekend Roadside Market
2026-02-08,Sarpang,Onion,65.08,476.9,Centenary Farmers Market
2026-02-08,Trashigang,Broccoli,76.18,220.2,Centenary Farmers Market
2026-02-08,Trashigang,Potato,37.15,398.7,Centenary Farmers Market
2026-02-08,Trashigang,Chilli (fresh),96.98,492.4,Weekend Roadside Market
2026-02-08,Trashigang,Radish,18.1,21.8,Municipal Vegetable Market
2026-02-08,Trashigang,Chilli (dried),263.68,490.1,Weekend Roadside Market
2026-02-08,Mongar,Potato,34.0,489.8,Centenary Farmers Market
2026-02-08,Mongar,Cauliflower,33.4,131.7,Municipal Vegetable Market
2026-02-08,Mongar,Spinach,37.13,253.2,Municipal Vegetable Market
2026-02-08,Mongar,Cabbage,23.48,335.9,Weekend Roadside Market
2026-02-08,Mongar,Tomato,59.24,339.1,Municipal Vegetable Market
2026-02-08,Samtse,Chilli (dried),266.17,267.1,Weekend Roadside Market
2026-02-08,Samtse,Spinach,21.44,412.2,Centenary Farmers Market
2026-02-08,Samtse,Cauliflower,57.4,312.4,Municipal Vegetable Market
2026-02-08,Samtse,Cabbage,20.71,175.3,Weekend Roadside Market
2026-02-08,Samtse,Tomato,97.53,202.5,Centenary Farmers Market
2026-02-08,Samtse,Radish,27.74,172.2,Centenary Farmers Market
2026-02-08,Samtse,Onion,55.79,474.7,Municipal Vegetable Market
2026-02-08,Samtse,Chilli (fresh),71.95,303.3,Municipal Vegetable Market
2026-02-08,Samtse,Broccoli,57.96,74.8,Municipal Vegetable Market
2026-02-08,Samtse,Potato,27.81,364.8,Centenary Farmers Market
2026-02-08,Trongsa,Spinach,22.08,87.8,Centenary Farmers Market
2026-02-08,Trongsa,Radish,16.58,329.0,Municipal Vegetable Market
2026-02-08,Trongsa,Broccoli,77.41,212.7,Weekend Roadside Market
2026-02-08,Trongsa,Chilli (dried),192.03,310.3,Centenary Farmers Market
2026-02-08,Trongsa,Onion,44.75,259.3,Centenary Farmers Market
2026-02-08,Trongsa,Chilli (fresh),71.27,361.1,Centenary Farmers Market
2026-02-08,Trongsa,Potato,33.76,372.7,Municipal Vegetable Market
2026-02-08,Trongsa,Cauliflower,59.75,407.2,Municipal Vegetable Market
2026-02-08,Lhuentse,Cauliflower,46.18,120.0,Weekend Roadside Market
2026-02-08,Lhuentse,Spinach,24.57,202.8,Municipal Vegetable Market
2026-02-08,Lhuentse,Tomato,65.48,266.8,Weekend Roadside Market
2026-02-08,Lhuentse,Potato,33.17,129.7,Municipal Vegetable Market
2026-02-08,Lhuentse,Onion,72.18,123.6,Municipal Vegetable Market
2026-02-08,Lhuentse,Chilli (fresh),65.39,,Municipal Vegetable Market
2026-02-08,Zhemgang,Tomato,74.6,137.1,Weekend Roadside Market
2026-02-08,Zhemgang,Chilli (fresh),98.4,386.3,Municipal Vegetable Market
2026-02-08,Zhemgang,Chilli (dried),166.47,149.2,Municipal Vegetable Market
2026-02-08,Zhemgang,Cauliflower,32.38,493.2,Weekend Roadside Market
2026-02-08,Zhemgang,Onion,60.05,255.2,Centenary Farmers Market
2026-02-08,Zhemgang,Radish,-24.08,321.9,Weekend Roadside Market
2026-02-08,Zhemgang,Cabbage,20.27,496.5,Centenary Farmers Market
2026-02-08,Zhemgang,Spinach,33.75,184.9,Weekend Roadside Market
2026-02-08,Tsirang,Chilli (fresh),128.56,348.6,Centenary Farmers Market
2026-02-08,Tsirang,Cabbage,17.44,366.3,Centenary Farmers Market
2026-02-08,Tsirang,Chilli (dried),211.36,100.1,Municipal Vegetable Market
2026-02-08,Tsirang,Broccoli,73.9,202.5,Centenary Farmers Market
2026-02-08,Tsirang,Tomato,63.72,273.7,Weekend Roadside Market
2026-02-08,Tsirang,Spinach,40.7,383.2,Centenary Farmers Market
2026-02-08,Thimphu,Chilli (fresh),89.71,350.5,Weekend Roadside Market
2026-02-08,Thimphu,Onion,50.32,219.6,Centenary Farmers Market
2026-02-08,Thimphu,Cabbage,30.52,340.5,Municipal Vegetable Market
2026-02-08,Thimphu,Potato,38.15,224.2,Centenary Farmers Market
2026-02-08,Thimphu,Broccoli,66.25,396.1,Municipal Vegetable Market
2026-02-08,Thimphu,Chilli (dried),192.3,60.2,Municipal Vegetable Market
2026-02-08,Thimphu,Tomato,65.62,55.4,Weekend Roadside Market
2026-02-08,Thimphu,Spinach,40.31,414.3,Weekend Roadside Market
2026-02-08,Haa,Cauliflower,55.34,286.9,Centenary Farmers Market
2026-02-08,Haa,Spinach,38.08,47.4,Municipal Vegetable Market
2026-02-08,Haa,Chilli (fresh),67.13,285.4,Weekend Roadside Market
2026-02-08,Haa,Onion,48.89,201.7,Centenary Farmers Market
2026-02-08,Haa,Potato,26.45,156.9,Municipal Vegetable Market
2026-02-08,Haa,Cabbage,16.96,229.2,Weekend Roadside Market
2026-02-08,Haa,Tomato,38.8,95.3,Weekend Roadside Market
2026-02-08,Haa,Radish,18.64,348.0,Centenary Farmers Market
2026-02-08,Haa,Broccoli,65.72,183.1,Centenary Farmers Market
2026-02-08,Bumthang,Cauliflower,31.64,129.7,Weekend Roadside Market
2026-02-08,Bumthang,Chilli (dried),263.85,397.7,Municipal Vegetable Market
2026-02-08,Bumthang,Cabbage,14.34,85.7,Weekend Roadside Market
2026-02-08,Bumthang,Onion,53.89,375.4,Weekend Roadside Market
2026-02-09,Haa,Tomato,50.82,385.4,Centenary Farmers Market
2026-02-09,Haa,Onion,61.95,118.7,Municipal Vegetable Market
2026-02-09,Haa,Potato,37.92,367.3,Centenary Farmers Market
2026-02-09,Haa,Cabbage,14.89,283.7,Centenary Farmers Market
2026-02-09,Haa,Broccoli,53.12,154.8,Centenary Farmers Market
2026-02-09,Thimphu,Chilli (fresh),111.58,390.1,Weekend Roadside Market
2026-02-09,Thimphu,Radish,23.9,367.4,Weekend Roadside Market
2026-02-09,Thimphu,Chilli (dried),268.78,346.5,Weekend Roadside Market
2026-02-09,Thimphu,Spinach,25.19,379.6,Weekend Roadside Market
2026-02-09,Trashigang,Potato,28.2,67.9,Centenary Farmers Market
2026-02-09,Trashigang,Broccoli,58.03,195.3,Centenary Farmers Market
2026-02-09,Trashigang,Radish,17.33,240.2,Weekend Roadside Market
2026-02-09,Trashigang,Chilli (dried),228.83,147.1,Weekend Roadside Market
2026-02-09,Trashigang,Cabbage,21.49,209.8,Municipal Vegetable Market
2026-02-09,Punakha,Spinach,42.78,135.4,Municipal Vegetable Market
2026-02-09,Punakha,Cabbage,30.93,231.5,Centenary Farmers Market
2026-02-09,Punakha,Chilli (fresh),87.87,426.1,Weekend Roadside Market
2026-02-09,Punakha,Broccoli,46.06,349.9,Weekend Roadside Market
2026-02-09,Punakha,Cauliflower,30.11,207.7,Municipal Vegetable Market
2026-02-09,Punakha,Potato,28.4,73.0,Municipal Vegetable Market
2026-02-09,Punakha,Onion,51.77,109.1,Weekend Roadside Market
2026-02-09,Mongar,Cauliflower,47.22,206.0,Weekend Roadside Market
2026-02-09,Mongar,Chilli (fresh),112.82,131.0,Centenary Farmers Market
2026-02-09,Mongar,Broccoli,75.14,369.9,Weekend Roadside Market
2026-02-09,Mongar,Chilli (dried),233.21,394.1,Weekend Roadside Market
2026-02-09,Mongar,Radish,19.42,204.0,Weekend Roadside Market
2026-02-09,Mongar,Potato,27.89,349.1,Weekend Roadside Market
2026-02-09,Mongar,Spinach,30.68,79.6,Centenary Farmers Market
2026-02-09,Mongar,Cabbage,27.23,212.2,Centenary Farmers Market
2026-02-09,Mongar,Onion,59.61,421.5,Weekend Roadside Market
2026-02-09,Zhemgang,Broccoli,43.71,154.0,Municipal Vegetable Market
2026-02-09,Zhemgang,Spinach,39.05,276.6,Centenary Farmers Market
2026-02-09,Zhemgang,Potato,24.24,404.4,Weekend Roadside Market
2026-02-09,Zhemgang,Chilli (dried),260.52,100.7,Municipal Vegetable Market
2026-02-09,Zhemgang,Cabbage,29.27,381.6,Centenary Farmers Market
2026-02-09,Zhemgang,Onion,55.63,54.1,Weekend Roadside Market
2026-02-09,Samtse,Broccoli,63.54,257.0,Centenary Farmers Market
2026-02-09,Samtse,Potato,33.71,113.3,Centenary Farmers Market
2026-02-09,Samtse,Cauliflower,52.97,297.6,Centenary Farmers Market
2026-02-09,Samtse,Tomato,55.01,191.5,Municipal Vegetable Market
2026-02-09,Samtse,Cabbage,19.65,484.5,Centenary Farmers Market
2026-02-09,Samtse,Radish,23.12,428.3,Weekend Roadside Market
2026-02-09,Samtse,Spinach,31.93,184.2,Municipal Vegetable Market
2026-02-09,Samtse,Chilli (fresh),112.84,442.7,Centenary Farmers Market
2026-02-09,Samtse,Chilli (dried),325.93,436.5,Centenary Farmers Market
2026-02-09,Wangdue Phodrang,Chilli (fresh),95.09,307.2,Municipal Vegetable Market
2026-02-09,Wangdue Phodrang,Cauliflower,44.1,65.0,Municipal Vegetable Market
2026-02-09,Wangdue Phodrang,Potato,46.77,307.0,Weekend Roadside Market
2026-02-09,Wangdue Phodrang,Spinach,21.71,354.0,Municipal Vegetable Market
2026-02-09,Wangdue Phodrang,Onion,41.13,370.1,Weekend Roadside Market
2026-02-09,Chukha,Cabbage,19.68,119.0,Weekend Roadside Market
2026-02-09,Chukha,Spinach,28.47,249.8,Centenary Farmers Market
2026-02-09,Chukha,Radish,15.43,102.4,Centenary Farmers Market
2026-02-09,Chukha,Onion,65.16,423.0,Centenary Farmers Market
2026-02-09,Chukha,Broccoli,58.67,228.3,Municipal Vegetable Market
2026-02-09,Chukha,Chilli (dried),255.4,148.9,Municipal Vegetable Market
2026-02-09,Chukha,Potato,32.2,34.8,Weekend Roadside Market
2026-02-09,Chukha,Cauliflower,31.13,230.8,Municipal Vegetable Market
2026-02-09,Chukha,Tomato,73.79,51.3,Municipal Vegetable Market
2026-02-09,Sarpang,Tomato,57.43,418.8,Centenary Farmers Market
2026-02-09,Sarpang,Cabbage,21.24,456.5,Centenary Farmers Market
2026-02-09,Sarpang,Broccoli,65.39,115.8,Municipal Vegetable Market
2026-02-09,Sarpang,Chilli (fresh),97.02,324.4,Centenary Farmers Market
2026-02-09,Sarpang,Chilli (dried),295.9,223.2,Centenary Farmers Market
2026-02-09,Sarpang,Radish,19.3,140.0,Centenary Farmers Market
2026-02-09,Sarpang,Potato,31.78,318.1,Centenary Farmers Market
2026-02-09,Sarpang,Cauliflower,43.77,21.1,Municipal Vegetable Market
2026-02-09,Tsirang,Chilli (fresh),126.27,246.9,Centenary Farmers Market
2026-02-09,Tsirang,Broccoli,75.13,37.9,Municipal Vegetable Market
2026-02-09,Tsirang,Tomato,54.09,104.8,Weekend Roadside Market
2026-02-09,Tsirang,Onion,48.75,414.2,Centenary Farmers Market
2026-02-09,Tsirang,Spinach,42.97,469.3,Weekend Roadside Market
2026-02-09,Tsirang,Cauliflower,63.57,435.5,Centenary Farmers Market
2026-02-09,Tsirang,Cabbage,27.49,120.6,Weekend Roadside Market
2026-02-09,Bumthang,Tomato,59.38,38.1,Weekend Roadside Market
2026-02-09,Bumthang,Spinach,32.28,468.6,Municipal Vegetable Market
2026-02-09,Bumthang,Cabbage,23.53,226.3,Weekend Roadside Market
2026-02-09,Bumthang,Cauliflower,37.27,356.1,Weekend Roadside Market
2026-02-10,Paro,Chilli (fresh),123.27,369.4,Centenary Farmers Market
2026-02-10,Paro,Radish,17.54,66.0,Municipal Vegetable Market
2026-02-10,Paro,Tomato,66.13,353.3,Municipal Vegetable Market
2026-02-10,Paro,Cauliflower,38.94,488.7,Municipal Vegetable Market
2026-02-10,Paro,Onion,61.71,359.6,Centenary Farmers Market
2026-02-10,Paro,Broccoli,82.32,452.6,Weekend Roadside Market
2026-02-10,Paro,Potato,41.16,404.7,Centenary Farmers Market
2026-02-10,Paro,Cabbage,17.56,432.4,Weekend Roadside Market
2026-02-10,Paro,Chilli (dried),306.03,439.8,Municipal Vegetable Market
2026-02-10,Paro,Spinach,36.08,330.5,Weekend Roadside Market
2026-02-10,Trashigang,Potato,44.64,87.8,Weekend Roadside Market
2026-02-10,Trashigang,Cauliflower,56.61,20.7,Municipal Vegetable Market
2026-02-10,Trashigang,Chilli (fresh),148.57,255.1,Municipal Vegetable Market
2026-02-10,Trashigang,Chilli (dried),199.39,90.4,Centenary Farmers Market
2026-02-10,Trashigang,Tomato,52.42,143.9,Weekend Roadside Market
2026-02-10,Trashigang,Radish,16.03,54.5,Centenary Farmers Market
2026-02-10,Trashigang,Cabbage,17.38,376.5,Centenary Farmers Market
2026-02-10,Trashigang,Broccoli,58.71,191.5,Municipal Vegetable Market
2026-02-10,Trashigang,Onion,40.71,208.4,Weekend Roadside Market
2026-02-10,Trashigang,Spinach,48.06,310.6,Municipal Vegetable Market
2026-02-10,Chukha,Broccoli,83.59,86.4,Municipal Vegetable Market
2026-02-10,Chukha,Tomato,53.74,33.2,Centenary Farmers Market
2026-02-10,Chukha,Radish,17.34,92.1,Municipal Vegetable Market
2026-02-10,Chukha,Onion,48.55,62.4,Municipal Vegetable Market
2026-02-10,Chukha,Cabbage,18.78,47.9,Centenary Farmers Market
2026-02-10,Chukha,Chilli (dried),308.58,198.8,Municipal Vegetable Market
2026-02-10,Trongsa,Tomato,98.32,435.2,Centenary Farmers Market
2026-02-10,Trongsa,Onion,68.05,386.1,Centenary Farmers Market
2026-02-10,Trongsa,Chilli (fresh),103.61,373.1,Municipal Vegetable Market
2026-02-10,Trongsa,Broccoli,54.04,350.9,Weekend Roadside Market
2026-02-10,Trongsa,Chilli (dried),195.81,282.9,Weekend Roadside Market
2026-02-10,Trongsa,Spinach,35.21,212.9,Centenary Farmers Market
2026-02-10,Trongsa,Radish,27.09,386.8,Municipal Vegetable Market
2026-02-10,Trongsa,Potato,35.09,211.9,Weekend Roadside Market
2026-02-10,Trongsa,Cabbage,17.8,375.4,Weekend Roadside Market
2026-02-10,Sarpang,Onion,50.19,295.6,Centenary Farmers Market
2026-02-10,Sarpang,Potato,34.49,346.6,Weekend Roadside Market
2026-02-10,Sarpang,Cabbage,17.98,123.8,Centenary Farmers Market
2026-02-10,Sarpang,Chilli (dried),247.65,122.3,Weekend Roadside Market
2026-02-10,Sarpang,Broccoli,58.53,,Municipal Vegetable Market
2026-02-10,Sarpang,Spinach,23.4,466.4,Weekend Roadside Market
2026-02-10,Sarpang,Tomato,77.62,128.3,Municipal Vegetable Market
2026-02-10,Sarpang,Cauliflower,56.49,218.5,Municipal Vegetable Market
2026-02-10,Lhuentse,Onion,48.74,148.4,Municipal Vegetable Market
2026-02-10,Lhuentse,Cabbage,18.81,273.1,Weekend Roadside Market
2026-02-10,Lhuentse,Chilli (fresh),98.66,440.9,Weekend Roadside Market
2026-02-10,Lhuentse,Potato,46.49,56.5,Centenary Farmers Market
2026-02-10,Lhuentse,Radish,19.8,445.8,Centenary Farmers Market
2026-02-10,Zhemgang,Radish,20.54,294.5,Weekend Roadside Market
2026-02-10,Zhemgang,Chilli (fresh),158.68,51.2,Municipal Vegetable Market
2026-02-10,Zhemgang,Cabbage,26.39,169.6,Centenary Farmers Market
2026-02-10,Zhemgang,Tomato,66.67,489.5,Centenary Farmers Market
2026-02-10,Zhemgang,Spinach,20.38,246.6,Centenary Farmers Market
2026-02-10,Thimphu,Cabbage,15.54,50.1,Centenary Farmers Market
2026-02-10,Thimphu,Chilli (fresh),59.74,62.2,Weekend Roadside Market
2026-02-10,Thimphu,Radish,23.6,283.5,Weekend Roadside Market
2026-02-10,Thimphu,Potato,40.94,379.7,Municipal Vegetable Market
2026-02-10,Thimphu,Chilli (dried),294.86,306.9,Centenary Farmers Market
2026-02-10,Thimphu,Onion,55.18,46.4,Municipal Vegetable Market
2026-02-10,Thimphu,Tomato,67.87,486.4,Weekend Roadside Market
2026-02-11,Thimphu,Cabbage,21.18,101.8,Municipal Vegetable Market
2026-02-11,Thimphu,Cauliflower,34.68,323.1,Municipal Vegetable Market
2026-02-11,Thimphu,Chilli (dried),172.16,130.6,Weekend Roadside Market
2026-02-11,Thimphu,Chilli (fresh),110.43,384.8,Weekend Roadside Market
2026-02-11,Thimphu,Tomato,37.17,329.8,Municipal Vegetable Market
2026-02-11,Thimphu,Broccoli,57.53,406.4,Weekend Roadside Market
2026-02-11,Thimphu,Onion,40.54,452.5,Centenary Farmers Market
2026-02-11,Thimphu,Spinach,34.34,466.3,Weekend Roadside Market
2026-02-11,Thimphu,Potato,26.29,103.3,Centenary Farmers Market
2026-02-11,Thimphu,Radish,18.78,236.6,Municipal Vegetable Market
2026-02-11,Lhuentse,Broccoli,77.49,36.9,Municipal Vegetable Market
2026-02-11,Lhuentse,Potato,27.81,256.2,Weekend Roadside Market
2026-02-11,Lhuentse,Tomato,57.32,457.4,Weekend Roadside Market
2026-02-11,Lhuentse,Cauliflower,43.09,330.6,Centenary Farmers Market
2026-02-11,Lhuentse,Radish,-17.38,112.9,Municipal Vegetable Market
2026-02-11,Lhuentse,Spinach,28.97,453.2,Centenary Farmers Market
2026-02-11,Lhuentse,Chilli (dried),173.0,384.8,Weekend Roadside Market
2026-02-11,Lhuentse,Cabbage,28.27,138.0,Centenary Farmers Market
2026-02-11,Lhuentse,Chilli (fresh),115.28,144.6,Weekend Roadside Market
2026-02-11,Mongar,Chilli (dried),256.71,413.6,Municipal Vegetable Market
2026-02-11,Mongar,Radish,23.39,142.8,Weekend Roadside Market
2026-02-11,Mongar,Chilli (fresh),116.76,403.8,Municipal Vegetable Market
2026-02-11,Mongar,Tomato,57.92,338.0,Weekend Roadside Market
2026-02-11,Mongar,Broccoli,52.16,20.8,Centenary Farmers Market
2026-02-11,Mongar,Potato,28.92,266.8,Municipal Vegetable Market
2026-02-11,Mongar,Spinach,34.29,326.8,Weekend Roadside Market
2026-02-11,Zhemgang,Radish,15.54,325.4,Centenary Farmers Market
2026-02-11,Zhemgang,Chilli (fresh),116.7,321.7,Weekend Roadside Market
2026-02-11,Zhemgang,Spinach,29.33,484.1,Centenary Farmers Market
2026-02-11,Zhemgang,Chilli (dried),315.68,95.1,Municipal Vegetable Market
2026-02-11,Zhemgang,Onion,45.06,256.6,Municipal Vegetable Market
2026-02-11,Zhemgang,Cauliflower,46.73,191.9,Weekend Roadside Market
2026-02-11,Zhemgang,Tomato,-60.99,134.0,Weekend Roadside Market
2026-02-11,Zhemgang,Broccoli,57.04,412.7,Centenary Farmers Market
2026-02-11,Zhemgang,Cabbage,16.77,177.1,Municipal Vegetable Market
2026-02-11,Zhemgang,Potato,28.1,384.5,Weekend Roadside Market
2026-02-11,Tsirang,Cauliflower,45.59,478.4,Weekend Roadside Market
2026-02-11,Tsirang,Broccoli,69.76,164.0,Centenary Farmers Market
2026-02-11,Tsirang,Potato,31.16,401.4,Weekend Roadside Market
2026-02-11,Tsirang,Tomato,81.58,150.8,Centenary Farmers Market
2026-02-11,Tsirang,Onion,46.06,252.6,Municipal Vegetable Market
2026-02-11,Tsirang,Radish,24.08,43.1,Municipal Vegetable Market
2026-02-11,Tsirang,Chilli (dried),301.9,50.2,Weekend Roadside Market
2026-02-11,Punakha,Cauliflower,46.99,61.0,Municipal Vegetable Market
2026-02-11,Punakha,Spinach,37.92,287.4,Centenary Farmers Market
2026-02-11,Punakha,Chilli (dried),225.22,96.2,Centenary Farmers Market
2026-02-11,Punakha,Broccoli,63.49,148.2,Weekend Roadside Market
2026-02-11,Punakha,Tomato,88.8,418.5,Centenary Farmers Market
2026-02-11,Punakha,Radish,28.07,51.0,Municipal Vegetable Market
2026-02-11,Trongsa,Tomato,70.45,152.3,Weekend Roadside Market
2026-02-11,Trongsa,Broccoli,68.53,338.2,Municipal Vegetable Market
2026-02-11,Trongsa,Cabbage,27.36,37.6,Centenary Farmers Market
2026-02-11,Trongsa,Cauliflower,52.55,326.6,Municipal Vegetable Market
2026-02-11,Trongsa,  CHILLI (DRIED)  ,239.52,432.7,Weekend Roadside Market
2026-02-11,Trongsa,Radish,24.38,432.1,Centenary Farmers Market
2026-02-11,Trongsa,Spinach,24.27,121.0,Weekend Roadside Market
2026-02-11,Trongsa,Chilli (fresh),56.6,179.9,Municipal Vegetable Market
2026-02-11,Trongsa,Potato,34.64,338.3,Weekend Roadside Market
2026-02-11,Chukha,Onion,43.48,483.9,Weekend Roadside Market
2026-02-11,Chukha,Spinach,40.31,122.7,Weekend Roadside Market
2026-02-11,Chukha,Broccoli,57.39,285.3,Weekend Roadside Market
2026-02-11,Chukha,Chilli (fresh),101.78,419.8,Municipal Vegetable Market
2026-02-11,Chukha,Chilli (dried),202.26,456.8,Municipal Vegetable Market
2026-02-11,Chukha,Potato,25.92,,Weekend Roadside Market
2026-02-11,Paro,Tomato,68.92,490.0,Weekend Roadside Market
2026-02-11,Paro,Cauliflower,58.03,79.8,Municipal Vegetable Market
2026-02-11,Paro,Spinach,30.15,470.6,Municipal Vegetable Market
2026-02-11,Paro,Onion,42.09,206.4,Centenary Farmers Market
2026-02-12,Mongar,Potato,37.42,357.7,Centenary Farmers Market
2026-02-12,Mongar,Spinach,26.29,399.9,Weekend Roadside Market
2026-02-12,Mongar,Cauliflower,65.17,253.7,Centenary Farmers Market
2026-02-12,Mongar,Onion,54.27,254.7,Municipal Vegetable Market
2026-02-12,Mongar,Tomato,88.76,130.6,Municipal Vegetable Market
2026-02-12,Mongar,Cabbage,14.62,309.7,Municipal Vegetable Market
2026-02-12,Mongar,Chilli (dried),205.72,342.7,Centenary Farmers Market
2026-02-12,Mongar,Radish,22.03,444.5,Weekend Roadside Market
2026-02-12,Paro,Potato,32.45,415.7,Weekend Roadside Market
2026-02-12,Paro,Broccoli,82.51,450.5,Municipal Vegetable Market
2026-02-12,Paro,Spinach,35.7,263.2,Weekend Roadside Market
2026-02-12,Paro,Onion,67.63,479.3,Centenary Farmers Market
2026-02-12,Paro,Cauliflower,61.13,59.7,Centenary Farmers Market
2026-02-12,Paro,Cabbage,24.22,179.9,Weekend Roadside Market
2026-02-12,Paro,Chilli (dried),255.83,322.0,Municipal Vegetable Market
2026-02-12,Paro,Chilli (fresh),98.59,154.5,Centenary Farmers Market
2026-02-12,Paro,Tomato,71.03,454.4,Municipal Vegetable Market
2026-02-12,Paro,Radish,18.52,182.3,Centenary Farmers Market
2026-02-12,Sarpang,Broccoli,81.28,164.4,Centenary Farmers Market
2026-02-12,Sarpang,Chilli (fresh),125.41,342.0,Centenary Farmers Market
2026-02-12,Sarpang,Spinach,24.08,148.1,Centenary Farmers Market
2026-02-12,Sarpang,Cauliflower,51.96,25.5,Centenary Farmers Market
2026-02-12,Zhemgang,Spinach,46.95,251.9,Centenary Farmers Market
2026-02-12,Zhemgang,Broccoli,52.35,21.2,Municipal Vegetable Market
2026-02-12,Zhemgang,Potato,37.9,259.5,Centenary Farmers Market
2026-02-12,Zhemgang,Onion,59.5,69.4,Municipal Vegetable Market
2026-02-12,Zhemgang,Tomato,72.33,425.6,Weekend Roadside Market
2026-02-12,Zhemgang,Radish,18.6,314.2,Municipal Vegetable Market
2026-02-12,Thimphu,Broccoli,78.44,483.3,Weekend Roadside Market
2026-02-12,Thimphu,Potato,29.45,337.8,Centenary Farmers Market
2026-02-12,Thimphu,Cauliflower,29.35,434.4,Weekend Roadside Market
2026-02-12,Thimphu,Spinach,22.79,478.2,Municipal Vegetable Market
2026-02-12,Thimphu,Chilli (dried),220.85,326.1,Municipal Vegetable Market
2026-02-12,Samtse,Cauliflower,45.71,383.2,Weekend Roadside Market
2026-02-12,Samtse,Potato,31.49,424.7,Weekend Roadside Market
2026-02-12,Samtse,  CHILLI (DRIED)  ,212.53,163.1,Weekend Roadside Market
2026-02-12,Samtse,Cabbage,18.83,405.6,Centenary Farmers Market
2026-02-12,Samtse,Radish,24.29,358.9,Centenary Farmers Market
2026-02-12,Lhuentse,Cabbage,15.47,266.3,Weekend Roadside Market
2026-02-12,Lhuentse,Chilli (dried),295.44,384.0,Weekend Roadside Market
2026-02-12,Lhuentse,Chilli (fresh),136.25,112.3,Municipal Vegetable Market
2026-02-12,Lhuentse,Broccoli,59.24,141.8,Weekend Roadside Market
2026-02-12,Chukha,Radish,18.56,382.9,Municipal Vegetable Market
2026-02-12,Chukha,Chilli (fresh),125.55,24.5,Municipal Vegetable Market
2026-02-12,Chukha,Onion,73.73,403.5,Municipal Vegetable Market
2026-02-12,Chukha,Cabbage,17.48,384.9,Centenary Farmers Market
2026-02-12,Chukha,Cauliflower,46.81,368.1,Municipal Vegetable Market
2026-02-12,Chukha,Broccoli,61.7,75.8,Centenary Farmers Market
2026-02-13,Trongsa,Cauliflower,43.91,394.1,Weekend Roadside Market
2026-02-13,Trongsa,Potato,46.68,218.5,Centenary Farmers Market
2026-02-13,Trongsa,Onion,55.43,442.9,Municipal Vegetable Market
2026-02-13,Trongsa,Broccoli,63.68,399.3,Centenary Farmers Market
2026-02-13,Trongsa,Chilli (dried),233.53,494.7,Centenary Farmers Market
2026-02-13,Trongsa,Cabbage,19.92,273.6,Municipal Vegetable Market
2026-02-13,Chukha,Broccoli,50.07,232.6,Municipal Vegetable Market
2026-02-13,Chukha,Chilli (dried),194.32,293.4,Municipal Vegetable Market
2026-02-13,Chukha,Cauliflower,38.13,384.2,Municipal Vegetable Market
2026-02-13,Chukha,Potato,31.11,191.6,Centenary Farmers Market
2026-02-13,Chukha,Cabbage,26.14,484.1,Weekend Roadside Market
2026-02-13,Chukha,Tomato,51.63,136.1,Centenary Farmers Market
2026-02-13,Chukha,Onion,41.47,212.5,Weekend Roadside Market
2026-02-13,Chukha,Chilli (fresh),103.35,,Centenary Farmers Market
2026-02-13,Chukha,Radish,21.33,230.1,Municipal Vegetable Market
2026-02-13,Zhemgang,Radish,22.23,203.6,Municipal Vegetable Market
2026-02-13,Zhemgang,Onion,48.31,474.6,Centenary Farmers Market
2026-02-13,Zhemgang,Chilli (fresh),121.91,24.7,Centenary Farmers Market
2026-02-13,Zhemgang,Spinach,28.31,138.8,Municipal Vegetable Market
2026-02-13,Zhemgang,Broccoli,64.98,250.2,Municipal Vegetable Market
2026-02-13,Sarpang,Potato,26.24,56.1,Municipal Vegetable Market
2026-02-13,Sarpang,Chilli (dried),265.76,212.6,Municipal Vegetable Market
2026-02-13,Sarpang,Broccoli,72.33,246.5,Weekend Roadside Market
2026-02-13,Sarpang,Cabbage,24.65,355.8,Municipal Vegetable Market
2026-02-13,Sarpang,Onion,57.66,412.4,Municipal Vegetable Market
2026-02-13,Sarpang,Tomato,35.22,113.5,Centenary Farmers Market
2026-02-13,Sarpang,Cauliflower,26.72,39.8,Weekend Roadside Market
2026-02-13,Wangdue Phodrang,Chilli (dried),280.32,162.8,Municipal Vegetable Market
2026-02-13,Wangdue Phodrang,Broccoli,56.03,52.7,Municipal Vegetable Market
2026-02-13,Wangdue Phodrang,Potato,32.51,66.9,Centenary Farmers Market
2026-02-13,Wangdue Phodrang,Spinach,29.52,130.3,Weekend Roadside Market
2026-02-13,Paro,Tomato,88.42,256.8,Centenary Farmers Market
2026-02-13,Paro,Radish,22.86,401.9,Municipal Vegetable Market
2026-02-13,Paro,Chilli (fresh),70.46,148.6,Weekend Roadside Market
2026-02-13,Paro,Cabbage,20.89,195.2,Weekend Roadside Market
2026-02-13,Paro,Potato,41.73,83.5,Weekend Roadside Market
2026-02-13,Paro,Broccoli,50.7,283.9,Weekend Roadside Market
2026-02-13,Tsirang,Spinach,25.62,456.6,Municipal Vegetable Market
2026-02-13,Tsirang,Potato,47.32,57.1,Centenary Farmers Market
2026-02-13,Tsirang,Tomato,77.76,453.9,Municipal Vegetable Market
2026-02-13,Tsirang,Broccoli,91.15,482.3,Centenary Farmers Market
2026-02-13,Tsirang,Onion,51.59,82.5,Weekend Roadside Market
2026-02-13,Tsirang,Cabbage,15.09,296.1,Municipal Vegetable Market
2026-02-13,Tsirang,Chilli (fresh),102.96,250.4,Municipal Vegetable Market
2026-02-13,Tsirang,Chilli (dried),336.46,318.9,Municipal Vegetable Market
2026-02-13,Lhuentse,Onion,74.18,330.8,Centenary Farmers Market
2026-02-13,Lhuentse,Spinach,28.96,330.7,Weekend Roadside Market
2026-02-13,Lhuentse,Cabbage,18.41,,Centenary Farmers Market
2026-02-13,Lhuentse,Chilli (dried),276.44,249.4,Centenary Farmers Market
2026-02-13,Lhuentse,Chilli (fresh),129.45,86.4,Municipal Vegetable Market
2026-02-13,Lhuentse,Cauliflower,43.64,45.5,Centenary Farmers Market
2026-02-13,Lhuentse,Radish,31.09,345.8,Centenary Farmers Market
2026-02-14,Punakha,Broccoli,70.8,235.2,Municipal Vegetable Market
2026-02-14,Punakha,Chilli (fresh),144.32,330.7,Municipal Vegetable Market
2026-02-14,Punakha,Radish,21.11,468.4,Municipal Vegetable Market
2026-02-14,Punakha,Chilli (dried),219.68,98.5,Municipal Vegetable Market
2026-02-14,Punakha,Tomato,37.93,88.8,Weekend Roadside Market
2026-02-14,Trashigang,Cauliflower,35.3,169.6,Centenary Farmers Market
2026-02-14,Trashigang,Tomato,69.78,336.2,Centenary Farmers Market
2026-02-14,Trashigang,Spinach,23.95,307.4,Weekend Roadside Market
2026-02-14,Trashigang,Chilli (fresh),148.74,148.5,Weekend Roadside Market
2026-02-14,Lhuentse,Broccoli,51.49,353.1,Municipal Vegetable Market
2026-02-14,Lhuentse,Cauliflower,50.66,138.2,Municipal Vegetable Market
2026-02-14,Lhuentse,Potato,38.11,106.8,Centenary Farmers Market
2026-02-14,Lhuentse,Chilli (dried),219.42,141.7,Weekend Roadside Market
2026-02-14,Lhuentse,Radish,18.16,130.5,Centenary Farmers Market
2026-02-14,Lhuentse,Cabbage,16.66,66.0,Centenary Farmers Market
2026-02-14,Lhuentse,Tomato,58.53,46.0,Weekend Roadside Market
2026-02-14,Lhuentse,Onion,37.23,449.8,Weekend Roadside Market
2026-02-14,Lhuentse,Chilli (fresh),67.54,95.0,Municipal Vegetable Market
2026-02-14,Samtse,Potato,37.33,481.3,Centenary Farmers Market
2026-02-14,Samtse,Spinach,41.31,170.7,Municipal Vegetable Market
2026-02-14,Samtse,Cabbage,24.32,267.2,Weekend Roadside Market
2026-02-14,Samtse,Tomato,79.5,377.6,Centenary Farmers Market
2026-02-14,Samtse,Broccoli,63.76,475.3,Municipal Vegetable Market
2026-02-14,Samtse,Radish,14.72,55.1,Centenary Farmers Market
2026-02-14,Samtse,Chilli (dried),272.41,192.1,Weekend Roadside Market
2026-02-14,Samtse,Onion,51.92,352.5,Municipal Vegetable Market
2026-02-14,Samtse,Cauliflower,45.62,41.2,Municipal Vegetable Market
2026-02-14,Samtse,Chilli (fresh),58.56,91.4,Weekend Roadside Market
2026-02-14,Chukha,Potato,30.2,271.0,Municipal Vegetable Market
2026-02-14,Chukha,Tomato,54.82,348.8,Municipal Vegetable Market
2026-02-14,Chukha,Cauliflower,31.91,180.4,Municipal Vegetable Market
2026-02-14,Chukha,  ONION  ,54.75,25.8,Centenary Farmers Market
2026-02-14,Chukha,Broccoli,71.67,343.2,Municipal Vegetable Market
2026-02-14,Paro,Cauliflower,55.11,33.8,Weekend Roadside Market
2026-02-14,Paro,Tomato,87.91,307.2,Weekend Roadside Market
2026-02-14,Paro,Potato,29.86,283.3,Municipal Vegetable Market
2026-02-14,Paro,Chilli (fresh),69.77,228.7,Weekend Roadside Market
2026-02-14,Paro,Radish,25.01,255.9,Centenary Farmers Market
2026-02-14,Paro,Cabbage,20.92,195.4,Municipal Vegetable Market
2026-02-14,Bumthang,Radish,20.25,365.5,Centenary Farmers Market
2026-02-14,Bumthang,Potato,34.39,135.3,Municipal Vegetable Market
2026-02-14,Bumthang,Spinach,32.49,257.7,Weekend Roadside Market
2026-02-14,Bumthang,Cabbage,20.41,282.8,Weekend Roadside Market
2026-02-14,Sarpang,Potato,42.18,496.4,Weekend Roadside Market
2026-02-14,Sarpang,Chilli (dried),266.04,120.2,Municipal Vegetable Market
2026-02-14,Sarpang,Onion,-51.25,66.8,Centenary Farmers Market
2026-02-14,Sarpang,Cauliflower,34.31,342.2,Centenary Farmers Market
2026-02-14,Sarpang,Radish,16.06,469.7,Centenary Farmers Market
2026-02-14,Sarpang,Spinach,31.57,481.7,Municipal Vegetable Market
2026-02-14,Sarpang,Tomato,44.94,352.7,Municipal Vegetable Market
2026-02-14,Sarpang,Broccoli,45.56,,Weekend Roadside Market
2026-02-14,Sarpang,Chilli (fresh),57.78,477.9,Centenary Farmers Market
2026-02-14,Zhemgang,Cabbage,26.64,455.9,Municipal Vegetable Market
2026-02-14,Zhemgang,Chilli (dried),226.34,106.3,Weekend Roadside Market
2026-02-14,Zhemgang,Onion,50.22,36.1,Weekend Roadside Market
2026-02-14,Zhemgang,Potato,26.9,175.0,Weekend Roadside Market
2026-02-14,Zhemgang,Spinach,23.56,96.8,Municipal Vegetable Market
2026-02-14,Zhemgang,Radish,23.48,53.8,Municipal Vegetable Market
2026-02-14,Zhemgang,Cauliflower,32.09,421.1,Centenary Farmers Market
2026-02-14,Zhemgang,Broccoli,75.0,409.8,Municipal Vegetable Market
2026-02-14,Zhemgang,Chilli (fresh),90.22,60.9,Municipal Vegetable Market
2026-02-14,Zhemgang,Tomato,68.83,79.6,Centenary Farmers Market
2026-02-14,Mongar,Onion,55.53,125.8,Centenary Farmers Market
2026-02-14,Mongar,Cauliflower,37.52,499.7,Weekend Roadside Market
2026-02-14,Mongar,Chilli (dried),199.55,357.9,Centenary Farmers Market
2026-02-14,Mongar,Spinach,34.62,,Weekend Roadside Market
2026-02-14,Mongar,Broccoli,83.75,453.3,Municipal Vegetable Market
2026-02-14,Mongar,Chilli (fresh),88.93,115.0,Municipal Vegetable Market
2026-02-14,Mongar,Tomato,49.55,474.3,Centenary Farmers Market
2026-02-14,Mongar,Radish,16.02,368.3,Centenary Farmers Market
2026-02-14,Mongar,Potato,31.39,298.7,Weekend Roadside Market
2026-02-14,Wangdue Phodrang,Cabbage,26.46,164.2,Centenary Farmers Market
2026-02-14,Wangdue Phodrang,Chilli (fresh),118.95,132.2,Centenary Farmers Market
2026-02-14,Wangdue Phodrang,Cauliflower,55.97,62.0,Centenary Farmers Market
2026-02-14,Wangdue Phodrang,Onion,55.68,397.7,Centenary Farmers Market
2026-02-14,Wangdue Phodrang,Tomato,44.18,231.6,Weekend Roadside Market
2026-02-14,Wangdue Phodrang,Chilli (dried),242.48,300.3,Weekend Roadside Market
2026-02-14,Wangdue Phodrang,Potato,38.45,138.3,Centenary Farmers Market
2026-02-14,Wangdue Phodrang,Radish,21.6,54.5,Municipal Vegetable Market
2026-02-14,Thimphu,Onion,49.31,444.8,Municipal Vegetable Market
2026-02-14,Thimphu,Tomato,32.6,315.7,Centenary Farmers Market
2026-02-14,Thimphu,Chilli (fresh),148.2,180.4,Weekend Roadside Market
2026-02-14,Thimphu,Cauliflower,50.25,338.5,Weekend Roadside Market
2026-02-14,Thimphu,Cabbage,26.73,493.1,Municipal Vegetable Market
2026-02-14,Thimphu,Potato,27.4,20.6,Centenary Farmers Market
2026-02-14,Thimphu,Spinach,25.43,490.4,Centenary Farmers Market
2026-02-14,Tsirang,Spinach,33.49,263.2,Weekend Roadside Market
2026-02-14,Tsirang,Broccoli,76.2,187.5,Weekend Roadside Market
2026-02-14,Tsirang,Chilli (fresh),113.66,250.0,Municipal Vegetable Market
2026-02-14,Tsirang,Potato,29.95,135.9,Weekend Roadside Market
2026-02-14,Tsirang,Radish,-26.04,469.9,Municipal Vegetable Market
2026-02-14,Tsirang,Cabbage,20.36,173.3,Weekend Roadside Market
2026-02-14,Tsirang,Chilli (dried),170.68,354.8,Weekend Roadside Market
2026-02-14,Tsirang,Tomato,73.81,212.3,Weekend Roadside Market
2026-02-14,Haa,Onion,56.92,83.5,Weekend Roadside Market
2026-02-14,Haa,Broccoli,69.08,299.9,Centenary Farmers Market
2026-02-14,Haa,Spinach,34.36,318.1,Centenary Farmers Market
2026-02-14,Haa,Potato,30.26,413.1,Weekend Roadside Market
2026-02-14,Haa,Cabbage,20.82,426.1,Municipal Vegetable Market
2026-02-14,Haa,  TOMATO  ,80.29,266.8,Centenary Farmers Market
2026-02-14,Trongsa,Radish,26.78,386.8,Weekend Roadside Market
2026-02-14,Trongsa,Broccoli,78.59,114.4,Centenary Farmers Market
2026-02-14,Trongsa,Chilli (dried),207.92,473.1,Municipal Vegetable Market
2026-02-14,Trongsa,Onion,74.33,485.3,Weekend Roadside Market
2026-02-14,Trongsa,Cabbage,18.45,282.5,Centenary Farmers Market
2026-02-14,Trongsa,Tomato,72.69,158.0,Municipal Vegetable Market
2026-02-14,Trongsa,Spinach,41.68,94.7,Municipal Vegetable Market
2026-02-14,Trongsa,Chilli (fresh),106.11,110.9,Weekend Roadside Market
2026-02-14,Trongsa,Cauliflower,36.77,137.0,Centenary Farmers Market
2026-02-15,Bumthang,Chilli (fresh),127.34,455.4,Municipal Vegetable Market
2026-02-15,Bumthang,Spinach,30.69,404.7,Weekend Roadside Market
2026-02-15,Bumthang,Tomato,52.08,486.6,Centenary Farmers Market
2026-02-15,Bumthang,Radish,14.47,310.4,Weekend Roadside Market
2026-02-15,Bumthang,Cauliflower,52.2,186.9,Weekend Roadside Market
2026-02-15,Bumthang,Onion,71.3,100.1,Municipal Vegetable Market
2026-02-15,Bumthang,Chilli (dried),316.27,350.3,Centenary Farmers Market
2026-02-15,Bumthang,Potato,26.75,218.0,Weekend Roadside Market
2026-02-15,Punakha,Chilli (fresh),111.65,173.3,Weekend Roadside Market
2026-02-15,Punakha,Onion,67.28,485.7,Weekend Roadside Market
2026-02-15,Punakha,Tomato,77.37,186.2,Weekend Roadside Market
2026-02-15,Punakha,Potato,35.89,55.3,Municipal Vegetable Market
2026-02-15,Punakha,Spinach,28.75,273.3,Centenary Farmers Market
2026-02-15,Haa,Cauliflower,39.46,280.7,Municipal Vegetable Market
2026-02-15,Haa,Cabbage,20.22,482.7,Weekend Roadside Market
2026-02-15,Haa,Radish,23.98,422.5,Centenary Farmers Market
2026-02-15,Haa,Spinach,38.18,59.9,Weekend Roadside Market
2026-02-15,Haa,Chilli (dried),-268.74,187.5,Centenary Farmers Market
2026-02-15,Haa,Tomato,51.15,161.6,Weekend Roadside Market
2026-02-15,Haa,Onion,54.29,314.3,Municipal Vegetable Market
2026-02-15,Haa,Chilli (fresh),67.74,370.7,Municipal Vegetable Market
2026-02-15,Haa,Potato,49.24,35.5,Centenary Farmers Market
2026-02-15,Haa,Broccoli,65.23,441.0,Centenary Farmers Market
2026-02-15,Trashigang,Chilli (dried),202.28,341.4,Weekend Roadside Market
2026-02-15,Trashigang,Broccoli,80.53,118.3,Centenary Farmers Market
2026-02-15,Trashigang,Chilli (fresh),117.29,310.9,Municipal Vegetable Market
2026-02-15,Trashigang,Radish,26.11,205.0,Weekend Roadside Market
2026-02-15,Trashigang,Potato,24.77,199.4,Municipal Vegetable Market
2026-02-15,Trashigang,Cabbage,21.37,22.1,Weekend Roadside Market
2026-02-15,Trashigang,Tomato,57.53,369.9,Centenary Farmers Market
2026-02-15,Tsirang,Chilli (dried),167.52,412.7,Weekend Roadside Market
2026-02-15,Tsirang,Radish,27.02,370.8,Centenary Farmers Market
2026-02-15,Tsirang,Potato,34.38,354.2,Centenary Farmers Market
2026-02-15,Tsirang,Tomato,58.19,112.7,Municipal Vegetable Market
2026-02-15,Tsirang,Cabbage,30.89,478.2,Weekend Roadside Market
2026-02-15,Tsirang,Broccoli,65.1,115.3,Municipal Vegetable Market
2026-02-15,Tsirang,Spinach,25.35,175.8,Weekend Roadside Market
2026-02-15,Zhemgang,Radish,18.75,134.2,Municipal Vegetable Market
2026-02-15,Zhemgang,Broccoli,80.82,359.2,Weekend Roadside Market
2026-02-15,Zhemgang,Chilli (dried),322.51,168.6,Centenary Farmers Market
2026-02-15,Zhemgang,Chilli (fresh),129.55,352.2,Municipal Vegetable Market
2026-02-15,Zhemgang,Potato,27.74,189.3,Municipal Vegetable Market
2026-02-15,Zhemgang,Cabbage,26.07,346.7,Municipal Vegetable Market
2026-02-15,Zhemgang,Onion,66.01,244.5,Centenary Farmers Market
2026-02-15,Zhemgang,Tomato,63.58,206.7,Weekend Roadside Market
2026-02-15,Zhemgang,Spinach,32.91,475.3,Centenary Farmers Market
2026-02-15,Samtse,Cabbage,24.72,49.2,Weekend Roadside Market
2026-02-15,Samtse,  CHILLI (FRESH)  ,69.01,325.1,Weekend Roadside Market
2026-02-15,Samtse,Radish,27.81,207.4,Centenary Farmers Market
2026-02-15,Samtse,Spinach,36.93,250.0,Weekend Roadside Market
2026-02-15,Samtse,Onion,48.26,43.3,Centenary Farmers Market
2026-02-15,Sarpang,Onion,60.38,388.2,Centenary Farmers Market
2026-02-15,Sarpang,Chilli (dried),-210.15,292.9,Weekend Roadside Market
2026-02-15,Sarpang,Broccoli,79.65,427.8,Weekend Roadside Market
2026-02-15,Sarpang,Spinach,35.36,336.5,Municipal Vegetable Market
2026-02-15,Sarpang,Cauliflower,47.21,101.8,Municipal Vegetable Market
2026-02-15,Sarpang,Tomato,46.6,388.9,Municipal Vegetable Market
2026-02-15,Sarpang,Chilli (fresh),144.39,139.8,Weekend Roadside Market
2026-02-15,Sarpang,Radish,24.67,325.7,Weekend Roadside Market
2026-02-15,Thimphu,Broccoli,70.66,285.0,Municipal Vegetable Market
2026-02-15,Thimphu,Cauliflower,62.9,254.6,Weekend Roadside Market
2026-02-15,Thimphu,Onion,45.34,243.7,Municipal Vegetable Market
2026-02-15,Thimphu,Tomato,47.79,328.1,Centenary Farmers Market
2026-02-15,Thimphu,Chilli (dried),183.21,363.4,Weekend Roadside Market
2026-02-15,Thimphu,Chilli (fresh),95.15,183.2,Weekend Roadside Market
2026-02-15,Thimphu,Cabbage,19.82,481.8,Weekend Roadside Market
2026-02-15,Thimphu,Spinach,27.46,361.2,Centenary Farmers Market
2026-02-15,Thimphu,Radish,21.73,484.9,Centenary Farmers Market
2026-02-15,Thimphu,Potato,38.76,36.0,Centenary Farmers Market
2026-02-15,Paro,Potato,27.28,487.7,Municipal Vegetable Market
2026-02-15,Paro,Chilli (dried),318.11,73.4,Centenary Farmers Market
2026-02-15,Paro,Broccoli,78.32,90.8,Weekend Roadside Market
2026-02-15,Paro,Spinach,27.6,214.5,Centenary Farmers Market
2026-02-15,Paro,Chilli (fresh),117.17,323.5,Municipal Vegetable Market
2026-02-15,Paro,Cauliflower,42.67,469.7,Municipal Vegetable Market
2026-02-15,Paro,Onion,44.38,,Weekend Roadside Market
2026-02-15,Wangdue Phodrang,Radish,20.2,37.0,Weekend Roadside Market
2026-02-15,Wangdue Phodrang,Tomato,70.49,491.9,Centenary Farmers Market
2026-02-15,Wangdue Phodrang,Chilli (fresh),69.62,108.2,Centenary Farmers Market
2026-02-15,Wangdue Phodrang,Cabbage,13.53,391.2,Centenary Farmers Market
2026-02-15,Wangdue Phodrang,Onion,58.76,183.6,Centenary Farmers Market
2026-02-15,Wangdue Phodrang,Cauliflower,34.19,35.9,Municipal Vegetable Market
2026-02-15,Wangdue Phodrang,Spinach,31.58,284.6,Centenary Farmers Market
2026-02-15,Wangdue Phodrang,Broccoli,71.31,422.8,Weekend Roadside Market
2026-02-15,Wangdue Phodrang,Potato,33.95,21.2,Municipal Vegetable Market
2026-02-15,Wangdue Phodrang,Chilli (dried),266.34,46.7,Weekend Roadside Market
2026-02-16,Sarpang,Chilli (dried),285.66,488.5,Weekend Roadside Market
2026-02-16,Sarpang,Potato,33.41,175.5,Weekend Roadside Market
2026-02-16,Sarpang,Cauliflower,51.53,414.5,Weekend Roadside Market
2026-02-16,Sarpang,Cabbage,18.0,460.1,Municipal Vegetable Market
2026-02-16,Sarpang,Spinach,29.28,257.5,Weekend Roadside Market
2026-02-16,Sarpang,Onion,56.81,172.7,Municipal Vegetable Market
2026-02-16,Sarpang,Radish,18.08,266.7,Weekend Roadside Market
2026-02-16,Sarpang,Chilli (fresh),72.89,401.9,Centenary Farmers Market
2026-02-16,Zhemgang,Cabbage,24.41,267.7,Municipal Vegetable Market
2026-02-16,Zhemgang,Cauliflower,39.49,116.6,Weekend Roadside Market
2026-02-16,Zhemgang,Tomato,102.64,297.1,Municipal Vegetable Market
2026-02-16,Zhemgang,Potato,25.56,103.6,Municipal Vegetable Market
2026-02-16,Zhemgang,Chilli (fresh),94.85,59.9,Municipal Vegetable Market
2026-02-16,Zhemgang,Radish,28.17,,Centenary Farmers Market
2026-02-16,Zhemgang,Spinach,33.61,394.1,Weekend Roadside Market
2026-02-16,Zhemgang,Broccoli,51.5,331.5,Weekend Roadside Market
2026-02-16,Zhemgang,Onion,44.54,488.0,Weekend Roadside Market
2026-02-16,Chukha,Chilli (dried),203.13,464.1,Centenary Farmers Market
2026-02-16,Chukha,Tomato,62.83,368.7,Centenary Farmers Market
2026-02-16,Chukha,Cauliflower,42.22,386.0,Weekend Roadside Market
2026-02-16,Chukha,Potato,30.55,102.6,Municipal Vegetable Market
2026-02-16,Chukha,Onion,47.5,352.6,Weekend Roadside Market
2026-02-16,Chukha,Spinach,33.1,436.2,Municipal Vegetable Market
2026-02-16,Chukha,Broccoli,56.81,345.5,Weekend Roadside Market
2026-02-16,Chukha,Radish,13.76,156.4,Municipal Vegetable Market
2026-02-16,Chukha,Chilli (fresh),146.94,428.4,Centenary Farmers Market
2026-02-16,Punakha,Broccoli,64.44,274.5,Municipal Vegetable Market
2026-02-16,Punakha,Chilli (fresh),88.06,404.0,Weekend Roadside Market
2026-02-16,Punakha,Spinach,20.47,313.9,Weekend Roadside Market
2026-02-16,Punakha,Cauliflower,40.65,372.5,Weekend Roadside Market
2026-02-16,Punakha,Radish,22.86,229.6,Centenary Farmers Market
2026-02-16,Punakha,Onion,74.13,72.5,Centenary Farmers Market
2026-02-16,Punakha,Tomato,69.22,433.6,Weekend Roadside Market
2026-02-16,Punakha,Cabbage,25.36,368.9,Weekend Roadside Market
2026-02-16,Punakha,Potato,40.44,260.0,Centenary Farmers Market
2026-02-16,Punakha,Chilli (dried),-193.77,469.8,Weekend Roadside Market
2026-02-16,Lhuentse,Cauliflower,58.95,467.6,Centenary Farmers Market
2026-02-16,Lhuentse,Tomato,45.0,437.5,Municipal Vegetable Market
2026-02-16,Lhuentse,Chilli (dried),302.65,429.9,Municipal Vegetable Market
2026-02-16,Lhuentse,Spinach,32.96,205.6,Municipal Vegetable Market
2026-02-16,Lhuentse,Radish,17.43,461.0,Weekend Roadside Market
2026-02-16,Thimphu,Cauliflower,50.33,185.2,Centenary Farmers Market
2026-02-16,Thimphu,Cabbage,30.81,317.4,Weekend Roadside Market
2026-02-16,Thimphu,Spinach,33.15,245.9,Municipal Vegetable Market
2026-02-16,Thimphu,Radish,28.34,133.1,Centenary Farmers Market
2026-02-16,Thimphu,  CHILLI (FRESH)  ,120.63,352.1,Centenary Farmers Market
2026-02-16,Thimphu,Chilli (dried),232.88,107.4,Municipal Vegetable Market
2026-02-16,Haa,Chilli (fresh),67.46,489.2,Municipal Vegetable Market
2026-02-16,Haa,Tomato,78.31,215.4,Centenary Farmers Market
2026-02-16,Haa,Cauliflower,30.32,462.4,Centenary Farmers Market
2026-02-16,Haa,Cabbage,22.01,268.9,Municipal Vegetable Market
2026-02-16,Haa,Radish,23.82,463.4,Centenary Farmers Market
2026-02-16,Haa,Onion,65.83,458.5,Weekend Roadside Market
2026-02-16,Haa,Potato,33.89,163.2,Municipal Vegetable Market
2026-02-16,Haa,Broccoli,-51.06,120.7,Weekend Roadside Market
2026-02-16,Mongar,Radish,21.62,179.0,Municipal Vegetable Market
2026-02-16,Mongar,Potato,36.42,466.4,Centenary Farmers Market
2026-02-16,Mongar,Cauliflower,35.05,102.3,Weekend Roadside Market
2026-02-16,Mongar,Chilli (fresh),71.4,420.4,Weekend Roadside Market
2026-02-16,Mongar,Broccoli,62.28,277.7,Centenary Farmers Market
2026-02-16,Mongar,Chilli (dried),209.06,94.0,Centenary Farmers Market
2026-02-16,Mongar,Tomato,80.76,436.2,Municipal Vegetable Market
2026-02-16,Bumthang,Chilli (dried),314.4,490.5,Centenary Farmers Market
2026-02-16,Bumthang,Potato,31.98,473.5,Weekend Roadside Market
2026-02-16,Bumthang,Chilli (fresh),109.67,,Weekend Roadside Market
2026-02-16,Bumthang,  CAULIFLOWER  ,45.31,419.0,Municipal Vegetable Market
2026-02-16,Bumthang,Spinach,24.82,415.5,Municipal Vegetable Market
2026-02-16,Samtse,Onion,58.52,37.5,Municipal Vegetable Market
2026-02-16,Samtse,Spinach,31.68,471.9,Municipal Vegetable Market
2026-02-16,Samtse,Chilli (fresh),70.18,463.7,Municipal Vegetable Market
2026-02-16,Samtse,Chilli (dried),250.49,368.9,Centenary Farmers Market
2026-02-16,Samtse,Radish,23.25,356.2,Centenary Farmers Market
2026-02-16,Samtse,Cabbage,31.08,160.7,Centenary Farmers Market
2026-02-16,Samtse,Tomato,83.81,300.2,Weekend Roadside Market
2026-02-16,Samtse,Cauliflower,44.17,423.9,Municipal Vegetable Market
2026-02-16,Samtse,Potato,32.14,450.9,Weekend Roadside Market
2026-02-16,Samtse,Broccoli,47.43,427.1,Weekend Roadside Market
2026-02-16,Trashigang,Spinach,34.3,170.1,Weekend Roadside Market
2026-02-16,Trashigang,Broccoli,55.79,31.5,Weekend Roadside Market
2026-02-16,Trashigang,Potato,37.92,432.5,Centenary Farmers Market
2026-02-16,Trashigang,Radish,24.41,63.7,Municipal Vegetable Market
2026-02-16,Trashigang,Onion,48.92,447.7,Weekend Roadside Market
2026-02-16,Trashigang,Chilli (fresh),54.3,412.9,Centenary Farmers Market
2026-02-16,Trashigang,Cabbage,18.03,325.2,Municipal Vegetable Market
2026-02-16,Trashigang,Cauliflower,67.6,195.6,Municipal Vegetable Market
2026-02-16,Wangdue Phodrang,Tomato,34.68,450.3,Centenary Farmers Market
2026-02-16,Wangdue Phodrang,Onion,57.94,164.2,Municipal Vegetable Market
2026-02-16,Wangdue Phodrang,Spinach,20.05,185.6,Centenary Farmers Market
2026-02-16,Wangdue Phodrang,Chilli (dried),272.88,467.9,Municipal Vegetable Market
2026-02-16,Wangdue Phodrang,Broccoli,70.39,55.7,Weekend Roadside Market
2026-02-16,Wangdue Phodrang,Cauliflower,45.02,419.5,Municipal Vegetable Market
2026-02-16,Wangdue Phodrang,Radish,14.38,399.0,Weekend Roadside Market
2026-02-16,Wangdue Phodrang,Cabbage,27.91,32.3,Weekend Roadside Market
2026-02-16,Tsirang,Onion,-68.11,156.6,Municipal Vegetable Market
2026-02-16,Tsirang,Chilli (fresh),137.23,159.0,Centenary Farmers Market
2026-02-16,Tsirang,Chilli (dried),195.38,38.6,Weekend Roadside Market
2026-02-16,Tsirang,Broccoli,58.86,359.6,Municipal Vegetable Market
2026-02-16,Tsirang,Potato,29.18,334.6,Centenary Farmers Market
2026-02-16,Paro,Cabbage,25.44,117.0,Weekend Roadside Market
2026-02-16,Paro,Broccoli,78.94,219.7,Centenary Farmers Market
2026-02-16,Paro,Chilli (fresh),108.72,391.2,Weekend Roadside Market
2026-02-16,Paro,Cauliflower,29.81,64.3,Weekend Roadside Market
2026-02-16,Paro,Chilli (dried),261.38,286.9,Weekend Roadside Market
2026-02-16,Paro,Radish,22.25,95.7,Centenary Farmers Market
2026-02-16,Paro,Onion,57.93,53.6,Centenary Farmers Market
2026-02-16,Paro,Spinach,36.86,232.3,Centenary Farmers Market
2026-02-16,Trongsa,Spinach,24.51,124.5,Weekend Roadside Market
2026-02-16,Trongsa,Potato,37.89,159.5,Municipal Vegetable Market
2026-02-16,Trongsa,Tomato,41.59,386.5,Centenary Farmers Market
2026-02-16,Trongsa,Onion,60.17,56.8,Weekend Roadside Market
2026-02-16,Trongsa,Cauliflower,50.75,380.5,Centenary Farmers Market
2026-02-16,Trongsa,Radish,19.69,382.8,Centenary Farmers Market
2026-02-16,Trongsa,Chilli (fresh),104.06,369.5,Centenary Farmers Market
2026-02-17,Haa,Cauliflower,31.27,154.8,Weekend Roadside Market
2026-02-17,Haa,Broccoli,76.68,85.7,Centenary Farmers Market
2026-02-17,Haa,Spinach,23.94,271.0,Centenary Farmers Market
2026-02-17,Haa,Potato,27.55,288.5,Centenary Farmers Market
2026-02-17,Mongar,Cauliflower,40.82,352.9,Weekend Roadside Market
2026-02-17,Mongar,Onion,55.66,22.5,Weekend Roadside Market
2026-02-17,Mongar,Spinach,28.48,352.4,Weekend Roadside Market
2026-02-17,Mongar,Chilli (dried),264.25,74.0,Weekend Roadside Market
2026-02-17,Zhemgang,Potato,32.19,423.8,Centenary Farmers Market
2026-02-17,Zhemgang,Chilli (fresh),74.25,142.6,Municipal Vegetable Market
2026-02-17,Zhemgang,Tomato,49.0,250.2,Weekend Roadside Market
2026-02-17,Zhemgang,Spinach,19.13,129.4,Municipal Vegetable Market
2026-02-17,Zhemgang,Cabbage,19.13,144.9,Weekend Roadside Market
2026-02-17,Zhemgang,Onion,58.6,58.1,Municipal Vegetable Market
2026-02-17,Zhemgang,Radish,17.14,52.9,Municipal Vegetable Market
2026-02-17,Zhemgang,Cauliflower,63.73,441.2,Centenary Farmers Market
2026-02-17,Zhemgang,Broccoli,81.29,184.0,Weekend Roadside Market
2026-02-17,Zhemgang,Chilli (dried),231.81,260.4,Centenary Farmers Market
2026-02-17,Sarpang,Chilli (fresh),78.46,292.0,Weekend Roadside Market
2026-02-17,Sarpang,Spinach,49.53,64.5,Municipal Vegetable Market
2026-02-17,Sarpang,Radish,15.53,270.9,Weekend Roadside Market
2026-02-17,Sarpang,Potato,29.87,483.6,Municipal Vegetable Market
2026-02-17,Sarpang,Chilli (dried),256.93,335.9,Centenary Farmers Market
2026-02-17,Sarpang,Cauliflower,49.8,301.0,Municipal Vegetable Market
2026-02-17,Sarpang,Cabbage,23.75,193.1,Weekend Roadside Market
2026-02-17,Sarpang,Broccoli,84.82,381.7,Centenary Farmers Market
2026-02-17,Sarpang,Onion,51.55,377.8,Municipal Vegetable Market
2026-02-17,Sarpang,Tomato,44.33,293.8,Weekend Roadside Market
2026-02-17,Thimphu,Chilli (dried),227.6,86.3,Centenary Farmers Market
2026-02-17,Thimphu,  ONION  ,69.43,425.5,Centenary Farmers Market
2026-02-17,Thimphu,Tomato,34.75,466.5,Weekend Roadside Market
2026-02-17,Thimphu,Broccoli,55.18,337.9,Municipal Vegetable Market
2026-02-17,Thimphu,Spinach,24.63,216.5,Centenary Farmers Market
2026-02-17,Thimphu,Chilli (fresh),133.33,253.5,Centenary Farmers Market
2026-02-17,Wangdue Phodrang,Spinach,38.9,347.9,Weekend Roadside Market
2026-02-17,Wangdue Phodrang,Potato,47.18,134.9,Municipal Vegetable Market
2026-02-17,Wangdue Phodrang,Broccoli,53.33,355.4,Municipal Vegetable Market
2026-02-17,Wangdue Phodrang,Tomato,77.51,362.5,Centenary Farmers Market
2026-02-17,Samtse,Chilli (fresh),132.75,432.5,Weekend Roadside Market
2026-02-17,Samtse,Spinach,28.37,219.0,Municipal Vegetable Market
2026-02-17,Samtse,Chilli (dried),270.34,184.0,Weekend Roadside Market
2026-02-17,Samtse,Onion,72.21,480.9,Centenary Farmers Market
2026-02-17,Samtse,Tomato,41.61,21.0,Weekend Roadside Market
2026-02-17,Trongsa,Tomato,58.51,484.6,Weekend Roadside Market
2026-02-17,Trongsa,Cauliflower,47.66,102.8,Municipal Vegetable Market
2026-02-17,Trongsa,Broccoli,81.5,460.3,Weekend Roadside Market
2026-02-17,Trongsa,Chilli (dried),266.18,251.8,Municipal Vegetable Market
2026-02-18,Thimphu,Chilli (dried),230.57,369.4,Centenary Farmers Market
2026-02-18,Thimphu,Broccoli,60.98,417.9,Weekend Roadside Market
2026-02-18,Thimphu,Cauliflower,46.18,,Centenary Farmers Market
2026-02-18,Thimphu,Chilli (fresh),123.06,24.6,Weekend Roadside Market
2026-02-18,Thimphu,Tomato,79.29,392.8,Weekend Roadside Market
2026-02-18,Thimphu,Onion,66.27,380.7,Weekend Roadside Market
2026-02-18,Thimphu,Potato,43.42,293.9,Weekend Roadside Market
2026-02-18,Thimphu,Radish,25.11,256.0,Municipal Vegetable Market
2026-02-18,Lhuentse,Broccoli,80.94,149.1,Municipal Vegetable Market
2026-02-18,Lhuentse,Cauliflower,44.08,63.1,Weekend Roadside Market
2026-02-18,Lhuentse,Onion,57.55,297.1,Centenary Farmers Market
2026-02-18,Lhuentse,Potato,28.18,91.6,Centenary Farmers Market
2026-02-18,Lhuentse,Chilli (fresh),119.83,80.0,Weekend Roadside Market
2026-02-18,Sarpang,Onion,62.13,35.8,Municipal Vegetable Market
2026-02-18,Sarpang,Spinach,20.23,180.8,Municipal Vegetable Market
2026-02-18,Sarpang,Chilli (fresh),104.33,196.7,Centenary Farmers Market
2026-02-18,Sarpang,Cabbage,25.18,31.9,Weekend Roadside Market
2026-02-18,Sarpang,Potato,37.19,215.9,Centenary Farmers Market
2026-02-18,Tsirang,Chilli (dried),311.68,130.8,Centenary Farmers Market
2026-02-18,Tsirang,Broccoli,58.6,181.8,Weekend Roadside Market
2026-02-18,Tsirang,Onion,67.51,,Weekend Roadside Market
2026-02-18,Tsirang,Spinach,29.1,140.5,Centenary Farmers Market
2026-02-18,Tsirang,Chilli (fresh),84.03,114.4,Centenary Farmers Market
2026-02-18,Tsirang,Cabbage,16.96,211.3,Centenary Farmers Market
2026-02-18,Zhemgang,Potato,33.73,336.2,Weekend Roadside Market
2026-02-18,Zhemgang,Tomato,56.56,191.1,Municipal Vegetable Market
2026-02-18,Zhemgang,Spinach,34.14,399.9,Municipal Vegetable Market
2026-02-18,Zhemgang,Cabbage,21.12,322.0,Municipal Vegetable Market
2026-02-18,Zhemgang,Chilli (fresh),95.12,316.0,Municipal Vegetable Market
2026-02-18,Zhemgang,Broccoli,58.4,38.2,Weekend Roadside Market
2026-02-18,Zhemgang,Chilli (dried),324.2,434.0,Weekend Roadside Market
2026-02-18,Zhemgang,Onion,46.22,199.6,Weekend Roadside Market
2026-02-18,Zhemgang,Radish,17.24,348.8,Centenary Farmers Market
2026-02-18,Paro,Radish,17.94,163.0,Weekend Roadside Market
2026-02-18,Paro,Cauliflower,-44.8,315.5,Weekend Roadside Market
2026-02-18,Paro,Potato,27.68,101.1,Centenary Farmers Market
2026-02-18,Paro,Chilli (fresh),130.29,118.8,Weekend Roadside Market
2026-02-18,Paro,Onion,65.76,158.7,Centenary Farmers Market
2026-02-18,Paro,Broccoli,54.11,393.8,Weekend Roadside Market
2026-02-18,Paro,Cabbage,19.22,91.8,Centenary Farmers Market
2026-02-18,Paro,Tomato,55.33,342.3,Centenary Farmers Market
2026-02-18,Paro,Chilli (dried),255.42,118.3,Weekend Roadside Market
2026-02-18,Punakha,Radish,27.12,207.9,Centenary Farmers Market
2026-02-18,Punakha,Spinach,33.02,365.6,Weekend Roadside Market
2026-02-18,Punakha,Tomato,74.05,166.0,Municipal Vegetable Market
2026-02-18,Punakha,Broccoli,76.22,266.8,Weekend Roadside Market
2026-02-18,Punakha,Cabbage,32.52,397.7,Weekend Roadside Market
2026-02-18,Punakha,Cauliflower,53.97,470.1,Weekend Roadside Market
2026-02-18,Haa,Potato,32.17,150.5,Municipal Vegetable Market
2026-02-18,Haa,Tomato,56.81,481.0,Centenary Farmers Market
2026-02-18,Haa,Onion,67.68,473.5,Municipal Vegetable Market
2026-02-18,Haa,Cauliflower,39.19,460.8,Centenary Farmers Market
2026-02-18,Trongsa,Spinach,37.22,151.3,Municipal Vegetable Market
2026-02-18,Trongsa,Broccoli,52.81,39.5,Centenary Farmers Market
2026-02-18,Trongsa,Cabbage,23.15,304.0,Weekend Roadside Market
2026-02-18,Trongsa,Tomato,65.24,126.7,Centenary Farmers Market
2026-02-18,Trongsa,Cauliflower,31.2,413.7,Weekend Roadside Market
2026-02-18,Trongsa,Onion,45.6,282.0,Centenary Farmers Market
2026-02-18,Samtse,Cauliflower,41.33,240.6,Weekend Roadside Market
2026-02-18,Samtse,Potato,23.29,105.2,Municipal Vegetable Market
2026-02-18,Samtse,Tomato,77.61,170.2,Municipal Vegetable Market
2026-02-18,Samtse,Spinach,37.59,290.3,Weekend Roadside Market
2026-02-18,Samtse,Radish,19.66,123.1,Municipal Vegetable Market
2026-02-18,Samtse,Cabbage,21.19,411.2,Weekend Roadside Market
2026-02-18,Samtse,Chilli (fresh),63.68,397.0,Municipal Vegetable Market
2026-02-18,Bumthang,Cabbage,20.1,482.3,Centenary Farmers Market
2026-02-18,Bumthang,Chilli (dried),336.5,306.9,Weekend Roadside Market
2026-02-18,Bumthang,Tomato,61.93,199.4,Municipal Vegetable Market
2026-02-18,Bumthang,Cauliflower,53.65,420.0,Weekend Roadside Market
2026-02-18,Trashigang,Spinach,40.52,474.9,Weekend Roadside Market
2026-02-18,Trashigang,Cabbage,25.52,460.8,Weekend Roadside Market
2026-02-18,Trashigang,Broccoli,62.62,87.4,Centenary Farmers Market
2026-02-18,Trashigang,Potato,28.72,432.6,Municipal Vegetable Market
2026-02-18,Trashigang,Tomato,51.95,55.1,Municipal Vegetable Market
2026-02-18,Trashigang,Cauliflower,34.1,279.6,Municipal Vegetable Market
2026-02-18,Trashigang,Chilli (dried),282.73,219.0,Weekend Roadside Market
2026-02-18,Trashigang,Chilli (fresh),62.59,498.4,Municipal Vegetable Market
2026-02-18,Trashigang,Onion,37.79,286.1,Centenary Farmers Market
2026-02-18,Trashigang,Radish,17.72,434.5,Weekend Roadside Market
2026-02-18,Wangdue Phodrang,Broccoli,51.48,126.2,Municipal Vegetable Market
2026-02-18,Wangdue Phodrang,Chilli (fresh),112.81,310.5,Centenary Farmers Market
2026-02-18,Wangdue Phodrang,Radish,23.73,214.2,Weekend Roadside Market
2026-02-18,Wangdue Phodrang,Potato,24.58,,Centenary Farmers Market
2026-02-18,Wangdue Phodrang,Cabbage,29.01,471.9,Weekend Roadside Market
2026-02-18,Wangdue Phodrang,Chilli (dried),322.89,440.7,Weekend Roadside Market
2026-02-18,Wangdue Phodrang,Tomato,53.6,284.9,Centenary Farmers Market
2026-02-18,Wangdue Phodrang,Spinach,32.64,413.7,Centenary Farmers Market
2026-02-18,Wangdue Phodrang,Onion,72.87,36.7,Centenary Farmers Market
2026-02-18,Wangdue Phodrang,Cauliflower,43.71,348.4,Weekend Roadside Market
2026-02-18,Chukha,Spinach,38.93,88.7,Weekend Roadside Market
2026-02-18,Chukha,Tomato,98.98,232.7,Municipal Vegetable Market
2026-02-18,Chukha,Chilli (dried),250.73,215.0,Municipal Vegetable Market
2026-02-18,Chukha,Radish,15.41,470.3,Municipal Vegetable Market
2026-02-18,Mongar,Spinach,31.42,84.7,Weekend Roadside Market
2026-02-18,Mongar,Tomato,49.94,207.3,Centenary Farmers Market
2026-02-18,Mongar,Cauliflower,49.99,270.6,Municipal Vegetable Market
2026-02-18,Mongar,Radish,30.95,344.1,Municipal Vegetable Market
2026-02-19,Trashigang,Spinach,41.92,184.0,Weekend Roadside Market
2026-02-19,Trashigang,Chilli (dried),286.23,317.3,Weekend Roadside Market
2026-02-19,Trashigang,Chilli (fresh),-98.28,183.0,Centenary Farmers Market
2026-02-19,Trashigang,Potato,26.89,62.1,Weekend Roadside Market
2026-02-19,Trashigang,Onion,41.87,418.1,Centenary Farmers Market
2026-02-19,Trashigang,Cabbage,27.52,23.2,Centenary Farmers Market
2026-02-19,Trashigang,Radish,30.06,128.6,Centenary Farmers Market
2026-02-19,Trashigang,Cauliflower,50.42,34.9,Weekend Roadside Market
2026-02-19,Trashigang,Tomato,79.8,114.5,Weekend Roadside Market
2026-02-19,Trashigang,Broccoli,70.55,165.8,Centenary Farmers Market
2026-02-19,Sarpang,Chilli (fresh),150.05,452.6,Weekend Roadside Market
2026-02-19,Sarpang,Cabbage,16.49,203.8,Municipal Vegetable Market
2026-02-19,Sarpang,Broccoli,68.07,406.7,Centenary Farmers Market
2026-02-19,Sarpang,Spinach,47.98,438.1,Centenary Farmers Market
2026-02-19,Sarpang,Tomato,64.38,113.8,Municipal Vegetable Market
2026-02-19,Zhemgang,Chilli (dried),244.45,492.8,Municipal Vegetable Market
2026-02-19,Zhemgang,Broccoli,59.74,96.2,Municipal Vegetable Market
2026-02-19,Zhemgang,Onion,44.34,81.7,Weekend Roadside Market
2026-02-19,Zhemgang,Cabbage,26.98,367.0,Centenary Farmers Market
2026-02-19,Zhemgang,Radish,26.2,364.1,Municipal Vegetable Market
2026-02-19,Zhemgang,Potato,43.09,210.1,Centenary Farmers Market
2026-02-19,Zhemgang,Tomato,83.95,143.3,Municipal Vegetable Market
2026-02-19,Zhemgang,Cauliflower,47.36,462.5,Municipal Vegetable Market
2026-02-19,Zhemgang,Chilli (fresh),128.56,241.5,Municipal Vegetable Market
2026-02-19,Lhuentse,Spinach,45.79,467.8,Centenary Farmers Market
2026-02-19,Lhuentse,Cabbage,17.61,378.2,Weekend Roadside Market
2026-02-19,Lhuentse,Radish,22.99,280.5,Municipal Vegetable Market
2026-02-19,Lhuentse,Onion,62.45,64.3,Municipal Vegetable Market
2026-02-19,Lhuentse,Chilli (dried),345.87,75.5,Weekend Roadside Market
2026-02-19,Lhuentse,Broccoli,72.32,125.4,Centenary Farmers Market
2026-02-19,Lhuentse,Tomato,79.81,76.4,Centenary Farmers Market
2026-02-19,Lhuentse,Potato,40.79,230.7,Municipal Vegetable Market
2026-02-19,Bumthang,Radish,18.1,126.2,Municipal Vegetable Market
2026-02-19,Bumthang,Chilli (fresh),78.45,484.1,Municipal Vegetable Market
2026-02-19,Bumthang,Cauliflower,41.67,435.4,Centenary Farmers Market
2026-02-19,Bumthang,Tomato,75.55,432.2,Weekend Roadside Market
2026-02-19,Bumthang,Broccoli,62.42,231.4,Municipal Vegetable Market
2026-02-19,Bumthang,Chilli (dried),177.2,163.7,Municipal Vegetable Market
2026-02-19,Bumthang,Onion,48.5,452.1,Municipal Vegetable Market
2026-02-19,Bumthang,Cabbage,26.54,65.4,Centenary Farmers Market
2026-02-19,Bumthang,Spinach,31.16,153.0,Weekend Roadside Market
2026-02-19,Chukha,Cauliflower,46.44,247.4,Weekend Roadside Market
2026-02-19,Chukha,Onion,45.03,320.4,Weekend Roadside Market
2026-02-19,Chukha,Cabbage,26.72,374.3,Weekend Roadside Market
2026-02-19,Chukha,Spinach,23.06,138.4,Weekend Roadside Market
2026-02-19,Chukha,Chilli (dried),271.9,350.9,Municipal Vegetable Market
2026-02-19,Chukha,Broccoli,61.96,254.3,Weekend Roadside Market
2026-02-19,Chukha,Potato,31.58,62.9,Municipal Vegetable Market
2026-02-19,Chukha,Chilli (fresh),140.1,31.3,Weekend Roadside Market
2026-02-19,Chukha,Tomato,86.6,112.2,Weekend Roadside Market
2026-02-19,Chukha,Radish,19.45,33.2,Centenary Farmers Market
2026-02-19,Thimphu,Radish,18.84,316.9,Centenary Farmers Market
2026-02-19,Thimphu,Potato,26.75,476.4,Centenary Farmers Market
2026-02-19,Thimphu,Tomato,88.12,357.9,Centenary Farmers Market
2026-02-19,Thimphu,Chilli (dried),300.54,184.5,Municipal Vegetable Market
2026-02-19,Thimphu,Cabbage,24.68,202.8,Weekend Roadside Market
2026-02-19,Thimphu,Onion,55.7,41.6,Centenary Farmers Market
2026-02-19,Punakha,Chilli (dried),254.7,96.0,Municipal Vegetable Market
2026-02-19,Punakha,Potato,41.2,194.7,Weekend Roadside Market
2026-02-19,Punakha,Onion,46.58,75.5,Municipal Vegetable Market
2026-02-19,Punakha,  TOMATO  ,60.64,320.2,Centenary Farmers Market
2026-02-19,Punakha,Chilli (fresh),134.18,183.4,Weekend Roadside Market
2026-02-19,Tsirang,Cauliflower,58.27,493.4,Municipal Vegetable Market
2026-02-19,Tsirang,Cabbage,17.73,354.5,Centenary Farmers Market
2026-02-19,Tsirang,Potato,31.45,116.4,Municipal Vegetable Market
2026-02-19,Tsirang,Broccoli,85.74,305.4,Municipal Vegetable Market
2026-02-19,Tsirang,Tomato,58.31,413.2,Weekend Roadside Market
2026-02-19,Tsirang,Chilli (dried),238.34,374.4,Municipal Vegetable Market
2026-02-19,Tsirang,Chilli (fresh),119.1,82.3,Centenary Farmers Market
2026-02-19,Tsirang,Spinach,29.82,368.0,Weekend Roadside Market
2026-02-19,Mongar,  BROCCOLI  ,68.55,154.2,Centenary Farmers Market
2026-02-19,Mongar,Tomato,43.57,370.1,Municipal Vegetable Market
2026-02-19,Mongar,Onion,53.81,308.4,Municipal Vegetable Market
2026-02-19,Mongar,Potato,33.11,247.9,Municipal Vegetable Market
2026-02-19,Mongar,Cabbage,13.87,442.4,Centenary Farmers Market
2026-02-20,Haa,Radish,21.14,398.6,Municipal Vegetable Market
2026-02-20,Haa,Spinach,46.86,453.6,Centenary Farmers Market
2026-02-20,Haa,Cauliflower,34.29,395.6,Weekend Roadside Market
2026-02-20,Haa,Cabbage,17.86,30.2,Weekend Roadside Market
2026-02-20,Haa,Broccoli,54.95,177.4,Municipal Vegetable Market
2026-02-20,Haa,Chilli (dried),249.43,245.3,Weekend Roadside Market
2026-02-20,Haa,Chilli (fresh),87.49,123.2,Municipal Vegetable Market
2026-02-20,Haa,Onion,68.97,121.0,Municipal Vegetable Market
2026-02-20,Haa,Tomato,79.91,108.0,Centenary Farmers Market
2026-02-20,Haa,Potato,41.84,227.7,Municipal Vegetable Market
2026-02-20,Paro,Radish,19.9,256.2,Municipal Vegetable Market
2026-02-20,Paro,Cabbage,20.47,355.9,Centenary Farmers Market
2026-02-20,Paro,Chilli (dried),213.24,460.0,Weekend Roadside Market
2026-02-20,Paro,Tomato,79.66,381.8,Weekend Roadside Market
2026-02-20,Paro,Broccoli,55.63,483.5,Weekend Roadside Market
2026-02-20,Paro,Onion,56.93,265.9,Centenary Farmers Market
2026-02-20,Paro,  CHILLI (FRESH)  ,120.13,227.8,Municipal Vegetable Market
2026-02-20,Paro,Potato,28.62,82.1,Centenary Farmers Market
2026-02-20,Paro,Spinach,42.35,413.2,Centenary Farmers Market
2026-02-20,Thimphu,Chilli (fresh),89.26,417.7,Municipal Vegetable Market
2026-02-20,Thimphu,Cabbage,27.88,498.3,Weekend Roadside Market
2026-02-20,Thimphu,Cauliflower,-48.2,446.0,Municipal Vegetable Market
2026-02-20,Thimphu,Broccoli,64.26,46.0,Weekend Roadside Market
2026-02-20,Thimphu,Onion,36.57,474.8,Weekend Roadside Market
2026-02-20,Thimphu,Tomato,96.26,99.3,Centenary Farmers Market
2026-02-20,Zhemgang,Chilli (fresh),98.62,189.5,Centenary Farmers Market
2026-02-20,Zhemgang,Potato,25.02,435.9,Weekend Roadside Market
2026-02-20,Zhemgang,Spinach,36.64,160.3,Centenary Farmers Market
2026-02-20,Zhemgang,Tomato,42.68,430.1,Weekend Roadside Market
2026-02-20,Punakha,Cabbage,27.51,383.1,Municipal Vegetable Market
2026-02-20,Punakha,Potato,38.16,150.0,Weekend Roadside Market
2026-02-20,Punakha,Chilli (fresh),121.64,60.6,Centenary Farmers Market
2026-02-20,Punakha,Radish,19.34,467.3,Centenary Farmers Market
2026-02-20,Punakha,Chilli (dried),253.43,195.3,Municipal Vegetable Market
2026-02-20,Punakha,Onion,52.29,454.5,Weekend Roadside Market
2026-02-20,Punakha,Tomato,71.19,429.1,Weekend Roadside Market
2026-02-20,Punakha,Spinach,27.61,403.6,Centenary Farmers Market
2026-02-20,Punakha,Broccoli,60.31,444.7,Municipal Vegetable Market
2026-02-20,Punakha,Cauliflower,36.61,159.4,Centenary Farmers Market
2026-02-20,Samtse,Broccoli,56.73,265.2,Centenary Farmers Market
2026-02-20,Samtse,Onion,57.82,164.0,Municipal Vegetable Market
2026-02-20,Samtse,Radish,20.31,156.3,Weekend Roadside Market
2026-02-20,Samtse,Cauliflower,59.49,409.9,Centenary Farmers Market
2026-02-20,Samtse,Chilli (dried),264.83,439.6,Municipal Vegetable Market
2026-02-20,Samtse,Tomato,71.02,241.7,Municipal Vegetable Market
2026-02-20,Samtse,Cabbage,19.45,290.5,Municipal Vegetable Market
2026-02-20,Lhuentse,Broccoli,57.82,372.4,Centenary Farmers Market
2026-02-20,Lhuentse,Chilli (fresh),109.36,90.8,Municipal Vegetable Market
2026-02-20,Lhuentse,Onion,46.57,74.3,Weekend Roadside Market
2026-02-20,Lhuentse,Potato,32.64,182.7,Municipal Vegetable Market
2026-02-20,Lhuentse,Cabbage,23.16,446.1,Municipal Vegetable Market
2026-02-20,Lhuentse,Radish,20.87,485.5,Centenary Farmers Market
2026-02-20,Wangdue Phodrang,Cauliflower,42.6,298.7,Centenary Farmers Market
2026-02-20,Wangdue Phodrang,Broccoli,52.62,197.9,Municipal Vegetable Market
2026-02-20,Wangdue Phodrang,Potato,28.63,239.3,Centenary Farmers Market
2026-02-20,Wangdue Phodrang,Tomato,80.52,483.5,Centenary Farmers Market
2026-02-20,Wangdue Phodrang,Radish,30.58,492.0,Weekend Roadside Market
2026-02-20,Wangdue Phodrang,Chilli (dried),177.58,386.0,Centenary Farmers Market
2026-02-20,Wangdue Phodrang,Spinach,21.68,214.8,Centenary Farmers Market
2026-02-21,Zhemgang,Radish,21.42,235.9,Centenary Farmers Market
2026-02-21,Zhemgang,Spinach,32.34,151.0,Centenary Farmers Market
2026-02-21,Zhemgang,Chilli (dried),251.7,109.4,Municipal Vegetable Market
2026-02-21,Zhemgang,Onion,60.75,427.1,Municipal Vegetable Market
2026-02-21,Zhemgang,Potato,43.46,307.7,Municipal Vegetable Market
2026-02-21,Zhemgang,Tomato,46.53,352.7,Municipal Vegetable Market
2026-02-21,Zhemgang,Cabbage,22.17,272.7,Weekend Roadside Market
2026-02-21,Zhemgang,Broccoli,71.03,400.7,Weekend Roadside Market
2026-02-21,Wangdue Phodrang,Cauliflower,41.33,93.2,Municipal Vegetable Market
2026-02-21,Wangdue Phodrang,Broccoli,68.54,200.0,Weekend Roadside Market
2026-02-21,Wangdue Phodrang,Tomato,72.31,78.4,Weekend Roadside Market
2026-02-21,Wangdue Phodrang,Onion,46.57,332.0,Weekend Roadside Market
2026-02-21,Wangdue Phodrang,Cabbage,15.4,244.5,Centenary Farmers Market
2026-02-21,Wangdue Phodrang,Radish,29.22,50.9,Weekend Roadside Market
2026-02-21,Trongsa,Onion,56.19,446.9,Weekend Roadside Market
2026-02-21,Trongsa,  SPINACH  ,39.85,198.5,Municipal Vegetable Market
2026-02-21,Trongsa,Chilli (fresh),124.55,427.9,Centenary Farmers Market
2026-02-21,Trongsa,Potato,34.88,471.5,Municipal Vegetable Market
2026-02-21,Trongsa,Chilli (dried),235.62,71.5,Municipal Vegetable Market
2026-02-21,Trongsa,Broccoli,45.25,92.4,Weekend Roadside Market
2026-02-21,Trongsa,Tomato,38.89,44.3,Municipal Vegetable Market
2026-02-21,Trongsa,Radish,22.98,335.6,Municipal Vegetable Market
2026-02-21,Samtse,Radish,31.3,419.8,Weekend Roadside Market
2026-02-21,Samtse,Onion,56.02,118.3,Municipal Vegetable Market
2026-02-21,Samtse,Potato,27.9,283.0,Centenary Farmers Market
2026-02-21,Samtse,Tomato,71.66,373.6,Municipal Vegetable Market
2026-02-21,Samtse,Spinach,20.5,240.4,Weekend Roadside Market
2026-02-21,Samtse,Chilli (dried),275.42,307.3,Municipal Vegetable Market
2026-02-21,Trashigang,Broccoli,65.97,414.4,Centenary Farmers Market
2026-02-21,Trashigang,Cauliflower,49.66,365.4,Centenary Farmers Market
2026-02-21,Trashigang,Cabbage,29.4,489.6,Centenary Farmers Market
2026-02-21,Trashigang,Potato,37.39,240.8,Municipal Vegetable Market
2026-02-21,Trashigang,Chilli (dried),171.93,312.6,Municipal Vegetable Market
2026-02-21,Trashigang,Spinach,29.26,430.8,Centenary Farmers Market
2026-02-21,Sarpang,Onion,50.9,91.9,Municipal Vegetable Market
2026-02-21,Sarpang,  RADISH  ,22.65,378.7,Centenary Farmers Market
2026-02-21,Sarpang,Potato,40.94,379.2,Weekend Roadside Market
2026-02-21,Sarpang,Chilli (fresh),100.56,479.3,Centenary Farmers Market
2026-02-21,Sarpang,Cabbage,27.36,350.3,Centenary Farmers Market
2026-02-21,Sarpang,Chilli (dried),297.9,130.2,Weekend Roadside Market
2026-02-21,Thimphu,Radish,18.33,232.3,Municipal Vegetable Market
2026-02-21,Thimphu,Tomato,42.48,104.8,Weekend Roadside Market
2026-02-21,Thimphu,Onion,62.09,374.8,Weekend Roadside Market
2026-02-21,Thimphu,Potato,44.05,51.1,Weekend Roadside Market
2026-02-21,Thimphu,Chilli (fresh),70.06,111.4,Municipal Vegetable Market
2026-02-21,Thimphu,Chilli (dried),257.2,23.1,Municipal Vegetable Market
2026-02-21,Punakha,Potato,33.5,327.1,Centenary Farmers Market
2026-02-21,Punakha,Broccoli,73.54,73.4,Centenary Farmers Market
2026-02-21,Punakha,Tomato,68.88,406.4,Centenary Farmers Market
2026-02-21,Punakha,Radish,20.8,423.5,Weekend Roadside Market
2026-02-21,Punakha,Chilli (fresh),104.34,190.2,Centenary Farmers Market
2026-02-21,Punakha,Chilli (dried),265.81,386.5,Centenary Farmers Market
2026-02-21,Punakha,Cabbage,29.15,391.7,Weekend Roadside Market
2026-02-21,Tsirang,Spinach,30.98,309.0,Municipal Vegetable Market
2026-02-21,Tsirang,Chilli (fresh),121.95,465.5,Municipal Vegetable Market
2026-02-21,Tsirang,Cauliflower,39.77,244.2,Weekend Roadside Market
2026-02-21,Tsirang,Chilli (dried),236.93,208.1,Centenary Farmers Market
2026-02-21,Haa,Chilli (dried),286.73,384.8,Weekend Roadside Market
2026-02-21,Haa,Spinach,22.02,266.0,Centenary Farmers Market
2026-02-21,Haa,Cabbage,26.65,422.4,Weekend Roadside Market
2026-02-21,Haa,Tomato,35.78,333.8,Centenary Farmers Market
2026-02-21,Haa,Onion,63.75,273.1,Municipal Vegetable Market
2026-02-21,Paro,Spinach,36.38,354.9,Weekend Roadside Market
2026-02-21,Paro,Broccoli,61.02,391.0,Weekend Roadside Market
2026-02-21,Paro,Radish,19.47,172.6,Weekend Roadside Market
2026-02-21,Paro,Cauliflower,34.29,100.3,Centenary Farmers Market
2026-02-21,Paro,Chilli (fresh),132.24,135.3,Weekend Roadside Market
2026-02-21,Paro,Potato,43.77,395.6,Weekend Roadside Market
2026-02-21,Paro,Tomato,40.42,147.5,Weekend Roadside Market
2026-02-21,Paro,Cabbage,23.47,370.8,Municipal Vegetable Market
2026-02-22,Sarpang,Broccoli,81.33,49.6,Municipal Vegetable Market
2026-02-22,Sarpang,Spinach,25.92,73.7,Centenary Farmers Market
2026-02-22,Sarpang,Cabbage,16.74,38.0,Weekend Roadside Market
2026-02-22,Sarpang,Radish,16.86,208.8,Centenary Farmers Market
2026-02-22,Sarpang,Chilli (dried),213.91,424.7,Centenary Farmers Market
2026-02-22,Sarpang,Cauliflower,54.42,478.9,Municipal Vegetable Market
2026-02-22,Sarpang,Potato,28.92,338.9,Centenary Farmers Market
2026-02-22,Lhuentse,Chilli (dried),239.39,454.7,Centenary Farmers Market
2026-02-22,Lhuentse,Broccoli,81.47,199.3,Weekend Roadside Market
2026-02-22,Lhuentse,Radish,23.97,251.6,Weekend Roadside Market
2026-02-22,Lhuentse,Tomato,39.41,164.9,Municipal Vegetable Market
2026-02-22,Lhuentse,Cabbage,17.07,257.6,Centenary Farmers Market
2026-02-22,Lhuentse,Potato,29.16,267.5,Weekend Roadside Market
2026-02-22,Lhuentse,Chilli (fresh),93.73,496.1,Centenary Farmers Market
2026-02-22,Lhuentse,Spinach,22.75,447.2,Municipal Vegetable Market
2026-02-22,Trongsa,Potato,26.74,397.2,Centenary Farmers Market
2026-02-22,Trongsa,Cauliflower,52.05,318.7,Municipal Vegetable Market
2026-02-22,Trongsa,Tomato,77.33,271.8,Centenary Farmers Market
2026-02-22,Trongsa,Cabbage,27.35,327.9,Centenary Farmers Market
2026-02-22,Trongsa,Spinach,33.3,486.1,Municipal Vegetable Market
2026-02-22,Trongsa,Chilli (dried),236.59,176.0,Municipal Vegetable Market
2026-02-22,Wangdue Phodrang,  POTATO  ,31.61,180.5,Municipal Vegetable Market
2026-02-22,Wangdue Phodrang,Cabbage,15.67,130.6,Weekend Roadside Market
2026-02-22,Wangdue Phodrang,Cauliflower,36.81,293.4,Centenary Farmers Market
2026-02-22,Wangdue Phodrang,Chilli (dried),201.27,152.6,Municipal Vegetable Market
2026-02-22,Wangdue Phodrang,Onion,74.55,144.4,Weekend Roadside Market
2026-02-22,Wangdue Phodrang,Radish,23.45,293.9,Centenary Farmers Market
2026-02-22,Wangdue Phodrang,Chilli (fresh),62.28,84.1,Municipal Vegetable Market
2026-02-22,Haa,Chilli (dried),185.46,52.3,Weekend Roadside Market
2026-02-22,Haa,Broccoli,62.69,371.3,Municipal Vegetable Market
2026-02-22,Haa,Tomato,56.43,405.7,Centenary Farmers Market
2026-02-22,Haa,Onion,64.16,226.9,Municipal Vegetable Market
2026-02-22,Mongar,Onion,52.06,410.9,Centenary Farmers Market
2026-02-22,Mongar,Spinach,38.48,149.8,Centenary Farmers Market
2026-02-22,Mongar,Chilli (dried),211.13,193.7,Weekend Roadside Market
2026-02-22,Mongar,Tomato,-46.09,217.9,Centenary Farmers Market
2026-02-22,Mongar,Potato,34.6,164.9,Centenary Farmers Market
2026-02-22,Mongar,Radish,17.84,316.8,Weekend Roadside Market
2026-02-22,Mongar,Cabbage,24.68,351.7,Centenary Farmers Market
2026-02-22,Mongar,Cauliflower,36.13,445.7,Municipal Vegetable Market
2026-02-22,Mongar,Chilli (fresh),79.19,326.8,Centenary Farmers Market
2026-02-22,Bumthang,Cabbage,17.95,443.7,Centenary Farmers Market
2026-02-22,Bumthang,Radish,27.88,133.2,Centenary Farmers Market
2026-02-22,Bumthang,Potato,35.36,368.7,Weekend Roadside Market
2026-02-22,Bumthang,Spinach,-27.91,136.5,Centenary Farmers Market
2026-02-22,Bumthang,Cauliflower,59.3,141.5,Centenary Farmers Market
2026-02-22,Chukha,Spinach,37.76,337.3,Weekend Roadside Market
2026-02-22,Chukha,Cauliflower,60.56,456.8,Municipal Vegetable Market
2026-02-22,Chukha,Potato,42.14,84.4,Centenary Farmers Market
2026-02-22,Chukha,Chilli (dried),257.92,135.7,Centenary Farmers Market
2026-02-22,Chukha,Cabbage,17.0,410.9,Weekend Roadside Market
2026-02-22,Chukha,Tomato,50.02,487.8,Municipal Vegetable Market
2026-02-22,Chukha,Onion,45.02,339.9,Weekend Roadside Market
2026-02-22,Paro,Cauliflower,59.78,485.7,Weekend Roadside Market
2026-02-22,Paro,Chilli (fresh),80.6,444.6,Weekend Roadside Market
2026-02-22,Paro,Onion,52.66,239.2,Weekend Roadside Market
2026-02-22,Paro,Spinach,30.03,58.7,Municipal Vegetable Market
2026-02-22,Paro,Cabbage,23.42,170.0,Municipal Vegetable Market
2026-02-22,Paro,Broccoli,96.9,21.6,Municipal Vegetable Market
2026-02-22,Paro,Potato,38.03,155.6,Weekend Roadside Market
2026-02-22,Paro,Chilli (dried),285.7,262.2,Weekend Roadside Market
2026-02-22,Paro,Radish,18.87,176.2,Weekend Roadside Market
2026-02-22,Paro,Tomato,70.09,153.4,Centenary Farmers Market
2026-02-22,Trashigang,Chilli (fresh),75.0,161.2,Weekend Roadside Market
2026-02-22,Trashigang,Broccoli,86.84,460.0,Centenary Farmers Market
2026-02-22,Trashigang,Potato,43.96,407.2,Municipal Vegetable Market
2026-02-22,Trashigang,Onion,44.57,372.3,Municipal Vegetable Market
2026-02-22,Samtse,Chilli (dried),300.08,261.1,Municipal Vegetable Market
2026-02-22,Samtse,Chilli (fresh),86.28,345.6,Centenary Farmers Market
2026-02-22,Samtse,Tomato,34.24,400.4,Weekend Roadside Market
2026-02-22,Samtse,Cabbage,20.91,167.5,Municipal Vegetable Market
2026-02-22,Samtse,Radish,18.43,53.9,Centenary Farmers Market
2026-02-22,Punakha,Spinach,39.95,134.5,Centenary Farmers Market
2026-02-22,Punakha,Chilli (fresh),67.28,411.9,Weekend Roadside Market
2026-02-22,Punakha,Cabbage,20.76,32.8,Weekend Roadside Market
2026-02-22,Punakha,Potato,33.82,198.7,Centenary Farmers Market
2026-02-22,Punakha,Chilli (dried),235.45,359.1,Centenary Farmers Market
2026-02-23,Samtse,Cabbage,25.88,142.8,Weekend Roadside Market
2026-02-23,Samtse,Tomato,50.13,41.6,Centenary Farmers Market
2026-02-23,Samtse,Spinach,31.55,78.5,Municipal Vegetable Market
2026-02-23,Samtse,Cauliflower,33.79,246.7,Centenary Farmers Market
2026-02-23,Samtse,Potato,43.18,433.1,Weekend Roadside Market
2026-02-23,Samtse,Broccoli,67.05,270.9,Weekend Roadside Market
2026-02-23,Samtse,Radish,21.8,427.5,Municipal Vegetable Market
2026-02-23,Samtse,Onion,44.44,260.0,Municipal Vegetable Market
2026-02-23,Samtse,Chilli (fresh),103.98,295.4,Weekend Roadside Market
2026-02-23,Samtse,Chilli (dried),217.34,38.6,Municipal Vegetable Market
2026-02-23,Paro,Cauliflower,33.96,349.1,Municipal Vegetable Market
2026-02-23,Paro,Radish,20.07,139.0,Weekend Roadside Market
2026-02-23,Paro,Cabbage,18.78,112.5,Weekend Roadside Market
2026-02-23,Paro,Onion,45.62,87.3,Municipal Vegetable Market
2026-02-23,Paro,Broccoli,77.58,235.1,Weekend Roadside Market
2026-02-23,Paro,Chilli (fresh),-73.87,221.8,Municipal Vegetable Market
2026-02-23,Paro,Spinach,38.46,190.5,Municipal Vegetable Market
2026-02-23,Paro,Tomato,80.68,331.5,Weekend Roadside Market
2026-02-23,Lhuentse,Potato,42.98,405.2,Centenary Farmers Market
2026-02-23,Lhuentse,Spinach,39.09,464.0,Weekend Roadside Market
2026-02-23,Lhuentse,Cauliflower,28.25,389.1,Weekend Roadside Market
2026-02-23,Lhuentse,Chilli (fresh),63.13,213.2,Weekend Roadside Market
2026-02-23,Lhuentse,Radish,17.23,65.5,Centenary Farmers Market
2026-02-23,Lhuentse,Tomato,50.28,220.9,Municipal Vegetable Market
2026-02-23,Bumthang,Spinach,28.08,27.5,Centenary Farmers Market
2026-02-23,Bumthang,Potato,28.29,392.7,Weekend Roadside Market
2026-02-23,Bumthang,Tomato,33.8,167.8,Municipal Vegetable Market
2026-02-23,Bumthang,Broccoli,69.19,448.2,Weekend Roadside Market
2026-02-23,Bumthang,Cauliflower,42.64,403.1,Centenary Farmers Market
2026-02-23,Bumthang,Chilli (fresh),122.43,260.1,Weekend Roadside Market
2026-02-23,Tsirang,Tomato,47.03,346.4,Centenary Farmers Market
2026-02-23,Tsirang,Spinach,24.15,410.8,Municipal Vegetable Market
2026-02-23,Tsirang,Potato,36.66,196.3,Centenary Farmers Market
2026-02-23,Tsirang,Chilli (dried),244.36,240.9,Centenary Farmers Market
2026-02-23,Tsirang,Broccoli,76.52,33.6,Weekend Roadside Market
2026-02-23,Sarpang,Chilli (dried),215.64,452.5,Weekend Roadside Market
2026-02-23,Sarpang,Chilli (fresh),77.48,299.9,Centenary Farmers Market
2026-02-23,Sarpang,Cabbage,16.98,147.1,Weekend Roadside Market
2026-02-23,Sarpang,Potato,41.3,382.0,Centenary Farmers Market
2026-02-23,Sarpang,Broccoli,54.98,216.5,Weekend Roadside Market
2026-02-23,Sarpang,Onion,54.31,88.0,Weekend Roadside Market
2026-02-23,Sarpang,Cauliflower,38.71,391.5,Municipal Vegetable Market
2026-02-23,Sarpang,Tomato,77.39,48.8,Centenary Farmers Market
2026-02-23,Sarpang,Radish,26.84,107.8,Centenary Farmers Market
2026-02-23,Zhemgang,Onion,73.33,321.7,Weekend Roadside Market
2026-02-23,Zhemgang,Radish,27.0,41.9,Municipal Vegetable Market
2026-02-23,Zhemgang,Potato,44.32,236.5,Centenary Farmers Market
2026-02-23,Zhemgang,Broccoli,78.01,154.6,Weekend Roadside Market
2026-02-23,Zhemgang,Cabbage,24.87,207.4,Weekend Roadside Market
2026-02-23,Trongsa,Potato,40.44,463.5,Municipal Vegetable Market
2026-02-23,Trongsa,Cauliflower,48.1,195.2,Centenary Farmers Market
2026-02-23,Trongsa,Broccoli,79.08,453.5,Municipal Vegetable Market
2026-02-23,Trongsa,Chilli (fresh),60.97,426.3,Centenary Farmers Market
2026-02-23,Haa,Chilli (fresh),121.5,430.1,Centenary Farmers Market
2026-02-23,Haa,Cauliflower,31.52,210.6,Centenary Farmers Market
2026-02-23,Haa,Potato,36.75,79.7,Municipal Vegetable Market
2026-02-23,Haa,Spinach,33.31,346.6,Weekend Roadside Market
2026-02-23,Haa,Broccoli,77.88,144.2,Municipal Vegetable Market
2026-02-23,Haa,Radish,19.19,225.1,Municipal Vegetable Market
2026-02-23,Mongar,Onion,69.85,440.4,Centenary Farmers Market
2026-02-23,Mongar,Tomato,69.32,369.4,Weekend Roadside Market
2026-02-23,Mongar,Broccoli,59.83,467.3,Municipal Vegetable Market
2026-02-23,Mongar,Spinach,27.96,458.8,Municipal Vegetable Market
2026-02-23,Mongar,Radish,15.91,339.8,Centenary Farmers Market
2026-02-23,Mongar,Chilli (dried),202.23,285.2,Centenary Farmers Market
2026-02-23,Trashigang,Potato,28.04,331.9,Weekend Roadside Market
2026-02-23,Trashigang,Chilli (dried),314.91,364.7,Centenary Farmers Market
2026-02-23,Trashigang,Radish,19.81,119.0,Centenary Farmers Market
2026-02-23,Trashigang,Tomato,49.59,442.5,Centenary Farmers Market
2026-02-23,Trashigang,Onion,71.13,389.5,Weekend Roadside Market
2026-02-23,Trashigang,Cauliflower,27.84,20.7,Municipal Vegetable Market
2026-02-23,Chukha,  TOMATO  ,43.44,248.7,Centenary Farmers Market
2026-02-23,Chukha,Radish,20.33,286.9,Centenary Farmers Market
2026-02-23,Chukha,Cauliflower,32.71,423.8,Municipal Vegetable Market
2026-02-23,Chukha,Broccoli,87.14,494.7,Municipal Vegetable Market
2026-02-23,Chukha,Onion,47.52,96.8,Weekend Roadside Market
2026-02-23,Chukha,  CHILLI (FRESH)  ,124.28,32.9,Centenary Farmers Market
2026-02-23,Chukha,Chilli (dried),168.51,33.2,Weekend Roadside Market
2026-02-23,Chukha,Potato,40.33,425.7,Municipal Vegetable Market
2026-02-23,Chukha,Cabbage,26.03,390.8,Centenary Farmers Market
2026-02-24,Haa,Spinach,46.95,78.4,Centenary Farmers Market
2026-02-24,Haa,Onion,56.28,187.8,Weekend Roadside Market
2026-02-24,Haa,Potato,36.44,302.1,Weekend Roadside Market
2026-02-24,Haa,Cabbage,27.26,104.5,Centenary Farmers Market
2026-02-24,Paro,Spinach,29.73,388.2,Centenary Farmers Market
2026-02-24,Paro,Chilli (dried),252.5,337.8,Centenary Farmers Market
2026-02-24,Paro,Cauliflower,34.25,205.3,Weekend Roadside Market
2026-02-24,Paro,Radish,29.33,71.2,Weekend Roadside Market
2026-02-24,Paro,Potato,26.1,345.8,Weekend Roadside Market
2026-02-24,Sarpang,Onion,67.16,239.7,Centenary Farmers Market
2026-02-24,Sarpang,Radish,19.17,298.0,Weekend Roadside Market
2026-02-24,Sarpang,Broccoli,53.69,153.8,Centenary Farmers Market
2026-02-24,Sarpang,Chilli (fresh),93.02,270.3,Centenary Farmers Market
2026-02-24,Sarpang,Chilli (dried),315.46,149.8,Centenary Farmers Market
2026-02-24,Sarpang,Tomato,49.09,264.3,Municipal Vegetable Market
2026-02-24,Sarpang,Potato,35.63,303.0,Centenary Farmers Market
2026-02-24,Sarpang,Cauliflower,41.77,368.1,Municipal Vegetable Market
2026-02-24,Sarpang,Spinach,22.01,447.7,Centenary Farmers Market
2026-02-24,Sarpang,Cabbage,16.7,239.8,Weekend Roadside Market
2026-02-24,Lhuentse,Chilli (fresh),77.07,279.0,Weekend Roadside Market
2026-02-24,Lhuentse,Chilli (dried),251.57,215.5,Weekend Roadside Market
2026-02-24,Lhuentse,Tomato,78.73,414.2,Centenary Farmers Market
2026-02-24,Lhuentse,Cabbage,16.95,228.2,Weekend Roadside Market
2026-02-24,Lhuentse,Radish,29.04,405.3,Centenary Farmers Market
2026-02-24,Lhuentse,Broccoli,42.85,201.1,Municipal Vegetable Market
2026-02-24,Mongar,Tomato,78.59,206.0,Municipal Vegetable Market
2026-02-24,Mongar,Cabbage,26.31,457.0,Municipal Vegetable Market
2026-02-24,Mongar,Spinach,44.94,404.0,Centenary Farmers Market
2026-02-24,Mongar,Chilli (dried),244.9,271.3,Municipal Vegetable Market
2026-02-24,Trongsa,Chilli (dried),229.67,310.1,Weekend Roadside Market
2026-02-24,Trongsa,Spinach,33.5,323.8,Centenary Farmers Market
2026-02-24,Trongsa,Onion,65.51,423.6,Centenary Farmers Market
2026-02-24,Trongsa,Cabbage,24.03,,Centenary Farmers Market
2026-02-24,Trongsa,Radish,25.35,394.7,Municipal Vegetable Market
2026-02-24,Trongsa,  POTATO  ,43.68,73.0,Municipal Vegetable Market
2026-02-24,Thimphu,Cauliflower,46.08,168.9,Municipal Vegetable Market
2026-02-24,Thimphu,Radish,23.32,411.0,Municipal Vegetable Market
2026-02-24,Thimphu,Chilli (fresh),128.16,,Weekend Roadside Market
2026-02-24,Thimphu,Tomato,95.09,87.0,Municipal Vegetable Market
2026-02-24,Thimphu,Potato,25.33,158.0,Weekend Roadside Market
2026-02-24,Thimphu,Onion,56.54,88.9,Municipal Vegetable Market
2026-02-24,Wangdue Phodrang,Cabbage,24.18,396.1,Centenary Farmers Market
2026-02-24,Wangdue Phodrang,Radish,14.89,249.9,Municipal Vegetable Market
2026-02-24,Wangdue Phodrang,Onion,36.96,436.0,Municipal Vegetable Market
2026-02-24,Wangdue Phodrang,Spinach,25.24,450.9,Centenary Farmers Market
2026-02-24,Wangdue Phodrang,Potato,30.26,146.2,Centenary Farmers Market
2026-02-24,Wangdue Phodrang,Chilli (fresh),87.4,198.3,Weekend Roadside Market
2026-02-24,Wangdue Phodrang,Broccoli,54.8,217.8,Municipal Vegetable Market
2026-02-24,Trashigang,Chilli (fresh),106.52,62.7,Centenary Farmers Market
2026-02-24,Trashigang,Onion,66.04,440.8,Weekend Roadside Market
2026-02-24,Trashigang,Cabbage,25.91,444.9,Weekend Roadside Market
2026-02-24,Trashigang,Broccoli,59.21,473.4,Municipal Vegetable Market
2026-02-24,Trashigang,Tomato,87.53,392.0,Weekend Roadside Market
2026-02-24,Trashigang,Radish,23.75,222.0,Centenary Farmers Market
2026-02-24,Trashigang,Spinach,40.58,227.2,Municipal Vegetable Market
2026-02-24,Trashigang,Chilli (dried),205.62,368.9,Weekend Roadside Market
2026-02-24,Samtse,Chilli (dried),301.69,498.5,Municipal Vegetable Market
2026-02-24,Samtse,Spinach,37.09,478.5,Municipal Vegetable Market
2026-02-24,Samtse,Cabbage,26.78,56.1,Centenary Farmers Market
2026-02-24,Samtse,Tomato,61.53,411.4,Weekend Roadside Market
2026-02-24,Tsirang,Cauliflower,39.71,308.8,Weekend Roadside Market
2026-02-24,Tsirang,Onion,59.78,175.1,Weekend Roadside Market
2026-02-24,Tsirang,Broccoli,47.07,170.4,Weekend Roadside Market
2026-02-24,Tsirang,Chilli (fresh),73.53,87.7,Municipal Vegetable Market
2026-02-24,Chukha,Spinach,41.87,121.9,Centenary Farmers Market
2026-02-24,Chukha,  TOMATO  ,78.22,311.9,Municipal Vegetable Market
2026-02-24,Chukha,Onion,-61.78,31.5,Weekend Roadside Market
2026-02-24,Chukha,Potato,30.0,357.3,Centenary Farmers Market
2026-02-24,Zhemgang,Chilli (fresh),90.11,233.0,Municipal Vegetable Market
2026-02-24,Zhemgang,Spinach,40.42,470.1,Centenary Farmers Market
2026-02-24,Zhemgang,Cauliflower,52.43,124.2,Weekend Roadside Market
2026-02-24,Zhemgang,Chilli (dried),211.8,86.6,Centenary Farmers Market
2026-02-24,Zhemgang,Radish,29.13,126.8,Centenary Farmers Market
2026-02-24,Zhemgang,Onion,66.42,314.3,Municipal Vegetable Market
2026-02-24,Zhemgang,Broccoli,58.46,444.6,Weekend Roadside Market
2026-02-24,Bumthang,Potato,37.74,398.0,Municipal Vegetable Market
2026-02-24,Bumthang,Chilli (fresh),108.68,374.9,Municipal Vegetable Market
2026-02-24,Bumthang,Spinach,43.36,431.1,Weekend Roadside Market
2026-02-24,Bumthang,Broccoli,81.07,111.0,Municipal Vegetable Market
2026-02-24,Bumthang,Onion,41.59,393.5,Municipal Vegetable Market
2026-02-24,Bumthang,Tomato,86.56,23.6,Centenary Farmers Market
2026-02-24,Bumthang,Cauliflower,56.93,260.1,Municipal Vegetable Market
2026-02-24,Bumthang,Radish,24.07,234.1,Weekend Roadside Market
2026-02-24,Bumthang,Cabbage,26.05,380.3,Centenary Farmers Market
2026-02-24,Bumthang,Chilli (dried),184.05,324.4,Centenary Farmers Market
2026-02-24,Punakha,Spinach,20.71,335.9,Municipal Vegetable Market
2026-02-24,Punakha,Onion,48.16,108.2,Municipal Vegetable Market
2026-02-24,Punakha,Tomato,74.84,434.7,Municipal Vegetable Market
2026-02-24,Punakha,Chilli (fresh),128.33,179.8,Municipal Vegetable Market
2026-02-24,Punakha,Chilli (dried),313.12,267.0,Centenary Farmers Market
2026-02-24,Punakha,Broccoli,65.45,357.7,Weekend Roadside Market
2026-02-24,Punakha,Cauliflower,36.53,465.7,Centenary Farmers Market
2026-02-25,Trongsa,Chilli (dried),253.71,196.8,Weekend Roadside Market
2026-02-25,Trongsa,Broccoli,52.55,53.6,Centenary Farmers Market
2026-02-25,Trongsa,Radish,22.85,281.7,Centenary Farmers Market
2026-02-25,Trongsa,Spinach,20.15,394.0,Municipal Vegetable Market
2026-02-25,Trongsa,Potato,39.65,99.8,Weekend Roadside Market
2026-02-25,Trongsa,Cauliflower,56.54,292.5,Centenary Farmers Market
2026-02-25,Trongsa,Tomato,75.86,408.8,Centenary Farmers Market
2026-02-25,Trongsa,Cabbage,30.39,335.0,Municipal Vegetable Market
2026-02-25,Trashigang,Radish,18.76,289.8,Municipal Vegetable Market
2026-02-25,Trashigang,Chilli (dried),244.29,268.7,Weekend Roadside Market
2026-02-25,Trashigang,Tomato,75.74,181.0,Centenary Farmers Market
2026-02-25,Trashigang,Broccoli,58.0,202.6,Centenary Farmers Market
2026-02-25,Trashigang,Chilli (fresh),104.88,254.2,Weekend Roadside Market
2026-02-25,Trashigang,Onion,74.15,310.8,Centenary Farmers Market
2026-02-25,Trashigang,Spinach,28.76,342.5,Centenary Farmers Market
2026-02-25,Samtse,Cauliflower,51.49,61.7,Centenary Farmers Market
2026-02-25,Samtse,Broccoli,66.04,383.7,Weekend Roadside Market
2026-02-25,Samtse,Cabbage,33.86,150.5,Municipal Vegetable Market
2026-02-25,Samtse,Potato,42.24,402.2,Weekend Roadside Market
2026-02-25,Samtse,Chilli (dried),325.44,175.5,Centenary Farmers Market
2026-02-25,Samtse,Radish,22.57,353.8,Centenary Farmers Market
2026-02-25,Samtse,Onion,44.68,111.5,Municipal Vegetable Market
2026-02-25,Zhemgang,Chilli (fresh),115.39,205.1,Centenary Farmers Market
2026-02-25,Zhemgang,Spinach,32.9,67.7,Centenary Farmers Market
2026-02-25,Zhemgang,Radish,26.8,349.2,Weekend Roadside Market
2026-02-25,Zhemgang,Tomato,40.3,41.8,Centenary Farmers Market
2026-02-25,Zhemgang,Cabbage,19.59,107.8,Municipal Vegetable Market
2026-02-25,Zhemgang,Cauliflower,35.63,253.3,Municipal Vegetable Market
2026-02-25,Zhemgang,Potato,21.43,70.5,Weekend Roadside Market
2026-02-25,Zhemgang,Broccoli,70.54,424.6,Centenary Farmers Market
2026-02-25,Zhemgang,Chilli (dried),205.73,495.8,Weekend Roadside Market
2026-02-25,Zhemgang,Onion,39.46,256.6,Municipal Vegetable Market
2026-02-25,Chukha,Radish,21.49,109.5,Centenary Farmers Market
2026-02-25,Chukha,Spinach,38.96,269.4,Weekend Roadside Market
2026-02-25,Chukha,Potato,32.15,421.9,Centenary Farmers Market
2026-02-25,Chukha,Cabbage,21.24,360.9,Centenary Farmers Market
2026-02-25,Tsirang,Onion,58.3,73.6,Municipal Vegetable Market
2026-02-25,Tsirang,Chilli (dried),284.98,123.3,Municipal Vegetable Market
2026-02-25,Tsirang,Spinach,21.73,73.2,Municipal Vegetable Market
2026-02-25,Tsirang,Chilli (fresh),110.28,477.5,Centenary Farmers Market
2026-02-25,Tsirang,Cabbage,19.42,101.3,Municipal Vegetable Market
2026-02-25,Tsirang,Radish,21.6,252.0,Municipal Vegetable Market
2026-02-25,Tsirang,Broccoli,68.95,114.7,Weekend Roadside Market
2026-02-25,Tsirang,Tomato,53.0,401.8,Centenary Farmers Market
2026-02-25,Tsirang,Potato,34.79,234.4,Centenary Farmers Market
2026-02-25,Bumthang,Spinach,29.11,161.2,Centenary Farmers Market
2026-02-25,Bumthang,Potato,33.55,258.8,Centenary Farmers Market
2026-02-25,Bumthang,Radish,23.43,86.0,Centenary Farmers Market
2026-02-25,Bumthang,Tomato,75.51,193.3,Centenary Farmers Market
2026-02-25,Bumthang,Onion,45.67,427.9,Weekend Roadside Market
2026-02-25,Bumthang,Cabbage,18.49,39.9,Municipal Vegetable Market
2026-02-25,Bumthang,Broccoli,86.63,247.8,Centenary Farmers Market
2026-02-25,Bumthang,Chilli (dried),208.31,409.8,Municipal Vegetable Market
2026-02-25,Punakha,Cabbage,22.76,32.1,Weekend Roadside Market
2026-02-25,Punakha,Chilli (dried),268.04,77.8,Centenary Farmers Market
2026-02-25,Punakha,Tomato,89.29,180.9,Municipal Vegetable Market
2026-02-25,Punakha,Cauliflower,37.02,433.0,Centenary Farmers Market
2026-02-25,Punakha,Potato,35.39,399.3,Municipal Vegetable Market
2026-02-25,Thimphu,Spinach,30.12,479.5,Municipal Vegetable Market
2026-02-25,Thimphu,Potato,36.11,111.0,Centenary Farmers Market
2026-02-25,Thimphu,Chilli (dried),244.48,148.5,Weekend Roadside Market
2026-02-25,Thimphu,Cabbage,20.33,240.1,Centenary Farmers Market
2026-02-25,Thimphu,Onion,56.02,246.8,Weekend Roadside Market
2026-02-25,Thimphu,Cauliflower,33.83,136.5,Weekend Roadside Market
2026-02-25,Thimphu,Radish,23.94,204.4,Weekend Roadside Market
2026-02-25,Mongar,Radish,15.82,371.9,Municipal Vegetable Market
2026-02-25,Mongar,Chilli (fresh),66.99,487.2,Centenary Farmers Market
2026-02-25,Mongar,Onion,70.85,47.1,Centenary Farmers Market
2026-02-25,Mongar,Spinach,19.94,441.2,Centenary Farmers Market
2026-02-25,Mongar,Broccoli,69.15,486.7,Municipal Vegetable Market
2026-02-25,Mongar,Chilli (dried),233.31,124.2,Municipal Vegetable Market
2026-02-25,Mongar,Cabbage,21.77,375.3,Weekend Roadside Market
2026-02-25,Mongar,Tomato,75.59,70.5,Municipal Vegetable Market
2026-02-26,Sarpang,Cabbage,19.05,313.0,Municipal Vegetable Market
2026-02-26,Sarpang,Onion,76.12,103.3,Municipal Vegetable Market
2026-02-26,Sarpang,Broccoli,70.46,258.0,Weekend Roadside Market
2026-02-26,Sarpang,Spinach,19.84,408.6,Municipal Vegetable Market
2026-02-26,Sarpang,Tomato,70.95,250.5,Weekend Roadside Market
2026-02-26,Sarpang,Potato,31.46,446.6,Centenary Farmers Market
2026-02-26,Sarpang,Radish,15.35,87.4,Municipal Vegetable Market
2026-02-26,Sarpang,Cauliflower,46.21,416.4,Municipal Vegetable Market
2026-02-26,Bumthang,Cabbage,27.91,218.3,Weekend Roadside Market
2026-02-26,Bumthang,Tomato,86.81,402.0,Weekend Roadside Market
2026-02-26,Bumthang,Cauliflower,29.6,223.9,Municipal Vegetable Market
2026-02-26,Bumthang,Potato,24.42,21.1,Weekend Roadside Market
2026-02-26,Bumthang,Chilli (fresh),143.2,109.9,Municipal Vegetable Market
2026-02-26,Bumthang,Onion,60.26,432.8,Centenary Farmers Market
2026-02-26,Bumthang,Radish,24.79,146.9,Weekend Roadside Market
2026-02-26,Bumthang,Spinach,42.73,386.2,Weekend Roadside Market
2026-02-26,Bumthang,Chilli (dried),232.78,35.6,Centenary Farmers Market
2026-02-26,Bumthang,Broccoli,51.73,26.6,Municipal Vegetable Market
2026-02-26,Chukha,Radish,19.83,245.9,Municipal Vegetable Market
2026-02-26,Chukha,Cauliflower,53.01,304.7,Centenary Farmers Market
2026-02-26,Chukha,Cabbage,25.65,276.6,Centenary Farmers Market
2026-02-26,Chukha,Onion,54.2,197.1,Centenary Farmers Market
2026-02-26,Chukha,Chilli (dried),242.6,412.3,Centenary Farmers Market
2026-02-26,Chukha,Tomato,85.24,439.8,Weekend Roadside Market
2026-02-26,Chukha,Broccoli,67.84,364.0,Weekend Roadside Market
2026-02-26,Chukha,Potato,41.76,455.2,Municipal Vegetable Market
2026-02-26,Chukha,Spinach,20.82,206.9,Weekend Roadside Market
2026-02-26,Chukha,Chilli (fresh),134.24,440.7,Centenary Farmers Market
2026-02-26,Punakha,Onion,66.74,245.9,Municipal Vegetable Market
2026-02-26,Punakha,Chilli (fresh),134.25,220.3,Weekend Roadside Market
2026-02-26,Punakha,Broccoli,80.5,432.7,Weekend Roadside Market
2026-02-26,Punakha,Radish,24.17,56.5,Centenary Farmers Market
2026-02-26,Punakha,Chilli (dried),288.95,400.7,Weekend Roadside Market
2026-02-26,Punakha,Cabbage,29.4,428.9,Weekend Roadside Market
2026-02-26,Punakha,Spinach,36.73,496.2,Municipal Vegetable Market
2026-02-26,Punakha,Potato,36.8,300.7,Weekend Roadside Market
2026-02-26,Paro,Radish,23.7,363.0,Centenary Farmers Market
2026-02-26,Paro,Onion,51.18,421.8,Weekend Roadside Market
2026-02-26,Paro,Tomato,96.44,200.1,Centenary Farmers Market
2026-02-26,Paro,Potato,33.34,379.0,Centenary Farmers Market
2026-02-26,Paro,Chilli (fresh),84.83,146.5,Municipal Vegetable Market
2026-02-26,Paro,Cauliflower,44.19,270.2,Weekend Roadside Market
2026-02-26,Paro,Spinach,42.7,351.9,Centenary Farmers Market
2026-02-26,Paro,Chilli (dried),269.93,406.6,Centenary Farmers Market
2026-02-26,Paro,Cabbage,24.87,262.2,Municipal Vegetable Market
2026-02-26,Tsirang,Cauliflower,52.28,460.7,Centenary Farmers Market
2026-02-26,Tsirang,Broccoli,78.35,52.1,Weekend Roadside Market
2026-02-26,Tsirang,Potato,38.44,471.0,Municipal Vegetable Market
2026-02-26,Tsirang,Onion,66.1,191.4,Municipal Vegetable Market
2026-02-26,Tsirang,Cabbage,28.53,314.4,Weekend Roadside Market
2026-02-26,Trongsa,Cabbage,24.91,198.3,Centenary Farmers Market
2026-02-26,Trongsa,Potato,29.29,110.5,Centenary Farmers Market
2026-02-26,Trongsa,Chilli (dried),233.97,171.2,Weekend Roadside Market
2026-02-26,Trongsa,Chilli (fresh),-78.4,404.1,Municipal Vegetable Market
2026-02-26,Mongar,Cabbage,19.02,469.4,Municipal Vegetable Market
2026-02-26,Mongar,Tomato,93.7,237.5,Weekend Roadside Market
2026-02-26,Mongar,Radish,16.01,416.0,Centenary Farmers Market
2026-02-26,Mongar,Cauliflower,56.52,193.4,Weekend Roadside Market
2026-02-26,Mongar,Spinach,26.54,146.9,Weekend Roadside Market
2026-02-26,Mongar,Chilli (fresh),129.57,481.2,Weekend Roadside Market
2026-02-26,Trashigang,Broccoli,83.22,388.4,Centenary Farmers Market
2026-02-26,Trashigang,Cabbage,15.46,165.5,Centenary Farmers Market
2026-02-26,Trashigang,Tomato,56.3,178.5,Municipal Vegetable Market
2026-02-26,Trashigang,Chilli (dried),244.91,350.0,Centenary Farmers Market
2026-02-26,Trashigang,Chilli (fresh),145.19,315.7,Centenary Farmers Market
2026-02-26,Trashigang,Cauliflower,34.8,81.5,Weekend Roadside Market
2026-02-26,Haa,Cabbage,14.46,218.5,Centenary Farmers Market
2026-02-26,Haa,Spinach,38.66,378.0,Municipal Vegetable Market
2026-02-26,Haa,Radish,16.5,330.8,Weekend Roadside Market
2026-02-26,Haa,Onion,71.24,382.1,Municipal Vegetable Market
2026-02-26,Haa,Potato,46.58,223.0,Municipal Vegetable Market
2026-02-26,Haa,Chilli (fresh),105.44,176.0,Municipal Vegetable Market
2026-02-26,Haa,Broccoli,69.05,164.7,Centenary Farmers Market
2026-02-26,Haa,Tomato,54.77,26.8,Weekend Roadside Market
2026-02-26,Haa,Chilli (dried),220.26,125.2,Weekend Roadside Market
2026-02-26,Zhemgang,Onion,53.58,59.1,Centenary Farmers Market
2026-02-26,Zhemgang,Cabbage,30.94,287.9,Weekend Roadside Market
2026-02-26,Zhemgang,Chilli (dried),258.99,417.1,Weekend Roadside Market
2026-02-26,Zhemgang,Spinach,38.71,48.1,Centenary Farmers Market
2026-02-26,Zhemgang,Chilli (fresh),101.34,494.8,Centenary Farmers Market
2026-02-26,Zhemgang,Tomato,51.8,22.1,Centenary Farmers Market
2026-02-26,Wangdue Phodrang,Potato,34.32,332.8,Weekend Roadside Market
2026-02-26,Wangdue Phodrang,Cabbage,16.37,103.4,Centenary Farmers Market
2026-02-26,Wangdue Phodrang,Spinach,34.44,238.3,Municipal Vegetable Market
2026-02-26,Wangdue Phodrang,Chilli (fresh),110.83,20.9,Municipal Vegetable Market
2026-02-26,Wangdue Phodrang,Radish,19.13,245.0,Centenary Farmers Market
2026-02-26,Wangdue Phodrang,Broccoli,51.1,435.1,Municipal Vegetable Market
2026-02-26,Wangdue Phodrang,Tomato,81.3,422.7,Centenary Farmers Market
2026-02-26,Wangdue Phodrang,Chilli (dried),167.78,488.3,Centenary Farmers Market
2026-02-26,Wangdue Phodrang,Onion,62.62,262.7,Municipal Vegetable Market
2026-02-26,Thimphu,Cabbage,19.69,252.5,Weekend Roadside Market
2026-02-26,Thimphu,Broccoli,59.97,208.3,Weekend Roadside Market
2026-02-26,Thimphu,Radish,14.74,218.8,Municipal Vegetable Market
2026-02-26,Thimphu,Onion,48.57,313.3,Weekend Roadside Market
2026-02-26,Thimphu,Spinach,49.3,255.5,Centenary Farmers Market
2026-02-27,Bumthang,Cauliflower,34.31,396.2,Centenary Farmers Market
2026-02-27,Bumthang,Spinach,23.41,80.4,Municipal Vegetable Market
2026-02-27,Bumthang,Cabbage,19.62,54.7,Municipal Vegetable Market
2026-02-27,Bumthang,Tomato,48.13,101.2,Centenary Farmers Market
2026-02-27,Bumthang,Onion,56.61,218.6,Weekend Roadside Market
2026-02-27,Bumthang,Chilli (dried),294.64,422.8,Centenary Farmers Market
2026-02-27,Wangdue Phodrang,Cauliflower,43.53,393.8,Centenary Farmers Market
2026-02-27,Wangdue Phodrang,Cabbage,27.52,420.2,Municipal Vegetable Market
2026-02-27,Wangdue Phodrang,Onion,68.29,229.7,Weekend Roadside Market
2026-02-27,Wangdue Phodrang,Spinach,45.55,299.7,Centenary Farmers Market
2026-02-27,Wangdue Phodrang,Chilli (dried),285.6,88.0,Centenary Farmers Market
2026-02-27,Wangdue Phodrang,Tomato,87.63,383.3,Centenary Farmers Market
2026-02-27,Wangdue Phodrang,Potato,35.57,325.8,Centenary Farmers Market
2026-02-27,Wangdue Phodrang,Chilli (fresh),110.63,358.6,Municipal Vegetable Market
2026-02-27,Wangdue Phodrang,Radish,13.39,453.1,Centenary Farmers Market
2026-02-27,Punakha,Cabbage,27.19,125.5,Centenary Farmers Market
2026-02-27,Punakha,Broccoli,52.55,127.4,Municipal Vegetable Market
2026-02-27,Punakha,Chilli (dried),201.6,21.2,Municipal Vegetable Market
2026-02-27,Punakha,Potato,46.12,302.7,Municipal Vegetable Market
2026-02-27,Punakha,Tomato,61.59,,Municipal Vegetable Market
2026-02-27,Punakha,Onion,65.03,224.3,Weekend Roadside Market
2026-02-27,Punakha,Chilli (fresh),101.64,189.8,Weekend Roadside Market
2026-02-27,Punakha,Radish,22.08,85.6,Weekend Roadside Market
2026-02-27,Zhemgang,Onion,70.58,290.5,Weekend Roadside Market
2026-02-27,Zhemgang,Tomato,45.36,171.4,Municipal Vegetable Market
2026-02-27,Zhemgang,Spinach,45.12,483.8,Centenary Farmers Market
2026-02-27,Zhemgang,Cauliflower,37.06,384.0,Centenary Farmers Market
2026-02-27,Zhemgang,Radish,27.95,131.3,Weekend Roadside Market
2026-02-27,Chukha,Chilli (fresh),78.53,125.1,Centenary Farmers Market
2026-02-27,Chukha,Cabbage,29.35,141.5,Weekend Roadside Market
2026-02-27,Chukha,Onion,70.71,40.1,Municipal Vegetable Market
2026-02-27,Chukha,Tomato,53.64,155.7,Centenary Farmers Market
2026-02-27,Haa,Broccoli,59.3,497.0,Municipal Vegetable Market
2026-02-27,Haa,Potato,48.96,422.0,Centenary Farmers Market
2026-02-27,Haa,Chilli (fresh),79.58,487.4,Weekend Roadside Market
2026-02-27,Haa,Cauliflower,46.32,273.5,Weekend Roadside Market
2026-02-27,Haa,Cabbage,21.44,319.3,Weekend Roadside Market
2026-02-27,Haa,Onion,57.73,100.1,Centenary Farmers Market
2026-02-27,Haa,Spinach,20.85,126.8,Centenary Farmers Market
2026-02-27,Haa,Chilli (dried),250.25,214.9,Municipal Vegetable Market
2026-02-27,Haa,Tomato,85.34,288.2,Weekend Roadside Market
2026-02-27,Haa,Radish,27.23,491.6,Municipal Vegetable Market
2026-02-27,Mongar,Broccoli,59.92,251.4,Weekend Roadside Market
2026-02-27,Mongar,Chilli (dried),277.76,201.4,Municipal Vegetable Market
2026-02-27,Mongar,Chilli (fresh),94.5,218.8,Municipal Vegetable Market
2026-02-27,Mongar,Onion,48.79,387.4,Municipal Vegetable Market
2026-02-27,Mongar,Potato,43.75,268.7,Centenary Farmers Market
2026-02-27,Mongar,Cabbage,28.16,295.3,Centenary Farmers Market
2026-02-27,Mongar,Spinach,25.49,413.1,Municipal Vegetable Market
2026-02-27,Mongar,Cauliflower,41.01,55.8,Municipal Vegetable Market
2026-02-27,Sarpang,Onion,75.67,24.4,Weekend Roadside Market
2026-02-27,Sarpang,Potato,27.01,144.4,Municipal Vegetable Market
2026-02-27,Sarpang,Cauliflower,44.3,139.3,Weekend Roadside Market
2026-02-27,Sarpang,Spinach,23.12,119.2,Weekend Roadside Market
2026-02-27,Trongsa,Chilli (dried),211.61,439.4,Weekend Roadside Market
2026-02-27,Trongsa,Tomato,38.43,281.1,Weekend Roadside Market
2026-02-27,Trongsa,Onion,67.08,89.8,Centenary Farmers Market
2026-02-27,Trongsa,Chilli (fresh),81.89,466.2,Weekend Roadside Market
2026-02-27,Trongsa,Potato,40.87,220.6,Centenary Farmers Market
2026-02-27,Trongsa,Broccoli,48.53,185.4,Municipal Vegetable Market
2026-02-28,Samtse,Cabbage,30.23,430.5,Centenary Farmers Market
2026-02-28,Samtse,Chilli (dried),317.4,193.1,Municipal Vegetable Market
2026-02-28,Samtse,Chilli (fresh),73.99,274.3,Centenary Farmers Market
2026-02-28,Samtse,Broccoli,52.7,33.4,Centenary Farmers Market
2026-02-28,Samtse,Tomato,79.71,24.4,Municipal Vegetable Market
2026-02-28,Samtse,Potato,28.34,417.6,Weekend Roadside Market
2026-02-28,Tsirang,Chilli (dried),206.61,455.5,Municipal Vegetable Market
2026-02-28,Tsirang,Onion,45.98,346.4,Weekend Roadside Market
2026-02-28,Tsirang,Potato,31.64,269.9,Weekend Roadside Market
2026-02-28,Tsirang,Tomato,69.24,57.5,Centenary Farmers Market
2026-02-28,Tsirang,Chilli (fresh),62.76,377.2,Centenary Farmers Market
2026-02-28,Paro,Cauliflower,47.97,499.4,Municipal Vegetable Market
2026-02-28,Paro,Tomato,66.5,65.6,Weekend Roadside Market
2026-02-28,Paro,Potato,39.54,492.7,Centenary Farmers Market
2026-02-28,Paro,Radish,17.14,276.0,Municipal Vegetable Market
2026-02-28,Paro,  CHILLI (DRIED)  ,209.41,296.0,Centenary Farmers Market
2026-02-28,Paro,Chilli (fresh),83.11,37.5,Weekend Roadside Market
2026-02-28,Paro,Onion,51.9,435.8,Centenary Farmers Market
2026-02-28,Paro,Broccoli,64.8,181.0,Weekend Roadside Market
2026-02-28,Paro,Spinach,42.43,84.4,Municipal Vegetable Market
2026-02-28,Trongsa,Spinach,31.96,457.4,Municipal Vegetable Market
2026-02-28,Trongsa,Radish,16.3,142.0,Centenary Farmers Market
2026-02-28,Trongsa,Tomato,35.46,102.3,Weekend Roadside Market
2026-02-28,Trongsa,Chilli (dried),175.1,466.5,Centenary Farmers Market
2026-02-28,Trongsa,Chilli (fresh),95.03,126.7,Centenary Farmers Market
2026-02-28,Trongsa,Cabbage,23.53,191.3,Weekend Roadside Market
2026-02-28,Trongsa,Broccoli,84.31,,Weekend Roadside Market
2026-02-28,Trongsa,Potato,36.96,283.5,Municipal Vegetable Market
2026-02-28,Trongsa,Onion,69.34,86.6,Municipal Vegetable Market
2026-02-28,Wangdue Phodrang,Chilli (dried),283.4,379.9,Weekend Roadside Market
2026-02-28,Wangdue Phodrang,Cauliflower,34.65,350.2,Centenary Farmers Market
2026-02-28,Wangdue Phodrang,Radish,17.7,92.9,Centenary Farmers Market
2026-02-28,Wangdue Phodrang,Cabbage,17.65,475.4,Weekend Roadside Market
2026-02-28,Wangdue Phodrang,Broccoli,56.87,304.1,Centenary Farmers Market
2026-02-28,Wangdue Phodrang,Potato,32.2,493.0,Weekend Roadside Market
2026-02-28,Wangdue Phodrang,Onion,59.34,418.2,Weekend Roadside Market
2026-02-28,Wangdue Phodrang,Tomato,46.22,418.3,Weekend Roadside Market
2026-02-28,Wangdue Phodrang,Spinach,38.11,76.6,Centenary Farmers Market
2026-02-28,Wangdue Phodrang,Chilli (fresh),56.05,141.5,Municipal Vegetable Market
2026-02-28,Mongar,Cabbage,20.52,447.0,Weekend Roadside Market
2026-02-28,Mongar,Spinach,36.71,119.9,Municipal Vegetable Market
2026-02-28,Mongar,Broccoli,81.4,125.2,Municipal Vegetable Market
2026-02-28,Mongar,Chilli (fresh),114.82,,Weekend Roadside Market
2026-02-28,Mongar,Chilli (dried),263.27,93.8,Centenary Farmers Market
2026-02-28,Mongar,Potato,28.86,298.8,Municipal Vegetable Market
2026-02-28,Mongar,Tomato,73.59,487.7,Municipal Vegetable Market
2026-02-28,Mongar,Cauliflower,39.37,44.6,Weekend Roadside Market
2026-02-28,Mongar,Radish,21.54,91.7,Weekend Roadside Market
2026-02-28,Punakha,Tomato,48.24,489.5,Centenary Farmers Market
2026-02-28,Punakha,Chilli (dried),257.81,333.7,Municipal Vegetable Market
2026-02-28,Punakha,Chilli (fresh),89.74,358.3,Centenary Farmers Market
2026-02-28,Punakha,Cauliflower,47.61,238.5,Municipal Vegetable Market
2026-02-28,Punakha,Broccoli,78.77,37.7,Weekend Roadside Market
2026-02-28,Punakha,Cabbage,19.05,168.8,Municipal Vegetable Market
2026-02-28,Punakha,Potato,35.13,65.2,Centenary Farmers Market
2026-02-28,Trashigang,Spinach,19.4,435.3,Centenary Farmers Market
2026-02-28,Trashigang,Chilli (fresh),129.64,320.0,Municipal Vegetable Market
2026-02-28,Trashigang,Cauliflower,62.61,451.0,Weekend Roadside Market
2026-02-28,Trashigang,Tomato,83.31,223.7,Weekend Roadside Market
2026-02-28,Trashigang,Onion,44.21,167.9,Centenary Farmers Market
2026-02-28,Trashigang,Broccoli,63.64,362.7,Municipal Vegetable Market
2026-02-28,Haa,Spinach,36.9,255.5,Weekend Roadside Market
2026-02-28,Haa,Chilli (dried),276.7,297.2,Weekend Roadside Market
2026-02-28,Haa,Cabbage,23.04,365.1,Municipal Vegetable Market
2026-02-28,Haa,Tomato,54.66,128.9,Weekend Roadside Market
2026-02-28,Haa,Broccoli,53.6,196.8,Municipal Vegetable Market
2026-02-28,Haa,Cauliflower,44.64,142.6,Weekend Roadside Market
2026-02-28,Chukha,Potato,25.3,216.9,Centenary Farmers Market
2026-02-28,Chukha,Broccoli,69.89,392.2,Municipal Vegetable Market
2026-02-28,Chukha,Radish,21.81,104.7,Weekend Roadside Market
2026-02-28,Chukha,Onion,48.48,118.9,Municipal Vegetable Market
2026-02-28,Chukha,Cauliflower,56.31,450.1,Municipal Vegetable Market
2026-02-28,Chukha,Chilli (dried),224.63,217.3,Weekend Roadside Market
2026-03-01,Tsirang,Chilli (dried),201.17,388.6,Centenary Farmers Market
2026-03-01,Tsirang,Onion,54.34,95.7,Municipal Vegetable Market
2026-03-01,Tsirang,Potato,25.53,347.4,Municipal Vegetable Market
2026-03-01,Tsirang,Cauliflower,26.51,94.8,Municipal Vegetable Market
2026-03-01,Tsirang,Chilli (fresh),-66.77,375.8,Municipal Vegetable Market
2026-03-01,Tsirang,Radish,18.34,95.5,Weekend Roadside Market
2026-03-01,Tsirang,Tomato,65.59,253.8,Weekend Roadside Market
2026-03-01,Tsirang,Spinach,26.99,36.6,Weekend Roadside Market
2026-03-01,Tsirang,Cabbage,28.23,295.8,Municipal Vegetable Market
2026-03-01,Trashigang,Chilli (dried),319.62,490.9,Centenary Farmers Market
2026-03-01,Trashigang,Onion,53.65,360.8,Weekend Roadside Market
2026-03-01,Trashigang,Cauliflower,52.8,34.2,Weekend Roadside Market
2026-03-01,Trashigang,Potato,30.14,342.6,Weekend Roadside Market
2026-03-01,Trashigang,Broccoli,60.63,175.7,Weekend Roadside Market
2026-03-01,Trashigang,Chilli (fresh),118.6,217.7,Weekend Roadside Market
2026-03-01,Trashigang,Tomato,86.99,228.5,Centenary Farmers Market
2026-03-01,Sarpang,Chilli (fresh),87.2,127.3,Municipal Vegetable Market
2026-03-01,Sarpang,Radish,20.92,179.5,Municipal Vegetable Market
2026-03-01,Sarpang,Potato,38.81,,Municipal Vegetable Market
2026-03-01,Sarpang,Chilli (dried),228.93,37.3,Municipal Vegetable Market
2026-03-01,Lhuentse,Chilli (dried),288.67,484.3,Weekend Roadside Market
2026-03-01,Lhuentse,Chilli (fresh),82.8,92.2,Municipal Vegetable Market
2026-03-01,Lhuentse,Onion,56.5,186.0,Municipal Vegetable Market
2026-03-01,Lhuentse,Spinach,41.15,477.0,Centenary Farmers Market
2026-03-01,Bumthang,Broccoli,71.72,436.8,Municipal Vegetable Market
2026-03-01,Bumthang,Onion,68.2,96.6,Centenary Farmers Market
2026-03-01,Bumthang,Chilli (fresh),79.14,173.5,Weekend Roadside Market
2026-03-01,Bumthang,Potato,25.01,426.5,Municipal Vegetable Market
2026-03-01,Bumthang,Cabbage,22.09,495.0,Centenary Farmers Market
2026-03-01,Bumthang,Spinach,33.14,288.0,Municipal Vegetable Market
2026-03-01,Wangdue Phodrang,Tomato,-63.11,464.5,Centenary Farmers Market
2026-03-01,Wangdue Phodrang,Chilli (fresh),86.97,304.5,Centenary Farmers Market
2026-03-01,Wangdue Phodrang,Spinach,18.65,27.7,Centenary Farmers Market
2026-03-01,Wangdue Phodrang,Cauliflower,34.15,73.9,Weekend Roadside Market
2026-03-01,Wangdue Phodrang,Chilli (dried),266.12,328.0,Weekend Roadside Market
2026-03-01,Wangdue Phodrang,Broccoli,71.39,481.5,Centenary Farmers Market
2026-03-01,Wangdue Phodrang,Potato,35.47,447.1,Weekend Roadside Market
2026-03-01,Wangdue Phodrang,Radish,30.49,418.1,Municipal Vegetable Market
2026-03-01,Wangdue Phodrang,Cabbage,24.67,271.4,Centenary Farmers Market
2026-03-01,Mongar,Tomato,73.72,137.5,Centenary Farmers Market
2026-03-01,Mongar,Radish,21.57,257.8,Centenary Farmers Market
2026-03-01,Mongar,Broccoli,79.72,66.3,Centenary Farmers Market
2026-03-01,Mongar,Spinach,19.73,260.6,Weekend Roadside Market
2026-03-01,Mongar,Onion,41.47,205.1,Weekend Roadside Market
2026-03-01,Mongar,Chilli (dried),258.9,81.0,Centenary Farmers Market
2026-03-01,Mongar,Potato,49.03,285.2,Municipal Vegetable Market
2026-03-01,Mongar,Chilli (fresh),62.15,435.9,Municipal Vegetable Market
2026-03-01,Mongar,Cabbage,-19.02,76.9,Weekend Roadside Market
2026-03-01,Mongar,Cauliflower,44.63,482.9,Weekend Roadside Market
2026-03-01,Paro,Chilli (dried),178.06,228.0,Municipal Vegetable Market
2026-03-01,Paro,Spinach,37.68,408.9,Municipal Vegetable Market
2026-03-01,Paro,Onion,49.14,103.5,Municipal Vegetable Market
2026-03-01,Paro,Tomato,70.93,381.2,Municipal Vegetable Market
2026-03-01,Paro,Cauliflower,50.32,476.5,Centenary Farmers Market
2026-03-01,Paro,Radish,29.05,28.5,Municipal Vegetable Market
2026-03-01,Thimphu,Broccoli,48.63,384.0,Municipal Vegetable Market
2026-03-01,Thimphu,Tomato,41.07,442.5,Weekend Roadside Market
2026-03-01,Thimphu,Onion,56.43,134.4,Weekend Roadside Market
2026-03-01,Thimphu,Cauliflower,59.79,431.2,Weekend Roadside Market
2026-03-01,Thimphu,Potato,40.97,251.4,Weekend Roadside Market
2026-03-01,Haa,Potato,27.39,376.0,Weekend Roadside Market
2026-03-01,Haa,Tomato,64.43,248.3,Weekend Roadside Market
2026-03-01,Haa,Broccoli,93.01,88.4,Municipal Vegetable Market
2026-03-01,Haa,Radish,14.87,444.8,Municipal Vegetable Market
2026-03-01,Punakha,Onion,60.13,441.1,Centenary Farmers Market
2026-03-01,Punakha,Spinach,31.84,129.1,Municipal Vegetable Market
2026-03-01,Punakha,Broccoli,74.21,280.2,Weekend Roadside Market
2026-03-01,Punakha,Potato,43.73,157.0,Municipal Vegetable Market
2026-03-01,Punakha,Cabbage,24.56,338.4,Weekend Roadside Market
2026-03-01,Punakha,Cauliflower,44.01,366.7,Centenary Farmers Market
2026-03-01,Zhemgang,Potato,25.98,339.3,Weekend Roadside Market
2026-03-01,Zhemgang,Chilli (dried),332.03,272.2,Centenary Farmers Market
2026-03-01,Zhemgang,Onion,56.5,378.2,Centenary Farmers Market
2026-03-01,Zhemgang,Radish,26.39,177.5,Weekend Roadside Market
2026-03-01,Zhemgang,Chilli (fresh),112.63,103.0,Weekend Roadside Market
2026-03-01,Chukha,Spinach,24.67,262.5,Weekend Roadside Market
2026-03-01,Chukha,Chilli (fresh),155.0,441.4,Weekend Roadside Market
2026-03-01,Chukha,Broccoli,62.8,435.3,Centenary Farmers Market
2026-03-01,Chukha,Radish,13.15,376.3,Centenary Farmers Market
2026-03-01,Chukha,Tomato,34.53,61.2,Municipal Vegetable Market
2026-03-01,Chukha,Cauliflower,51.11,40.5,Weekend Roadside Market
2026-03-02,Bumthang,Tomato,79.24,488.5,Weekend Roadside Market
2026-03-02,Bumthang,Chilli (dried),282.03,411.7,Centenary Farmers Market
2026-03-02,Bumthang,Radish,21.48,94.5,Municipal Vegetable Market
2026-03-02,Bumthang,Chilli (fresh),86.73,132.8,Centenary Farmers Market
2026-03-02,Bumthang,Onion,60.35,122.1,Weekend Roadside Market
2026-03-02,Tsirang,Onion,53.75,245.7,Municipal Vegetable Market
2026-03-02,Tsirang,Radish,22.57,398.5,Centenary Farmers Market
2026-03-02,Tsirang,Spinach,29.77,209.3,Weekend Roadside Market
2026-03-02,Tsirang,Chilli (dried),271.5,401.0,Weekend Roadside Market
2026-03-02,Tsirang,Potato,28.3,207.2,Weekend Roadside Market
2026-03-02,Tsirang,Cabbage,14.12,383.4,Municipal Vegetable Market
2026-03-02,Tsirang,Broccoli,82.08,176.4,Municipal Vegetable Market
2026-03-02,Tsirang,Chilli (fresh),73.04,485.4,Centenary Farmers Market
2026-03-02,Tsirang,Tomato,76.2,162.8,Municipal Vegetable Market
2026-03-02,Tsirang,Cauliflower,59.8,54.5,Weekend Roadside Market
2026-03-02,Thimphu,Broccoli,57.1,127.0,Centenary Farmers Market
2026-03-02,Thimphu,Chilli (fresh),97.09,212.4,Centenary Farmers Market
2026-03-02,Thimphu,Cauliflower,45.45,495.5,Municipal Vegetable Market
2026-03-02,Thimphu,Onion,61.45,483.2,Weekend Roadside Market
2026-03-02,Thimphu,Cabbage,25.27,118.2,Weekend Roadside Market
2026-03-02,Thimphu,Potato,44.87,248.7,Weekend Roadside Market
2026-03-02,Thimphu,Radish,17.73,462.5,Centenary Farmers Market
2026-03-02,Thimphu,Tomato,63.77,245.0,Centenary Farmers Market
2026-03-02,Thimphu,Spinach,32.6,62.8,Centenary Farmers Market
2026-03-02,Thimphu,Chilli (dried),324.27,176.3,Weekend Roadside Market
2026-03-02,Mongar,Potato,44.47,121.8,Centenary Farmers Market
2026-03-02,Mongar,Chilli (dried),185.44,50.9,Municipal Vegetable Market
2026-03-02,Mongar,Chilli (fresh),88.3,352.7,Weekend Roadside Market
2026-03-02,Mongar,Cabbage,26.62,50.3,Weekend Roadside Market
2026-03-02,Chukha,Onion,70.29,175.1,Municipal Vegetable Market
2026-03-02,Chukha,Broccoli,57.29,92.7,Centenary Farmers Market
2026-03-02,Chukha,Chilli (dried),337.63,191.3,Centenary Farmers Market
2026-03-02,Chukha,Cabbage,17.68,113.1,Weekend Roadside Market
2026-03-02,Chukha,Cauliflower,44.4,428.2,Municipal Vegetable Market
2026-03-02,Chukha,Spinach,22.0,,Centenary Farmers Market
2026-03-02,Chukha,Tomato,102.05,368.5,Centenary Farmers Market
2026-03-02,Haa,Cauliflower,48.38,173.6,Centenary Farmers Market
2026-03-02,Haa,Tomato,92.08,253.5,Municipal Vegetable Market
2026-03-02,Haa,Onion,38.72,275.1,Weekend Roadside Market
2026-03-02,Haa,Broccoli,62.79,206.6,Municipal Vegetable Market
2026-03-02,Haa,Potato,31.61,295.6,Centenary Farmers Market
2026-03-02,Haa,Chilli (dried),218.36,467.1,Municipal Vegetable Market
2026-03-02,Trashigang,Onion,49.75,445.3,Municipal Vegetable Market
2026-03-02,Trashigang,Potato,39.16,,Municipal Vegetable Market
2026-03-02,Trashigang,Chilli (dried),244.69,249.5,Weekend Roadside Market
2026-03-02,Trashigang,Cabbage,20.86,236.4,Municipal Vegetable Market
2026-03-02,Sarpang,Broccoli,77.32,229.2,Centenary Farmers Market
2026-03-02,Sarpang,Cabbage,24.96,262.9,Weekend Roadside Market
2026-03-02,Sarpang,Radish,17.44,74.4,Weekend Roadside Market
2026-03-02,Sarpang,Chilli (fresh),145.78,467.7,Centenary Farmers Market
2026-03-02,Sarpang,Chilli (dried),204.05,249.2,Municipal Vegetable Market
2026-03-02,Sarpang,Cauliflower,34.33,267.3,Municipal Vegetable Market
2026-03-03,Lhuentse,Radish,28.28,175.4,Centenary Farmers Market
2026-03-03,Lhuentse,Chilli (fresh),74.22,194.9,Centenary Farmers Market
2026-03-03,Lhuentse,Chilli (dried),246.75,159.4,Centenary Farmers Market
2026-03-03,Lhuentse,Onion,62.93,132.5,Centenary Farmers Market
2026-03-03,Lhuentse,Cabbage,20.07,113.5,Weekend Roadside Market
2026-03-03,Lhuentse,Tomato,87.05,280.0,Weekend Roadside Market
2026-03-03,Lhuentse,Potato,35.09,213.6,Centenary Farmers Market
2026-03-03,Lhuentse,Spinach,27.88,332.8,Weekend Roadside Market
2026-03-03,Tsirang,Spinach,42.72,298.9,Weekend Roadside Market
2026-03-03,Tsirang,Cauliflower,43.24,335.5,Municipal Vegetable Market
2026-03-03,Tsirang,Chilli (fresh),67.82,46.5,Weekend Roadside Market
2026-03-03,Tsirang,Potato,30.22,211.9,Weekend Roadside Market
2026-03-03,Tsirang,Tomato,79.95,28.3,Municipal Vegetable Market
2026-03-03,Mongar,Cauliflower,32.56,134.0,Municipal Vegetable Market
2026-03-03,Mongar,Onion,46.76,240.2,Municipal Vegetable Market
2026-03-03,Mongar,Chilli (dried),305.87,99.0,Weekend Roadside Market
2026-03-03,Mongar,Chilli (fresh),135.73,241.0,Centenary Farmers Market
2026-03-03,Mongar,Tomato,66.17,,Weekend Roadside Market
2026-03-03,Trongsa,Onion,40.42,355.1,Centenary Farmers Market
2026-03-03,Trongsa,Spinach,29.45,107.2,Centenary Farmers Market
2026-03-03,Trongsa,Chilli (dried),279.12,417.4,Centenary Farmers Market
2026-03-03,Trongsa,Chilli (fresh),79.57,410.8,Centenary Farmers Market
2026-03-03,Trongsa,Tomato,38.85,247.1,Municipal Vegetable Market
2026-03-03,Trongsa,Cabbage,15.39,479.5,Municipal Vegetable Market
2026-03-03,Trongsa,Radish,23.9,489.3,Municipal Vegetable Market
2026-03-03,Trashigang,Spinach,31.67,211.6,Municipal Vegetable Market
2026-03-03,Trashigang,Chilli (dried),224.16,458.7,Municipal Vegetable Market
2026-03-03,Trashigang,Chilli (fresh),124.58,446.4,Municipal Vegetable Market
2026-03-03,Trashigang,Tomato,46.22,350.5,Weekend Roadside Market
2026-03-03,Trashigang,Broccoli,49.42,457.7,Municipal Vegetable Market
2026-03-03,Trashigang,Onion,59.35,396.4,Weekend Roadside Market
2026-03-03,Trashigang,Radish,23.28,157.4,Municipal Vegetable Market
2026-03-03,Sarpang,Tomato,51.73,203.6,Municipal Vegetable Market
2026-03-03,Sarpang,Chilli (fresh),86.07,191.0,Centenary Farmers Market
2026-03-03,Sarpang,Cabbage,22.14,285.8,Centenary Farmers Market
2026-03-03,Sarpang,Radish,27.57,37.8,Weekend Roadside Market
2026-03-03,Sarpang,Cauliflower,36.56,187.2,Weekend Roadside Market
2026-03-03,Sarpang,Potato,27.19,398.5,Municipal Vegetable Market
2026-03-03,Sarpang,Broccoli,45.51,194.2,Weekend Roadside Market
2026-03-03,Sarpang,Spinach,35.21,51.0,Municipal Vegetable Market
2026-03-03,Sarpang,Onion,66.04,314.0,Weekend Roadside Market
2026-03-03,Sarpang,Chilli (dried),159.44,36.7,Municipal Vegetable Market
2026-03-03,Haa,Tomato,76.92,70.2,Centenary Farmers Market
2026-03-03,Haa,Radish,16.04,473.7,Centenary Farmers Market
2026-03-03,Haa,Cauliflower,39.84,211.0,Municipal Vegetable Market
2026-03-03,Haa,Chilli (fresh),120.81,320.8,Municipal Vegetable Market
2026-03-03,Bumthang,Onion,44.16,216.2,Centenary Farmers Market
2026-03-03,Bumthang,Potato,31.23,81.1,Municipal Vegetable Market
2026-03-03,Bumthang,Cabbage,30.41,473.2,Weekend Roadside Market
2026-03-03,Bumthang,Chilli (fresh),100.63,154.4,Centenary Farmers Market
2026-03-03,Wangdue Phodrang,Spinach,34.56,223.7,Municipal Vegetable Market
2026-03-03,Wangdue Phodrang,Cabbage,21.3,141.2,Centenary Farmers Market
2026-03-03,Wangdue Phodrang,Broccoli,48.92,109.0,Municipal Vegetable Market
2026-03-03,Wangdue Phodrang,Radish,21.98,453.4,Municipal Vegetable Market
2026-03-03,Wangdue Phodrang,Onion,50.0,422.9,Centenary Farmers Market
2026-03-03,Wangdue Phodrang,Cauliflower,43.29,262.9,Municipal Vegetable Market
2026-03-03,Wangdue Phodrang,Potato,40.47,305.2,Municipal Vegetable Market
2026-03-03,Wangdue Phodrang,Tomato,59.61,358.4,Municipal Vegetable Market
2026-03-04,Trashigang,Onion,50.21,365.5,Centenary Farmers Market
2026-03-04,Trashigang,Broccoli,69.14,424.4,Weekend Roadside Market
2026-03-04,Trashigang,Cauliflower,56.59,87.9,Municipal Vegetable Market
2026-03-04,Trashigang,Potato,30.46,454.3,Weekend Roadside Market
2026-03-04,Trashigang,Tomato,58.61,92.6,Centenary Farmers Market
2026-03-04,Trashigang,Cabbage,22.7,274.2,Centenary Farmers Market
2026-03-04,Mongar,Spinach,22.77,366.1,Municipal Vegetable Market
2026-03-04,Mongar,Chilli (fresh),100.79,79.3,Weekend Roadside Market
2026-03-04,Mongar,Radish,22.09,381.2,Weekend Roadside Market
2026-03-04,Mongar,Cabbage,21.89,55.0,Municipal Vegetable Market
2026-03-04,Mongar,Broccoli,92.88,380.1,Municipal Vegetable Market
2026-03-04,Chukha,Onion,51.72,260.7,Centenary Farmers Market
2026-03-04,Chukha,Chilli (fresh),126.78,439.7,Municipal Vegetable Market
2026-03-04,Chukha,Cauliflower,28.49,346.7,Centenary Farmers Market
2026-03-04,Chukha,Broccoli,95.02,369.5,Weekend Roadside Market
2026-03-04,Thimphu,Potato,38.44,189.7,Weekend Roadside Market
2026-03-04,Thimphu,Chilli (dried),192.31,144.8,Centenary Farmers Market
2026-03-04,Thimphu,Chilli (fresh),123.29,25.9,Municipal Vegetable Market
2026-03-04,Thimphu,Spinach,20.83,476.3,Municipal Vegetable Market
2026-03-04,Thimphu,Cabbage,22.33,285.1,Weekend Roadside Market
2026-03-04,Thimphu,Tomato,44.21,496.7,Centenary Farmers Market
2026-03-04,Thimphu,Broccoli,53.26,137.5,Centenary Farmers Market
2026-03-04,Thimphu,Cauliflower,33.77,435.9,Weekend Roadside Market
2026-03-04,Thimphu,Radish,21.39,444.5,Centenary Farmers Market
2026-03-04,Thimphu,Onion,56.19,222.9,Municipal Vegetable Market
2026-03-04,Punakha,Cauliflower,51.05,467.8,Centenary Farmers Market
2026-03-04,Punakha,Radish,24.09,349.2,Municipal Vegetable Market
2026-03-04,Punakha,Cabbage,15.81,309.3,Centenary Farmers Market
2026-03-04,Punakha,Broccoli,72.12,210.9,Centenary Farmers Market
2026-03-04,Punakha,Chilli (fresh),134.55,266.6,Municipal Vegetable Market
2026-03-04,Samtse,Radish,15.68,103.6,Weekend Roadside Market
2026-03-04,Samtse,Chilli (dried),256.57,482.8,Municipal Vegetable Market
2026-03-04,Samtse,Cabbage,25.71,348.3,Municipal Vegetable Market
2026-03-04,Samtse,Spinach,36.09,212.9,Municipal Vegetable Market
2026-03-04,Samtse,Cauliflower,34.71,419.0,Weekend Roadside Market
2026-03-04,Samtse,Chilli (fresh),75.27,307.4,Weekend Roadside Market
2026-03-04,Samtse,Onion,56.77,28.2,Municipal Vegetable Market
2026-03-04,Samtse,Broccoli,48.85,378.9,Centenary Farmers Market
2026-03-04,Paro,Chilli (dried),200.45,72.8,Municipal Vegetable Market
2026-03-04,Paro,Cabbage,14.64,214.7,Centenary Farmers Market
2026-03-04,Paro,Radish,25.54,23.4,Municipal Vegetable Market
2026-03-04,Paro,Cauliflower,32.27,57.1,Municipal Vegetable Market
2026-03-04,Paro,Spinach,37.59,76.1,Centenary Farmers Market
2026-03-04,Paro,Broccoli,44.84,248.2,Weekend Roadside Market
2026-03-04,Paro,Potato,35.29,140.0,Municipal Vegetable Market
2026-03-04,Wangdue Phodrang,Potato,27.6,410.7,Municipal Vegetable Market
2026-03-04,Wangdue Phodrang,Radish,21.44,498.9,Municipal Vegetable Market
2026-03-04,Wangdue Phodrang,Cabbage,16.81,72.5,Weekend Roadside Market
2026-03-04,Wangdue Phodrang,Tomato,86.77,383.4,Municipal Vegetable Market
2026-03-04,Wangdue Phodrang,Onion,53.34,161.5,Centenary Farmers Market
2026-03-04,Wangdue Phodrang,Broccoli,54.87,164.5,Centenary Farmers Market
2026-03-04,Bumthang,Chilli (dried),258.52,492.8,Municipal Vegetable Market
2026-03-04,Bumthang,Spinach,41.46,271.6,Weekend Roadside Market
2026-03-04,Bumthang,Radish,18.12,70.8,Centenary Farmers Market
2026-03-04,Bumthang,Onion,40.78,406.9,Municipal Vegetable Market
2026-03-04,Bumthang,Cauliflower,37.67,342.9,Centenary Farmers Market
2026-03-04,Tsirang,Tomato,64.38,410.9,Centenary Farmers Market
2026-03-04,Tsirang,Cabbage,30.42,213.6,Centenary Farmers Market
2026-03-04,Tsirang,Potato,37.6,342.6,Municipal Vegetable Market
2026-03-04,Tsirang,Onion,71.28,332.0,Municipal Vegetable Market
2026-03-04,Tsirang,Chilli (fresh),94.12,478.4,Municipal Vegetable Market
2026-03-04,Tsirang,Cauliflower,55.25,466.3,Municipal Vegetable Market
2026-03-04,Tsirang,Chilli (dried),210.26,230.1,Centenary Farmers Market
2026-03-04,Tsirang,Radish,17.36,350.5,Municipal Vegetable Market
2026-03-04,Tsirang,Broccoli,72.65,499.3,Municipal Vegetable Market
2026-03-04,Tsirang,Spinach,26.51,273.5,Centenary Farmers Market
2026-03-04,Trongsa,Chilli (dried),216.52,407.2,Weekend Roadside Market
2026-03-04,Trongsa,Cabbage,22.3,461.3,Municipal Vegetable Market
2026-03-04,Trongsa,Radish,20.95,175.9,Centenary Farmers Market
2026-03-04,Trongsa,Chilli (fresh),100.51,226.5,Municipal Vegetable Market
2026-03-04,Trongsa,Tomato,82.88,499.7,Weekend Roadside Market
2026-03-04,Trongsa,Broccoli,75.78,399.1,Weekend Roadside Market
2026-03-04,Haa,Broccoli,64.87,287.6,Weekend Roadside Market
2026-03-04,Haa,Potato,40.02,484.1,Weekend Roadside Market
2026-03-04,Haa,Spinach,27.53,198.1,Weekend Roadside Market
2026-03-04,Haa,Tomato,60.58,36.5,Weekend Roadside Market
2026-03-04,Haa,Chilli (fresh),149.84,56.7,Weekend Roadside Market
2026-03-04,Haa,Cauliflower,64.77,122.8,Centenary Farmers Market
2026-03-04,Haa,Chilli (dried),271.56,354.3,Municipal Vegetable Market
2026-03-04,Haa,Cabbage,22.26,398.2,Municipal Vegetable Market
2026-03-05,Tsirang,Chilli (fresh),119.44,36.9,Weekend Roadside Market
2026-03-05,Tsirang,Chilli (dried),299.19,375.0,Weekend Roadside Market
2026-03-05,Tsirang,Tomato,101.97,377.7,Centenary Farmers Market
2026-03-05,Tsirang,Potato,31.24,414.4,Municipal Vegetable Market
2026-03-05,Tsirang,Broccoli,72.79,442.8,Centenary Farmers Market
2026-03-05,Tsirang,Cauliflower,39.73,21.1,Weekend Roadside Market
2026-03-05,Tsirang,Spinach,48.69,79.2,Centenary Farmers Market
2026-03-05,Paro,Cabbage,24.75,89.1,Municipal Vegetable Market
2026-03-05,Paro,Chilli (fresh),90.19,68.6,Municipal Vegetable Market
2026-03-05,Paro,Tomato,37.95,450.3,Municipal Vegetable Market
2026-03-05,Paro,Cauliflower,50.22,88.9,Centenary Farmers Market
2026-03-05,Paro,Broccoli,57.39,400.9,Centenary Farmers Market
2026-03-05,Paro,Radish,16.23,194.8,Weekend Roadside Market
2026-03-05,Lhuentse,Broccoli,60.53,91.5,Weekend Roadside Market
2026-03-05,Lhuentse,Chilli (fresh),107.0,299.8,Centenary Farmers Market
2026-03-05,Lhuentse,Cauliflower,45.26,119.6,Centenary Farmers Market
2026-03-05,Lhuentse,Chilli (dried),247.85,436.9,Municipal Vegetable Market
2026-03-05,Lhuentse,Onion,59.27,371.2,Centenary Farmers Market
2026-03-05,Lhuentse,Cabbage,19.61,455.0,Weekend Roadside Market
2026-03-05,Lhuentse,Radish,29.39,247.8,Weekend Roadside Market
2026-03-05,Lhuentse,Potato,26.93,492.3,Municipal Vegetable Market
2026-03-05,Chukha,Broccoli,52.89,267.6,Weekend Roadside Market
2026-03-05,Chukha,Chilli (dried),240.81,55.8,Municipal Vegetable Market
2026-03-05,Chukha,Cabbage,-25.16,406.0,Weekend Roadside Market
2026-03-05,Chukha,Spinach,40.47,405.9,Weekend Roadside Market
2026-03-05,Chukha,Potato,24.26,148.0,Centenary Farmers Market
2026-03-05,Chukha,Chilli (fresh),94.84,492.2,Centenary Farmers Market
2026-03-05,Chukha,Cauliflower,49.61,82.5,Centenary Farmers Market
2026-03-05,Sarpang,Radish,21.59,496.4,Centenary Farmers Market
2026-03-05,Sarpang,Potato,30.43,488.1,Centenary Farmers Market
2026-03-05,Sarpang,Chilli (dried),183.52,198.1,Municipal Vegetable Market
2026-03-05,Sarpang,Tomato,51.42,234.2,Centenary Farmers Market
2026-03-05,Punakha,Cauliflower,35.85,53.2,Municipal Vegetable Market
2026-03-05,Punakha,Chilli (fresh),101.98,125.7,Weekend Roadside Market
2026-03-05,Punakha,Radish,18.44,130.6,Municipal Vegetable Market
2026-03-05,Punakha,Potato,43.77,322.9,Centenary Farmers Market
2026-03-05,Samtse,Potato,27.4,407.1,Municipal Vegetable Market
2026-03-05,Samtse,Broccoli,53.5,288.3,Municipal Vegetable Market
2026-03-05,Samtse,Tomato,56.9,473.6,Centenary Farmers Market
2026-03-05,Samtse,Chilli (dried),294.2,459.3,Municipal Vegetable Market
2026-03-05,Samtse,Spinach,28.06,450.7,Weekend Roadside Market
2026-03-05,Mongar,Broccoli,72.89,399.0,Municipal Vegetable Market
2026-03-05,Mongar,Potato,28.64,176.8,Weekend Roadside Market
2026-03-05,Mongar,Chilli (fresh),90.08,370.0,Municipal Vegetable Market
2026-03-05,Mongar,Chilli (dried),244.14,325.2,Centenary Farmers Market
2026-03-05,Mongar,Onion,-58.54,402.8,Municipal Vegetable Market
2026-03-05,Mongar,Cauliflower,54.15,403.5,Weekend Roadside Market
2026-03-05,Mongar,Radish,24.19,444.4,Weekend Roadside Market
2026-03-05,Mongar,Tomato,60.25,322.4,Centenary Farmers Market
2026-03-05,Mongar,Spinach,-26.26,168.5,Municipal Vegetable Market
2026-03-05,Zhemgang,Potato,38.86,241.7,Weekend Roadside Market
2026-03-05,Zhemgang,Broccoli,73.93,193.4,Centenary Farmers Market
2026-03-05,Zhemgang,Tomato,40.01,224.0,Municipal Vegetable Market
2026-03-05,Zhemgang,Onion,59.21,309.2,Weekend Roadside Market
2026-03-05,Zhemgang,Chilli (fresh),100.03,410.9,Municipal Vegetable Market
2026-03-05,Zhemgang,Chilli (dried),263.65,178.4,Centenary Farmers Market
2026-03-05,Thimphu,Cabbage,24.24,431.2,Weekend Roadside Market
2026-03-05,Thimphu,Spinach,35.95,39.1,Centenary Farmers Market
2026-03-05,Thimphu,Tomato,65.14,47.8,Municipal Vegetable Market
2026-03-05,Thimphu,Potato,28.21,202.3,Municipal Vegetable Market
2026-03-05,Thimphu,Onion,62.73,140.6,Municipal Vegetable Market
2026-03-05,Thimphu,Chilli (fresh),108.91,436.1,Centenary Farmers Market
2026-03-05,Thimphu,Chilli (dried),299.84,388.4,Weekend Roadside Market
2026-03-06,Zhemgang,Chilli (fresh),109.34,248.8,Centenary Farmers Market
2026-03-06,Zhemgang,Chilli (dried),269.25,429.8,Municipal Vegetable Market
2026-03-06,Zhemgang,Tomato,53.86,188.3,Weekend Roadside Market
2026-03-06,Zhemgang,Spinach,23.44,234.3,Municipal Vegetable Market
2026-03-06,Zhemgang,Onion,73.72,352.2,Centenary Farmers Market
2026-03-06,Zhemgang,Cauliflower,38.46,80.6,Weekend Roadside Market
2026-03-06,Zhemgang,Broccoli,63.9,425.8,Centenary Farmers Market
2026-03-06,Lhuentse,Onion,68.37,333.0,Municipal Vegetable Market
2026-03-06,Lhuentse,Cabbage,26.6,251.0,Centenary Farmers Market
2026-03-06,Lhuentse,Potato,47.54,46.6,Municipal Vegetable Market
2026-03-06,Lhuentse,Broccoli,67.64,142.9,Municipal Vegetable Market
2026-03-06,Lhuentse,Chilli (dried),270.28,240.0,Municipal Vegetable Market
2026-03-06,Lhuentse,Chilli (fresh),112.64,148.2,Weekend Roadside Market
2026-03-06,Lhuentse,Radish,25.35,207.4,Weekend Roadside Market
2026-03-06,Haa,Chilli (dried),339.63,349.2,Centenary Farmers Market
2026-03-06,Haa,Potato,39.7,88.6,Municipal Vegetable Market
2026-03-06,Haa,Onion,62.3,286.6,Municipal Vegetable Market
2026-03-06,Haa,Radish,22.87,213.5,Centenary Farmers Market
2026-03-06,Haa,Tomato,38.21,393.4,Municipal Vegetable Market
2026-03-06,Haa,Broccoli,76.39,482.0,Municipal Vegetable Market
2026-03-06,Trongsa,Broccoli,70.29,346.8,Municipal Vegetable Market
2026-03-06,Trongsa,Cauliflower,44.38,301.5,Municipal Vegetable Market
2026-03-06,Trongsa,Cabbage,16.87,246.0,Centenary Farmers Market
2026-03-06,Trongsa,Chilli (fresh),79.42,225.0,Municipal Vegetable Market
2026-03-06,Trongsa,Chilli (dried),207.78,42.1,Weekend Roadside Market
2026-03-06,Trongsa,Spinach,29.67,28.8,Centenary Farmers Market
2026-03-06,Trongsa,Radish,25.28,433.0,Centenary Farmers Market
2026-03-06,Paro,Potato,34.2,426.6,Municipal Vegetable Market
2026-03-06,Paro,Cabbage,14.89,241.8,Weekend Roadside Market
2026-03-06,Paro,Cauliflower,41.92,59.4,Centenary Farmers Market
2026-03-06,Paro,Onion,69.23,48.6,Municipal Vegetable Market
2026-03-06,Paro,Tomato,60.2,94.0,Weekend Roadside Market
2026-03-06,Paro,Chilli (dried),292.8,191.5,Weekend Roadside Market
2026-03-06,Paro,Broccoli,62.22,136.3,Weekend Roadside Market
2026-03-06,Paro,Chilli (fresh),105.87,136.9,Weekend Roadside Market
2026-03-06,Chukha,Cabbage,27.74,115.0,Municipal Vegetable Market
2026-03-06,Chukha,Spinach,42.69,344.3,Weekend Roadside Market
2026-03-06,Chukha,Chilli (fresh),145.28,385.9,Municipal Vegetable Market
2026-03-06,Chukha,Cauliflower,51.02,148.8,Weekend Roadside Market
2026-03-06,Chukha,Potato,30.34,254.0,Municipal Vegetable Market
2026-03-06,Chukha,Radish,15.09,232.7,Weekend Roadside Market
2026-03-06,Chukha,Broccoli,90.57,202.8,Centenary Farmers Market
2026-03-06,Chukha,Tomato,53.85,266.6,Centenary Farmers Market
2026-03-06,Chukha,Onion,66.08,69.1,Centenary Farmers Market
2026-03-06,Trashigang,Chilli (fresh),100.48,191.7,Centenary Farmers Market
2026-03-06,Trashigang,Spinach,18.86,443.5,Weekend Roadside Market
2026-03-06,Trashigang,Potato,47.57,64.0,Centenary Farmers Market
2026-03-06,Trashigang,Cabbage,29.5,352.7,Municipal Vegetable Market
2026-03-06,Trashigang,Broccoli,-67.42,404.9,Centenary Farmers Market
2026-03-06,Trashigang,Chilli (dried),319.54,488.2,Centenary Farmers Market
2026-03-06,Trashigang,Onion,67.41,60.0,Centenary Farmers Market
2026-03-06,Trashigang,Tomato,39.87,417.0,Weekend Roadside Market
2026-03-06,Trashigang,Radish,28.79,145.3,Centenary Farmers Market
2026-03-06,Trashigang,Cauliflower,40.3,224.7,Municipal Vegetable Market
2026-03-06,Tsirang,Tomato,82.2,417.8,Centenary Farmers Market
2026-03-06,Tsirang,Chilli (fresh),119.95,165.4,Centenary Farmers Market
2026-03-06,Tsirang,Onion,37.21,473.0,Weekend Roadside Market
2026-03-06,Tsirang,Broccoli,60.79,482.8,Municipal Vegetable Market
2026-03-06,Thimphu,Tomato,93.96,179.5,Centenary Farmers Market
2026-03-06,Thimphu,Spinach,22.84,435.2,Centenary Farmers Market
2026-03-06,Thimphu,Radish,23.39,72.6,Weekend Roadside Market
2026-03-06,Thimphu,Broccoli,49.5,259.3,Municipal Vegetable Market
2026-03-06,Thimphu,Chilli (fresh),110.94,46.6,Weekend Roadside Market
2026-03-06,Thimphu,Onion,60.33,457.0,Centenary Farmers Market
2026-03-06,Thimphu,Potato,37.11,446.0,Municipal Vegetable Market
2026-03-06,Thimphu,Cabbage,26.7,86.0,Municipal Vegetable Market
2026-03-06,Thimphu,Chilli (dried),270.5,49.1,Municipal Vegetable Market
2026-03-06,Samtse,Spinach,28.02,316.4,Municipal Vegetable Market
2026-03-06,Samtse,Radish,25.64,75.9,Centenary Farmers Market
2026-03-06,Samtse,Cauliflower,41.95,230.8,Centenary Farmers Market
2026-03-06,Samtse,Broccoli,51.54,246.8,Weekend Roadside Market
2026-03-06,Samtse,Cabbage,21.43,70.3,Centenary Farmers Market
2026-03-06,Sarpang,Onion,46.83,350.1,Municipal Vegetable Market
2026-03-06,Sarpang,Potato,30.44,451.6,Municipal Vegetable Market
2026-03-06,Sarpang,Radish,19.52,69.3,Weekend Roadside Market
2026-03-06,Sarpang,Cauliflower,42.85,350.3,Weekend Roadside Market
2026-03-06,Punakha,Chilli (fresh),86.87,194.5,Municipal Vegetable Market
2026-03-06,Punakha,Tomato,69.1,396.9,Centenary Farmers Market
2026-03-06,Punakha,Cabbage,21.85,304.6,Municipal Vegetable Market
2026-03-06,Punakha,Chilli (dried),296.12,426.7,Weekend Roadside Market
2026-03-06,Punakha,Spinach,27.74,81.9,Weekend Roadside Market
2026-03-06,Punakha,Potato,31.17,191.7,Weekend Roadside Market
2026-03-06,Punakha,Onion,63.35,372.9,Municipal Vegetable Market
2026-03-06,Punakha,Radish,18.86,188.8,Weekend Roadside Market
2026-03-06,Punakha,Broccoli,52.52,358.5,Centenary Farmers Market
2026-03-06,Punakha,Cauliflower,44.78,463.4,Weekend Roadside Market
2026-03-06,Bumthang,Onion,46.44,42.1,Weekend Roadside Market
2026-03-06,Bumthang,Chilli (fresh),84.21,288.4,Municipal Vegetable Market
2026-03-06,Bumthang,Cauliflower,55.83,66.5,Weekend Roadside Market
2026-03-06,Bumthang,Tomato,35.93,44.4,Centenary Farmers Market
2026-03-06,Bumthang,Radish,21.32,481.9,Weekend Roadside Market
2026-03-06,Bumthang,Cabbage,13.13,226.7,Centenary Farmers Market
2026-03-06,Bumthang,Spinach,32.25,312.4,Weekend Roadside Market
2026-03-06,Bumthang,Potato,44.57,245.7,Weekend Roadside Market
2026-03-06,Bumthang,Chilli (dried),229.72,418.6,Municipal Vegetable Market
2026-03-06,Bumthang,Broccoli,56.65,334.3,Weekend Roadside Market
2026-03-06,Wangdue Phodrang,Cabbage,31.37,450.6,Centenary Farmers Market
2026-03-06,Wangdue Phodrang,Chilli (fresh),126.39,,Weekend Roadside Market
2026-03-06,Wangdue Phodrang,Potato,29.74,96.8,Centenary Farmers Market
2026-03-06,Wangdue Phodrang,Onion,46.16,26.3,Weekend Roadside Market
2026-03-06,Wangdue Phodrang,Spinach,45.96,76.2,Municipal Vegetable Market
2026-03-06,Wangdue Phodrang,Chilli (dried),-242.01,342.8,Municipal Vegetable Market
2026-03-06,Mongar,Broccoli,42.04,362.3,Centenary Farmers Market
2026-03-06,Mongar,Cabbage,21.86,52.5,Municipal Vegetable Market
2026-03-06,Mongar,Tomato,70.91,215.4,Weekend Roadside Market
2026-03-06,Mongar,Potato,43.94,235.1,Weekend Roadside Market
2026-03-06,Mongar,Spinach,45.66,105.5,Centenary Farmers Market
2026-03-06,Mongar,Cauliflower,41.26,41.8,Centenary Farmers Market
2026-03-06,Mongar,Chilli (dried),190.06,425.8,Weekend Roadside Market
2026-03-06,Mongar,Chilli (fresh),127.66,448.9,Municipal Vegetable Market
2026-03-06,Mongar,Onion,45.22,345.4,Centenary Farmers Market
2026-03-06,Mongar,Radish,21.78,488.0,Municipal Vegetable Market
2026-03-07,Thimphu,Broccoli,49.46,409.0,Centenary Farmers Market
2026-03-07,Thimphu,Spinach,-32.99,337.5,Municipal Vegetable Market
2026-03-07,Thimphu,Cauliflower,-54.26,257.9,Municipal Vegetable Market
2026-03-07,Thimphu,Radish,29.09,465.9,Municipal Vegetable Market
2026-03-07,Thimphu,Cabbage,23.96,374.3,Municipal Vegetable Market
2026-03-07,Thimphu,Onion,62.45,261.7,Municipal Vegetable Market
2026-03-07,Thimphu,Potato,26.59,272.4,Centenary Farmers Market
2026-03-07,Thimphu,Chilli (fresh),85.02,402.6,Weekend Roadside Market
2026-03-07,Mongar,Spinach,35.72,440.6,Weekend Roadside Market
2026-03-07,Mongar,Onion,60.83,349.1,Weekend Roadside Market
2026-03-07,Mongar,Cabbage,28.22,26.6,Municipal Vegetable Market
2026-03-07,Mongar,Tomato,43.18,253.4,Centenary Farmers Market
2026-03-07,Mongar,Radish,20.53,174.8,Centenary Farmers Market
2026-03-07,Mongar,Chilli (fresh),96.65,157.0,Weekend Roadside Market
2026-03-07,Mongar,Broccoli,57.39,39.8,Centenary Farmers Market
2026-03-07,Mongar,Potato,42.0,186.0,Weekend Roadside Market
2026-03-07,Mongar,Chilli (dried),222.0,413.6,Municipal Vegetable Market
2026-03-07,Tsirang,Onion,36.78,53.7,Weekend Roadside Market
2026-03-07,Tsirang,Radish,22.97,173.7,Weekend Roadside Market
2026-03-07,Tsirang,Cauliflower,40.76,275.0,Weekend Roadside Market
2026-03-07,Tsirang,Broccoli,74.32,328.4,Municipal Vegetable Market
2026-03-07,Tsirang,Chilli (fresh),75.08,439.8,Weekend Roadside Market
2026-03-07,Tsirang,Cabbage,22.73,253.6,Weekend Roadside Market
2026-03-07,Tsirang,Spinach,35.4,100.2,Centenary Farmers Market
2026-03-07,Trongsa,Tomato,53.42,258.5,Weekend Roadside Market
2026-03-07,Trongsa,Spinach,31.94,249.2,Municipal Vegetable Market
2026-03-07,Trongsa,Broccoli,80.4,151.6,Municipal Vegetable Market
2026-03-07,Trongsa,Onion,49.98,485.9,Centenary Farmers Market
2026-03-07,Trongsa,Chilli (dried),300.73,184.6,Centenary Farmers Market
2026-03-07,Haa,Tomato,40.3,311.4,Municipal Vegetable Market
2026-03-07,Haa,Onion,50.47,339.8,Centenary Farmers Market
2026-03-07,Haa,Cauliflower,44.66,463.6,Centenary Farmers Market
2026-03-07,Haa,Chilli (fresh),143.97,405.7,Weekend Roadside Market
2026-03-07,Haa,Spinach,24.93,141.4,Weekend Roadside Market
2026-03-07,Paro,Cabbage,19.34,288.6,Municipal Vegetable Market
2026-03-07,Paro,  POTATO  ,33.65,97.2,Centenary Farmers Market
2026-03-07,Paro,Chilli (fresh),79.56,57.0,Municipal Vegetable Market
2026-03-07,Paro,Chilli (dried),303.5,228.3,Municipal Vegetable Market
2026-03-07,Paro,Spinach,19.09,71.1,Municipal Vegetable Market
2026-03-07,Paro,Cauliflower,44.48,469.0,Centenary Farmers Market
2026-03-07,Paro,Onion,73.1,82.5,Weekend Roadside Market
2026-03-07,Chukha,Chilli (dried),302.99,47.1,Centenary Farmers Market
2026-03-07,Chukha,Potato,46.4,293.4,Centenary Farmers Market
2026-03-07,Chukha,Onion,58.62,455.7,Centenary Farmers Market
2026-03-07,Chukha,Cabbage,19.58,191.6,Centenary Farmers Market
2026-03-07,Chukha,Spinach,50.34,143.5,Municipal Vegetable Market
2026-03-07,Chukha,Cauliflower,37.84,226.9,Weekend Roadside Market
2026-03-07,Chukha,Broccoli,52.68,255.4,Municipal Vegetable Market
2026-03-07,Chukha,Chilli (fresh),106.74,441.1,Centenary Farmers Market
2026-03-07,Chukha,Tomato,64.53,192.4,Weekend Roadside Market
2026-03-07,Samtse,Chilli (dried),248.04,433.9,Municipal Vegetable Market
2026-03-07,Samtse,Potato,39.91,483.8,Centenary Farmers Market
2026-03-07,Samtse,Tomato,55.44,129.1,Weekend Roadside Market
2026-03-07,Samtse,Onion,60.83,475.4,Municipal Vegetable Market
2026-03-07,Samtse,Radish,18.04,451.1,Municipal Vegetable Market
2026-03-07,Samtse,Broccoli,82.93,250.8,Weekend Roadside Market
2026-03-07,Samtse,Spinach,24.57,216.8,Weekend Roadside Market
2026-03-07,Samtse,Cauliflower,31.64,288.3,Municipal Vegetable Market
2026-03-07,Samtse,Chilli (fresh),91.85,325.3,Centenary Farmers Market
2026-03-07,Bumthang,Onion,48.22,290.6,Weekend Roadside Market
2026-03-07,Bumthang,Spinach,35.44,345.7,Municipal Vegetable Market
2026-03-07,Bumthang,Potato,30.22,157.7,Municipal Vegetable Market
2026-03-07,Bumthang,Cauliflower,33.32,218.9,Weekend Roadside Market
2026-03-07,Bumthang,Cabbage,20.82,134.6,Municipal Vegetable Market
2026-03-07,Bumthang,Chilli (dried),310.71,376.4,Centenary Farmers Market
2026-03-07,Bumthang,Radish,19.01,68.4,Centenary Farmers Market
2026-03-07,Bumthang,Chilli (fresh),138.22,173.3,Municipal Vegetable Market
2026-03-07,Zhemgang,Spinach,25.11,32.1,Municipal Vegetable Market
2026-03-07,Zhemgang,Broccoli,79.46,124.3,Municipal Vegetable Market
2026-03-07,Zhemgang,Potato,47.28,117.0,Municipal Vegetable Market
2026-03-07,Zhemgang,Chilli (fresh),100.44,142.6,Municipal Vegetable Market
2026-03-07,Zhemgang,Radish,25.69,231.6,Weekend Roadside Market
2026-03-07,Lhuentse,Chilli (fresh),90.36,407.1,Weekend Roadside Market
2026-03-07,Lhuentse,Cauliflower,46.42,293.0,Weekend Roadside Market
2026-03-07,Lhuentse,Broccoli,44.61,460.6,Centenary Farmers Market
2026-03-07,Lhuentse,Spinach,29.97,429.1,Weekend Roadside Market
2026-03-07,Lhuentse,Tomato,52.09,127.5,Centenary Farmers Market
2026-03-07,Lhuentse,Potato,35.27,339.3,Weekend Roadside Market
2026-03-07,Lhuentse,Chilli (dried),313.75,223.1,Centenary Farmers Market
2026-03-07,Lhuentse,Cabbage,18.69,404.9,Centenary Farmers Market
2026-03-07,Lhuentse,Radish,23.37,446.1,Weekend Roadside Market
2026-03-07,Wangdue Phodrang,Potato,26.07,266.1,Weekend Roadside Market
2026-03-07,Wangdue Phodrang,Onion,45.44,178.8,Centenary Farmers Market
2026-03-07,Wangdue Phodrang,Cabbage,21.6,287.0,Weekend Roadside Market
2026-03-07,Wangdue Phodrang,Radish,29.92,157.8,Municipal Vegetable Market
2026-03-07,Punakha,Broccoli,68.75,256.2,Weekend Roadside Market
2026-03-07,Punakha,Spinach,36.14,332.5,Municipal Vegetable Market
2026-03-07,Punakha,Onion,46.14,200.3,Municipal Vegetable Market
2026-03-07,Punakha,  CABBAGE  ,27.6,104.4,Municipal Vegetable Market
2026-03-07,Punakha,Potato,41.23,417.8,Municipal Vegetable Market
2026-03-07,Punakha,Radish,23.51,,Municipal Vegetable Market
2026-03-07,Punakha,Chilli (dried),198.55,280.0,Municipal Vegetable Market
2026-03-07,Punakha,Tomato,75.92,275.0,Municipal Vegetable Market
2026-03-07,Punakha,Cauliflower,30.95,376.1,Municipal Vegetable Market
2026-03-08,Zhemgang,Chilli (dried),257.7,241.5,Municipal Vegetable Market
2026-03-08,Zhemgang,Cauliflower,44.93,443.6,Weekend Roadside Market
2026-03-08,Zhemgang,Onion,52.92,182.0,Municipal Vegetable Market
2026-03-08,Zhemgang,Broccoli,69.02,137.0,Weekend Roadside Market
2026-03-08,Sarpang,Chilli (dried),297.55,427.9,Municipal Vegetable Market
2026-03-08,Sarpang,Cabbage,20.09,162.2,Weekend Roadside Market
2026-03-08,Sarpang,Tomato,43.43,220.6,Weekend Roadside Market
2026-03-08,Sarpang,Onion,49.05,47.0,Centenary Farmers Market
2026-03-08,Sarpang,Chilli (fresh),79.52,228.1,Municipal Vegetable Market
2026-03-08,Sarpang,Potato,28.68,295.6,Weekend Roadside Market
2026-03-08,Sarpang,Cauliflower,33.86,156.8,Municipal Vegetable Market
2026-03-08,Sarpang,Spinach,20.97,315.6,Centenary Farmers Market
2026-03-08,Sarpang,Radish,18.52,341.4,Municipal Vegetable Market
2026-03-08,Bumthang,Broccoli,65.13,104.9,Municipal Vegetable Market
2026-03-08,Bumthang,Radish,16.43,37.2,Weekend Roadside Market
2026-03-08,Bumthang,Chilli (dried),301.99,190.4,Centenary Farmers Market
2026-03-08,Bumthang,Spinach,42.02,431.8,Weekend Roadside Market
2026-03-08,Bumthang,Cabbage,23.2,484.2,Municipal Vegetable Market
2026-03-08,Bumthang,Chilli (fresh),146.08,214.7,Weekend Roadside Market
2026-03-08,Bumthang,Cauliflower,30.95,58.3,Municipal Vegetable Market
2026-03-08,Bumthang,Tomato,77.58,337.1,Municipal Vegetable Market
2026-03-08,Bumthang,Onion,60.87,126.9,Weekend Roadside Market
2026-03-08,Bumthang,Potato,42.02,203.0,Weekend Roadside Market
2026-03-08,Samtse,Potato,42.61,282.2,Municipal Vegetable Market
2026-03-08,Samtse,Tomato,84.79,291.0,Centenary Farmers Market
2026-03-08,Samtse,Cauliflower,51.38,228.3,Weekend Roadside Market
2026-03-08,Samtse,Onion,79.38,44.0,Municipal Vegetable Market
2026-03-08,Samtse,Chilli (dried),279.51,58.7,Weekend Roadside Market
2026-03-08,Samtse,Spinach,31.6,93.0,Weekend Roadside Market
2026-03-08,Samtse,Radish,22.71,485.2,Municipal Vegetable Market
2026-03-08,Samtse,Broccoli,58.8,25.6,Weekend Roadside Market
2026-03-08,Thimphu,Onion,36.95,397.5,Municipal Vegetable Market
2026-03-08,Thimphu,Spinach,33.41,349.4,Weekend Roadside Market
2026-03-08,Thimphu,Chilli (dried),237.94,149.8,Municipal Vegetable Market
2026-03-08,Thimphu,Radish,20.3,38.2,Centenary Farmers Market
2026-03-08,Thimphu,Potato,33.04,420.8,Centenary Farmers Market
2026-03-08,Thimphu,Broccoli,64.54,297.1,Weekend Roadside Market
2026-03-08,Thimphu,Cabbage,23.84,198.0,Centenary Farmers Market
2026-03-08,Thimphu,Tomato,40.3,22.0,Centenary Farmers Market
2026-03-08,Thimphu,Cauliflower,52.08,342.7,Municipal Vegetable Market
2026-03-08,Paro,Onion,46.74,450.7,Municipal Vegetable Market
2026-03-08,Paro,Broccoli,51.96,89.5,Weekend Roadside Market
2026-03-08,Paro,Chilli (fresh),137.6,,Municipal Vegetable Market
2026-03-08,Paro,Cabbage,15.69,221.8,Municipal Vegetable Market
2026-03-08,Paro,Cauliflower,52.54,166.3,Weekend Roadside Market
2026-03-08,Paro,Spinach,41.96,269.3,Centenary Farmers Market
2026-03-08,Paro,Chilli (dried),186.03,371.6,Municipal Vegetable Market
2026-03-08,Paro,Potato,36.04,263.2,Municipal Vegetable Market
2026-03-08,Paro,Tomato,55.83,416.7,Centenary Farmers Market
2026-03-08,Paro,Radish,26.98,496.9,Municipal Vegetable Market
2026-03-08,Haa,Chilli (dried),333.35,428.6,Weekend Roadside Market
2026-03-08,Haa,Spinach,29.64,231.0,Weekend Roadside Market
2026-03-08,Haa,Potato,44.65,427.6,Centenary Farmers Market
2026-03-08,Haa,Cauliflower,45.51,104.4,Centenary Farmers Market
2026-03-08,Haa,Cabbage,27.11,417.3,Municipal Vegetable Market
2026-03-08,Haa,Broccoli,77.01,206.7,Municipal Vegetable Market
2026-03-08,Haa,Radish,22.62,93.5,Weekend Roadside Market
2026-03-08,Haa,Onion,69.42,344.8,Centenary Farmers Market
2026-03-08,Haa,Tomato,40.35,56.1,Weekend Roadside Market
2026-03-08,Haa,Chilli (fresh),97.23,333.1,Weekend Roadside Market
2026-03-08,Mongar,Radish,-17.31,500.0,Municipal Vegetable Market
2026-03-08,Mongar,Chilli (fresh),89.74,403.4,Centenary Farmers Market
2026-03-08,Mongar,Chilli (dried),237.25,332.6,Weekend Roadside Market
2026-03-08,Mongar,Tomato,37.8,314.5,Centenary Farmers Market
2026-03-08,Mongar,Cabbage,23.77,400.9,Centenary Farmers Market
2026-03-08,Mongar,Potato,40.42,204.1,Centenary Farmers Market
2026-03-08,Mongar,Broccoli,59.27,377.4,Centenary Farmers Market
2026-03-08,Tsirang,Radish,19.88,120.5,Municipal Vegetable Market
2026-03-08,Tsirang,Potato,36.56,361.2,Municipal Vegetable Market
2026-03-08,Tsirang,Onion,74.26,54.9,Weekend Roadside Market
2026-03-08,Tsirang,Tomato,51.94,162.6,Centenary Farmers Market
2026-03-08,Tsirang,Spinach,41.95,390.3,Weekend Roadside Market
2026-03-08,Tsirang,Cauliflower,36.26,35.8,Weekend Roadside Market
2026-03-08,Tsirang,Chilli (dried),280.66,352.4,Centenary Farmers Market
2026-03-08,Punakha,Spinach,22.53,254.9,Centenary Farmers Market
2026-03-08,Punakha,Tomato,81.83,257.1,Municipal Vegetable Market
2026-03-08,Punakha,Cauliflower,47.52,100.0,Municipal Vegetable Market
2026-03-08,Punakha,Potato,35.38,100.4,Municipal Vegetable Market
2026-03-08,Punakha,Cabbage,21.67,468.4,Centenary Farmers Market
2026-03-08,Punakha,Broccoli,64.52,175.4,Centenary Farmers Market
2026-03-08,Punakha,Onion,48.16,123.4,Municipal Vegetable Market
2026-03-08,Punakha,Chilli (dried),276.26,426.7,Weekend Roadside Market
2026-03-08,Trongsa,Cauliflower,46.89,243.4,Centenary Farmers Market
2026-03-08,Trongsa,Broccoli,-48.67,362.2,Weekend Roadside Market
2026-03-08,Trongsa,Cabbage,28.29,188.4,Centenary Farmers Market
2026-03-08,Trongsa,Radish,18.33,83.4,Centenary Farmers Market
2026-03-08,Trongsa,Onion,45.48,137.2,Municipal Vegetable Market
2026-03-08,Trongsa,Spinach,20.63,80.3,Weekend Roadside Market
2026-03-08,Lhuentse,Chilli (dried),273.42,219.1,Centenary Farmers Market
2026-03-08,Lhuentse,Tomato,54.22,478.9,Municipal Vegetable Market
2026-03-08,Lhuentse,Potato,40.88,29.3,Centenary Farmers Market
2026-03-08,Lhuentse,Chilli (fresh),68.7,193.1,Centenary Farmers Market
2026-03-08,Lhuentse,Broccoli,48.23,22.6,Centenary Farmers Market
2026-03-08,Lhuentse,Spinach,49.55,193.2,Weekend Roadside Market
2026-03-08,Lhuentse,Cabbage,26.13,97.4,Centenary Farmers Market
2026-03-08,Lhuentse,Cauliflower,28.01,21.1,Municipal Vegetable Market
2026-03-08,Trashigang,Potato,29.26,77.6,Weekend Roadside Market
2026-03-08,Trashigang,Cauliflower,45.61,405.2,Municipal Vegetable Market
2026-03-08,Trashigang,Broccoli,75.2,455.6,Weekend Roadside Market
2026-03-08,Trashigang,Radish,22.66,278.2,Weekend Roadside Market
2026-03-08,Trashigang,Tomato,71.01,24.9,Centenary Farmers Market
2026-03-08,Trashigang,Spinach,35.91,417.6,Municipal Vegetable Market
2026-03-08,Trashigang,Chilli (fresh),84.59,141.2,Centenary Farmers Market
2026-03-08,Trashigang,Cabbage,18.77,469.1,Municipal Vegetable Market
2026-03-08,Wangdue Phodrang,Onion,50.06,224.7,Weekend Roadside Market
2026-03-08,Wangdue Phodrang,Broccoli,69.75,84.9,Municipal Vegetable Market
2026-03-08,Wangdue Phodrang,Potato,32.37,396.0,Centenary Farmers Market
2026-03-08,Wangdue Phodrang,Tomato,38.36,146.8,Municipal Vegetable Market
2026-03-08,Wangdue Phodrang,Spinach,21.25,161.9,Municipal Vegetable Market
2026-03-08,Wangdue Phodrang,Radish,18.75,455.9,Centenary Farmers Market
2026-03-08,Wangdue Phodrang,Cabbage,16.01,497.1,Weekend Roadside Market
2026-03-08,Wangdue Phodrang,Chilli (dried),182.3,345.9,Centenary Farmers Market
2026-03-09,Haa,Chilli (fresh),69.88,386.4,Weekend Roadside Market
2026-03-09,Haa,Broccoli,82.36,72.4,Centenary Farmers Market
2026-03-09,Haa,Radish,18.1,472.4,Municipal Vegetable Market
2026-03-09,Haa,Cauliflower,39.37,42.9,Municipal Vegetable Market
2026-03-09,Haa,Tomato,81.26,472.5,Centenary Farmers Market
2026-03-09,Haa,Spinach,32.65,443.7,Weekend Roadside Market
2026-03-09,Haa,Potato,25.32,321.7,Centenary Farmers Market
2026-03-09,Mongar,Onion,59.77,290.9,Weekend Roadside Market
2026-03-09,Mongar,Chilli (dried),293.37,393.9,Centenary Farmers Market
2026-03-09,Mongar,Potato,38.82,433.2,Centenary Farmers Market
2026-03-09,Mongar,Cabbage,16.0,128.0,Centenary Farmers Market
2026-03-09,Mongar,Cauliflower,32.45,247.9,Municipal Vegetable Market
2026-03-09,Mongar,Tomato,-69.94,372.5,Municipal Vegetable Market
2026-03-09,Tsirang,Potato,25.0,473.0,Centenary Farmers Market
2026-03-09,Tsirang,Onion,48.36,328.9,Centenary Farmers Market
2026-03-09,Tsirang,Spinach,37.15,257.8,Weekend Roadside Market
2026-03-09,Tsirang,Chilli (dried),234.0,216.3,Centenary Farmers Market
2026-03-09,Tsirang,Cauliflower,58.24,40.6,Weekend Roadside Market
2026-03-09,Tsirang,Radish,26.4,214.6,Municipal Vegetable Market
2026-03-09,Tsirang,Tomato,52.36,167.9,Centenary Farmers Market
2026-03-09,Chukha,Chilli (dried),267.47,379.3,Centenary Farmers Market
2026-03-09,Chukha,Radish,22.38,23.6,Weekend Roadside Market
2026-03-09,Chukha,Spinach,24.06,337.6,Municipal Vegetable Market
2026-03-09,Chukha,Chilli (fresh),75.83,112.5,Centenary Farmers Market
2026-03-09,Chukha,Onion,42.76,289.5,Municipal Vegetable Market
2026-03-09,Trashigang,Cauliflower,51.5,380.1,Weekend Roadside Market
2026-03-09,Trashigang,Chilli (dried),215.1,468.5,Municipal Vegetable Market
2026-03-09,Trashigang,Potato,41.22,265.7,Municipal Vegetable Market
2026-03-09,Trashigang,Chilli (fresh),94.95,281.8,Weekend Roadside Market
2026-03-09,Trashigang,Cabbage,15.9,282.6,Municipal Vegetable Market
2026-03-09,Trashigang,Radish,22.7,24.7,Weekend Roadside Market
2026-03-09,Trashigang,Broccoli,48.39,348.2,Centenary Farmers Market
2026-03-09,Punakha,Chilli (dried),208.76,465.2,Weekend Roadside Market
2026-03-09,Punakha,Radish,16.36,113.7,Centenary Farmers Market
2026-03-09,Punakha,  BROCCOLI  ,77.55,116.7,Weekend Roadside Market
2026-03-09,Punakha,Chilli (fresh),84.83,328.3,Weekend Roadside Market
2026-03-09,Punakha,Potato,32.94,142.4,Centenary Farmers Market
2026-03-09,Punakha,Cauliflower,46.14,117.7,Centenary Farmers Market
2026-03-09,Punakha,Cabbage,26.52,408.7,Weekend Roadside Market
2026-03-09,Bumthang,Broccoli,57.12,104.0,Centenary Farmers Market
2026-03-09,Bumthang,Chilli (dried),213.63,54.9,Weekend Roadside Market
2026-03-09,Bumthang,Onion,44.54,307.0,Centenary Farmers Market
2026-03-09,Bumthang,Spinach,26.34,21.8,Weekend Roadside Market
2026-03-09,Bumthang,Tomato,58.22,265.1,Centenary Farmers Market
2026-03-09,Paro,Onion,59.69,151.5,Weekend Roadside Market
2026-03-09,Paro,Chilli (fresh),125.21,370.0,Centenary Farmers Market
2026-03-09,Paro,Potato,26.65,265.6,Centenary Farmers Market
2026-03-09,Paro,Cauliflower,62.32,394.9,Centenary Farmers Market
2026-03-09,Paro,Tomato,53.6,346.0,Municipal Vegetable Market
2026-03-09,Paro,Cabbage,22.32,92.2,Centenary Farmers Market
2026-03-09,Paro,Broccoli,72.23,493.9,Centenary Farmers Market
2026-03-09,Paro,Radish,18.03,109.2,Municipal Vegetable Market
2026-03-10,Sarpang,Chilli (fresh),101.83,160.1,Weekend Roadside Market
2026-03-10,Sarpang,Onion,66.99,467.1,Centenary Farmers Market
2026-03-10,Sarpang,Cabbage,22.31,455.0,Weekend Roadside Market
2026-03-10,Sarpang,Radish,21.24,271.8,Weekend Roadside Market
2026-03-10,Sarpang,Spinach,31.79,277.1,Weekend Roadside Market
2026-03-10,Sarpang,Broccoli,59.06,440.6,Centenary Farmers Market
2026-03-10,Sarpang,Potato,22.9,148.1,Centenary Farmers Market
2026-03-10,Wangdue Phodrang,Potato,46.62,367.2,Centenary Farmers Market
2026-03-10,Wangdue Phodrang,Chilli (dried),223.3,420.3,Weekend Roadside Market
2026-03-10,Wangdue Phodrang,Cabbage,16.87,320.1,Municipal Vegetable Market
2026-03-10,Wangdue Phodrang,Chilli (fresh),97.22,173.1,Centenary Farmers Market
2026-03-10,Wangdue Phodrang,Tomato,70.74,460.6,Centenary Farmers Market
2026-03-10,Wangdue Phodrang,Spinach,27.37,345.6,Centenary Farmers Market
2026-03-10,Wangdue Phodrang,Radish,20.28,159.6,Municipal Vegetable Market
2026-03-10,Wangdue Phodrang,Cauliflower,39.53,173.3,Municipal Vegetable Market
2026-03-10,Wangdue Phodrang,Broccoli,40.83,455.2,Municipal Vegetable Market
2026-03-10,Mongar,Potato,27.91,23.2,Centenary Farmers Market
2026-03-10,Mongar,Onion,59.67,343.5,Centenary Farmers Market
2026-03-10,Mongar,Radish,17.06,352.6,Municipal Vegetable Market
2026-03-10,Mongar,Chilli (fresh),101.95,60.6,Centenary Farmers Market
2026-03-10,Mongar,Cabbage,21.55,236.7,Municipal Vegetable Market
2026-03-10,Mongar,Tomato,75.48,111.5,Centenary Farmers Market
2026-03-10,Mongar,Chilli (dried),227.43,322.2,Weekend Roadside Market
2026-03-10,Punakha,Potato,28.82,29.4,Municipal Vegetable Market
2026-03-10,Punakha,Radish,16.2,405.0,Municipal Vegetable Market
2026-03-10,Punakha,Cabbage,18.86,99.1,Weekend Roadside Market
2026-03-10,Punakha,Tomato,71.87,161.3,Centenary Farmers Market
2026-03-10,Punakha,Chilli (fresh),148.4,178.6,Municipal Vegetable Market
2026-03-10,Punakha,Chilli (dried),234.92,205.9,Weekend Roadside Market
2026-03-10,Punakha,Broccoli,79.97,187.3,Weekend Roadside Market
2026-03-10,Lhuentse,Onion,52.53,253.6,Municipal Vegetable Market
2026-03-10,Lhuentse,Cabbage,27.87,83.6,Weekend Roadside Market
2026-03-10,Lhuentse,Potato,31.56,394.1,Weekend Roadside Market
2026-03-10,Lhuentse,Chilli (dried),251.53,341.6,Centenary Farmers Market
2026-03-10,Lhuentse,Spinach,38.77,464.4,Weekend Roadside Market
2026-03-10,Lhuentse,Radish,25.5,133.1,Municipal Vegetable Market
2026-03-10,Lhuentse,Chilli (fresh),94.29,,Municipal Vegetable Market
2026-03-10,Lhuentse,Tomato,58.4,458.2,Municipal Vegetable Market
2026-03-10,Lhuentse,Cauliflower,33.25,319.1,Weekend Roadside Market
2026-03-10,Bumthang,Tomato,49.09,92.3,Weekend Roadside Market
2026-03-10,Bumthang,Chilli (dried),255.35,283.8,Municipal Vegetable Market
2026-03-10,Bumthang,Spinach,38.61,,Municipal Vegetable Market
2026-03-10,Bumthang,Potato,28.87,443.4,Centenary Farmers Market
2026-03-10,Bumthang,Chilli (fresh),121.22,28.9,Weekend Roadside Market
2026-03-10,Bumthang,Cabbage,15.99,191.9,Centenary Farmers Market
2026-03-10,Bumthang,Radish,26.68,103.2,Municipal Vegetable Market
2026-03-10,Samtse,Tomato,57.46,215.1,Municipal Vegetable Market
2026-03-10,Samtse,Cauliflower,38.73,128.7,Weekend Roadside Market
2026-03-10,Samtse,Chilli (fresh),55.31,377.2,Municipal Vegetable Market
2026-03-10,Samtse,Potato,28.69,141.4,Municipal Vegetable Market
2026-03-10,Samtse,Spinach,33.92,128.0,Municipal Vegetable Market
2026-03-10,Samtse,Onion,48.6,181.5,Centenary Farmers Market
2026-03-10,Samtse,Radish,15.82,35.1,Centenary Farmers Market
2026-03-10,Thimphu,Radish,14.65,138.1,Municipal Vegetable Market
2026-03-10,Thimphu,Chilli (dried),262.5,307.4,Centenary Farmers Market
2026-03-10,Thimphu,Potato,-31.23,171.7,Municipal Vegetable Market
2026-03-10,Thimphu,Spinach,44.98,177.0,Weekend Roadside Market
2026-03-10,Thimphu,Onion,63.45,64.7,Centenary Farmers Market
2026-03-10,Thimphu,Tomato,87.23,114.7,Centenary Farmers Market
2026-03-10,Haa,Broccoli,58.53,218.8,Weekend Roadside Market
2026-03-10,Haa,Tomato,85.93,194.7,Weekend Roadside Market
2026-03-10,Haa,Chilli (dried),221.44,332.3,Municipal Vegetable Market
2026-03-10,Haa,Potato,28.88,142.7,Municipal Vegetable Market
2026-03-10,Haa,Cauliflower,37.27,412.7,Centenary Farmers Market
2026-03-10,Haa,Radish,27.35,103.3,Municipal Vegetable Market
2026-03-10,Haa,Spinach,46.9,316.5,Weekend Roadside Market
2026-03-10,Haa,Cabbage,17.81,180.3,Centenary Farmers Market
2026-03-10,Haa,Chilli (fresh),77.31,482.7,Municipal Vegetable Market
2026-03-10,Haa,Onion,56.6,21.1,Weekend Roadside Market
2026-03-11,Zhemgang,Onion,65.98,171.3,Municipal Vegetable Market
2026-03-11,Zhemgang,Potato,28.3,321.1,Municipal Vegetable Market
2026-03-11,Zhemgang,  BROCCOLI  ,60.58,124.9,Municipal Vegetable Market
2026-03-11,Zhemgang,Spinach,23.21,201.7,Centenary Farmers Market
2026-03-11,Zhemgang,Tomato,90.58,282.6,Weekend Roadside Market
2026-03-11,Zhemgang,Cabbage,32.35,371.0,Centenary Farmers Market
2026-03-11,Zhemgang,Chilli (dried),319.48,136.6,Municipal Vegetable Market
2026-03-11,Zhemgang,Radish,16.88,370.9,Weekend Roadside Market
2026-03-11,Sarpang,Chilli (dried),332.52,203.6,Centenary Farmers Market
2026-03-11,Sarpang,Potato,31.17,463.6,Weekend Roadside Market
2026-03-11,Sarpang,Onion,59.6,391.0,Centenary Farmers Market
2026-03-11,Sarpang,Spinach,44.34,189.7,Municipal Vegetable Market
2026-03-11,Sarpang,Broccoli,90.82,27.3,Weekend Roadside Market
2026-03-11,Sarpang,Cauliflower,46.71,268.8,Centenary Farmers Market
2026-03-11,Sarpang,Tomato,56.32,328.9,Weekend Roadside Market
2026-03-11,Mongar,Potato,32.18,120.4,Centenary Farmers Market
2026-03-11,Mongar,Spinach,31.28,237.0,Municipal Vegetable Market
2026-03-11,Mongar,Tomato,61.56,183.9,Weekend Roadside Market
2026-03-11,Mongar,Chilli (dried),342.84,445.6,Municipal Vegetable Market
2026-03-11,Mongar,Chilli (fresh),81.58,250.4,Municipal Vegetable Market
2026-03-11,Mongar,Cabbage,-22.64,450.1,Municipal Vegetable Market
2026-03-11,Mongar,Cauliflower,41.28,,Weekend Roadside Market
2026-03-11,Mongar,Onion,37.93,210.8,Centenary Farmers Market
2026-03-11,Mongar,Radish,21.98,141.3,Centenary Farmers Market
2026-03-11,Haa,Cauliflower,46.56,107.8,Municipal Vegetable Market
2026-03-11,Haa,Broccoli,-42.52,,Centenary Farmers Market
2026-03-11,Haa,Tomato,43.73,126.2,Centenary Farmers Market
2026-03-11,Haa,Chilli (fresh),73.59,161.7,Weekend Roadside Market
2026-03-11,Haa,Potato,25.16,201.3,Municipal Vegetable Market
2026-03-11,Haa,Onion,46.33,82.7,Municipal Vegetable Market
2026-03-11,Haa,Radish,18.23,43.2,Municipal Vegetable Market
2026-03-11,Paro,Spinach,20.73,407.0,Centenary Farmers Market
2026-03-11,Paro,Radish,27.54,42.3,Centenary Farmers Market
2026-03-11,Paro,Chilli (dried),267.73,326.1,Weekend Roadside Market
2026-03-11,Paro,Potato,32.71,304.4,Centenary Farmers Market
2026-03-11,Paro,Broccoli,75.52,302.8,Weekend Roadside Market
2026-03-11,Paro,Cauliflower,65.25,30.0,Weekend Roadside Market
2026-03-11,Paro,Tomato,74.47,472.0,Weekend Roadside Market
2026-03-11,Wangdue Phodrang,Chilli (fresh),115.46,440.9,Centenary Farmers Market
2026-03-11,Wangdue Phodrang,Potato,45.01,21.0,Centenary Farmers Market
2026-03-11,Wangdue Phodrang,Radish,17.56,410.0,Weekend Roadside Market
2026-03-11,Wangdue Phodrang,Chilli (dried),285.65,87.0,Centenary Farmers Market
2026-03-11,Wangdue Phodrang,Cauliflower,54.26,112.4,Municipal Vegetable Market
2026-03-11,Chukha,Cauliflower,51.98,395.7,Weekend Roadside Market
2026-03-11,Chukha,Chilli (fresh),143.45,26.2,Weekend Roadside Market
2026-03-11,Chukha,Radish,17.73,261.0,Municipal Vegetable Market
2026-03-11,Chukha,Broccoli,88.85,393.8,Municipal Vegetable Market
2026-03-11,Chukha,Potato,39.24,20.4,Weekend Roadside Market
2026-03-11,Thimphu,Spinach,-35.26,236.8,Centenary Farmers Market
2026-03-11,Thimphu,Cauliflower,46.38,227.9,Municipal Vegetable Market
2026-03-11,Thimphu,Radish,19.47,439.9,Municipal Vegetable Market
2026-03-11,Thimphu,Cabbage,25.15,184.5,Municipal Vegetable Market
2026-03-11,Thimphu,Chilli (dried),309.32,255.8,Municipal Vegetable Market
2026-03-11,Thimphu,Broccoli,57.94,452.2,Centenary Farmers Market
2026-03-11,Thimphu,Potato,29.81,417.8,Centenary Farmers Market
2026-03-11,Thimphu,Tomato,56.8,49.7,Municipal Vegetable Market
2026-03-11,Thimphu,Chilli (fresh),122.79,312.8,Municipal Vegetable Market
2026-03-11,Thimphu,Onion,48.82,254.1,Municipal Vegetable Market
2026-03-11,Trongsa,Cabbage,14.54,383.2,Weekend Roadside Market
2026-03-11,Trongsa,Onion,61.99,282.8,Weekend Roadside Market
2026-03-11,Trongsa,Radish,21.15,400.0,Centenary Farmers Market
2026-03-11,Trongsa,Spinach,25.19,270.5,Municipal Vegetable Market
2026-03-11,Trongsa,Cauliflower,39.96,273.2,Weekend Roadside Market
2026-03-11,Trongsa,Broccoli,75.57,462.1,Municipal Vegetable Market
2026-03-11,Trongsa,Tomato,39.26,206.1,Centenary Farmers Market
2026-03-11,Trongsa,Chilli (dried),177.78,259.9,Centenary Farmers Market
2026-03-11,Trongsa,Chilli (fresh),74.21,251.8,Weekend Roadside Market
2026-03-11,Lhuentse,Cabbage,14.73,147.1,Centenary Farmers Market
2026-03-11,Lhuentse,Cauliflower,40.68,109.9,Weekend Roadside Market
2026-03-11,Lhuentse,Chilli (dried),255.74,491.7,Centenary Farmers Market
2026-03-11,Lhuentse,Tomato,65.86,141.1,Municipal Vegetable Market
2026-03-11,Lhuentse,Onion,42.57,313.2,Weekend Roadside Market
2026-03-11,Lhuentse,Radish,19.75,197.9,Municipal Vegetable Market
2026-03-11,Punakha,Radish,12.93,406.7,Municipal Vegetable Market
2026-03-11,Punakha,Tomato,36.45,170.0,Municipal Vegetable Market
2026-03-11,Punakha,Onion,42.92,229.1,Municipal Vegetable Market
2026-03-11,Punakha,Chilli (dried),198.7,460.3,Centenary Farmers Market
2026-03-11,Punakha,Spinach,47.22,277.6,Municipal Vegetable Market
2026-03-11,Punakha,Chilli (fresh),117.43,253.9,Weekend Roadside Market
2026-03-11,Punakha,Potato,26.64,387.5,Weekend Roadside Market
2026-03-11,Punakha,Cauliflower,59.1,292.7,Weekend Roadside Market
2026-03-11,Punakha,Cabbage,25.92,132.9,Municipal Vegetable Market
2026-03-11,Trashigang,Potato,43.79,204.9,Weekend Roadside Market
2026-03-11,Trashigang,Cabbage,15.48,347.0,Municipal Vegetable Market
2026-03-11,Trashigang,Chilli (dried),183.39,335.4,Centenary Farmers Market
2026-03-11,Trashigang,Chilli (fresh),96.63,291.8,Centenary Farmers Market
2026-03-11,Trashigang,Cauliflower,46.92,286.8,Municipal Vegetable Market
2026-03-11,Trashigang,Broccoli,58.53,414.3,Weekend Roadside Market
2026-03-11,Trashigang,Radish,13.68,284.1,Municipal Vegetable Market
2026-03-11,Trashigang,Onion,70.76,195.2,Weekend Roadside Market
2026-03-11,Trashigang,Spinach,-39.34,23.3,Centenary Farmers Market
2026-03-12,Tsirang,Spinach,37.58,223.6,Weekend Roadside Market
2026-03-12,Tsirang,Cabbage,22.98,330.8,Centenary Farmers Market
2026-03-12,Tsirang,Potato,38.78,,Weekend Roadside Market
2026-03-12,Tsirang,Cauliflower,56.06,84.4,Weekend Roadside Market
2026-03-12,Samtse,Chilli (dried),213.19,449.9,Weekend Roadside Market
2026-03-12,Samtse,Radish,17.15,312.5,Weekend Roadside Market
2026-03-12,Samtse,Cauliflower,43.65,425.7,Centenary Farmers Market
2026-03-12,Samtse,Cabbage,25.92,411.7,Centenary Farmers Market
2026-03-12,Samtse,Broccoli,67.15,286.4,Municipal Vegetable Market
2026-03-12,Samtse,Tomato,53.58,300.9,Weekend Roadside Market
2026-03-12,Samtse,Spinach,46.87,162.9,Municipal Vegetable Market
2026-03-12,Samtse,Chilli (fresh),101.64,306.0,Weekend Roadside Market
2026-03-12,Samtse,Potato,29.32,279.9,Centenary Farmers Market
2026-03-12,Samtse,Onion,59.03,181.8,Weekend Roadside Market
2026-03-12,Lhuentse,Potato,43.44,211.0,Weekend Roadside Market
2026-03-12,Lhuentse,Broccoli,81.69,417.6,Weekend Roadside Market
2026-03-12,Lhuentse,Chilli (dried),186.73,258.9,Centenary Farmers Market
2026-03-12,Lhuentse,Chilli (fresh),101.04,335.6,Weekend Roadside Market
2026-03-12,Lhuentse,Cabbage,24.5,325.4,Weekend Roadside Market
2026-03-12,Lhuentse,Tomato,85.48,20.7,Municipal Vegetable Market
2026-03-12,Zhemgang,Cauliflower,40.5,,Municipal Vegetable Market
2026-03-12,Zhemgang,Chilli (dried),233.24,39.1,Weekend Roadside Market
2026-03-12,Zhemgang,Tomato,67.45,470.6,Municipal Vegetable Market
2026-03-12,Zhemgang,Onion,55.72,239.9,Centenary Farmers Market
2026-03-12,Zhemgang,Cabbage,21.82,83.4,Weekend Roadside Market
2026-03-12,Sarpang,Potato,46.24,84.6,Weekend Roadside Market
2026-03-12,Sarpang,Broccoli,79.16,185.2,Centenary Farmers Market
2026-03-12,Sarpang,Cauliflower,48.79,109.9,Weekend Roadside Market
2026-03-12,Sarpang,Cabbage,19.53,86.6,Weekend Roadside Market
2026-03-12,Sarpang,Chilli (dried),219.21,479.1,Municipal Vegetable Market
2026-03-12,Sarpang,Chilli (fresh),71.24,439.9,Weekend Roadside Market
2026-03-12,Sarpang,Onion,43.27,214.5,Municipal Vegetable Market
2026-03-12,Sarpang,Tomato,66.06,300.8,Weekend Roadside Market
2026-03-12,Sarpang,Radish,16.52,350.9,Municipal Vegetable Market
2026-03-12,Sarpang,Spinach,22.99,39.4,Weekend Roadside Market
2026-03-12,Punakha,Cabbage,22.98,154.1,Centenary Farmers Market
2026-03-12,Punakha,Cauliflower,42.22,92.8,Centenary Farmers Market
2026-03-12,Punakha,Broccoli,85.91,58.9,Centenary Farmers Market
2026-03-12,Punakha,Spinach,36.99,471.6,Centenary Farmers Market
2026-03-12,Punakha,Tomato,98.18,269.5,Weekend Roadside Market
2026-03-12,Punakha,Chilli (fresh),117.28,150.2,Municipal Vegetable Market
2026-03-12,Punakha,Chilli (dried),279.09,475.3,Weekend Roadside Market
2026-03-12,Punakha,Onion,55.41,356.3,Weekend Roadside Market
2026-03-12,Trongsa,Onion,53.06,52.3,Weekend Roadside Market
2026-03-12,Trongsa,Radish,27.97,113.0,Centenary Farmers Market
2026-03-12,Trongsa,Potato,38.82,49.8,Weekend Roadside Market
2026-03-12,Trongsa,Tomato,89.08,278.1,Municipal Vegetable Market
2026-03-12,Trongsa,Chilli (dried),310.13,219.6,Centenary Farmers Market
2026-03-12,Trongsa,Cabbage,24.72,269.7,Weekend Roadside Market
2026-03-12,Trongsa,Spinach,22.35,376.9,Municipal Vegetable Market
2026-03-12,Trongsa,Broccoli,81.92,46.8,Weekend Roadside Market
2026-03-12,Trongsa,Cauliflower,28.46,203.9,Centenary Farmers Market
2026-03-12,Thimphu,Cabbage,18.03,93.9,Centenary Farmers Market
2026-03-12,Thimphu,Tomato,-45.21,41.3,Municipal Vegetable Market
2026-03-12,Thimphu,Chilli (dried),199.58,,Municipal Vegetable Market
2026-03-12,Thimphu,Radish,29.61,485.8,Centenary Farmers Market
2026-03-12,Thimphu,Chilli (fresh),121.68,304.4,Weekend Roadside Market
2026-03-12,Thimphu,Broccoli,51.15,366.1,Centenary Farmers Market
2026-03-12,Trashigang,Cabbage,27.68,146.4,Weekend Roadside Market
2026-03-12,Trashigang,Spinach,30.9,380.6,Weekend Roadside Market
2026-03-12,Trashigang,Chilli (dried),181.48,37.1,Municipal Vegetable Market
2026-03-12,Trashigang,Onion,57.78,214.7,Centenary Farmers Market
2026-03-12,Trashigang,Broccoli,43.35,274.8,Weekend Roadside Market
2026-03-12,Trashigang,Chilli (fresh),65.52,256.1,Municipal Vegetable Market
2026-03-12,Paro,Chilli (fresh),93.16,389.7,Weekend Roadside Market
2026-03-12,Paro,Broccoli,63.11,207.0,Weekend Roadside Market
2026-03-12,Paro,Onion,62.18,,Centenary Farmers Market
2026-03-12,Paro,Chilli (dried),251.06,322.2,Centenary Farmers Market
2026-03-12,Paro,Cauliflower,49.04,32.6,Municipal Vegetable Market
2026-03-12,Paro,Radish,24.72,175.2,Weekend Roadside Market
2026-03-12,Paro,Cabbage,23.37,468.0,Weekend Roadside Market
2026-03-12,Paro,Spinach,21.24,158.9,Centenary Farmers Market
2026-03-12,Paro,Tomato,74.58,436.4,Municipal Vegetable Market
2026-03-13,Samtse,Chilli (dried),231.83,83.2,Municipal Vegetable Market
2026-03-13,Samtse,Radish,22.06,157.9,Centenary Farmers Market
2026-03-13,Samtse,Cauliflower,27.18,111.5,Municipal Vegetable Market
2026-03-13,Samtse,Potato,35.73,133.2,Centenary Farmers Market
2026-03-13,Samtse,Cabbage,23.66,130.5,Centenary Farmers Market
2026-03-13,Samtse,Onion,78.41,108.2,Municipal Vegetable Market
2026-03-13,Samtse,Tomato,82.22,157.2,Weekend Roadside Market
2026-03-13,Samtse,Spinach,32.11,194.2,Municipal Vegetable Market
2026-03-13,Samtse,Chilli (fresh),59.39,306.8,Municipal Vegetable Market
2026-03-13,Samtse,Broccoli,56.9,456.8,Weekend Roadside Market
2026-03-13,Mongar,Cauliflower,44.01,159.9,Weekend Roadside Market
2026-03-13,Mongar,Cabbage,25.42,368.6,Centenary Farmers Market
2026-03-13,Mongar,Spinach,21.16,305.1,Centenary Farmers Market
2026-03-13,Mongar,Onion,47.0,397.5,Centenary Farmers Market
2026-03-13,Mongar,Radish,16.29,497.3,Municipal Vegetable Market
2026-03-13,Wangdue Phodrang,Tomato,51.81,140.8,Municipal Vegetable Market
2026-03-13,Wangdue Phodrang,Potato,42.32,296.1,Centenary Farmers Market
2026-03-13,Wangdue Phodrang,Cabbage,21.55,353.2,Weekend Roadside Market
2026-03-13,Wangdue Phodrang,Chilli (dried),209.27,114.4,Municipal Vegetable Market
2026-03-13,Wangdue Phodrang,Cauliflower,51.0,270.7,Weekend Roadside Market
2026-03-13,Wangdue Phodrang,Radish,17.99,464.6,Centenary Farmers Market
2026-03-13,Wangdue Phodrang,Spinach,36.76,251.5,Weekend Roadside Market
2026-03-13,Wangdue Phodrang,Chilli (fresh),98.38,82.0,Centenary Farmers Market
2026-03-13,Wangdue Phodrang,Onion,55.43,439.5,Centenary Farmers Market
2026-03-13,Wangdue Phodrang,Broccoli,75.55,239.1,Municipal Vegetable Market
2026-03-13,Haa,Cabbage,25.24,294.3,Weekend Roadside Market
2026-03-13,Haa,Tomato,73.49,102.9,Centenary Farmers Market
2026-03-13,Haa,Chilli (fresh),105.41,320.4,Centenary Farmers Market
2026-03-13,Haa,Onion,54.7,105.4,Municipal Vegetable Market
2026-03-13,Haa,Chilli (dried),271.22,263.6,Weekend Roadside Market
2026-03-13,Haa,Spinach,39.26,165.1,Centenary Farmers Market
2026-03-13,Haa,Cauliflower,60.92,176.0,Centenary Farmers Market
2026-03-13,Haa,Potato,32.48,128.0,Municipal Vegetable Market
2026-03-13,Trongsa,Potato,35.34,424.8,Municipal Vegetable Market
2026-03-13,Trongsa,Chilli (fresh),142.56,135.6,Centenary Farmers Market
2026-03-13,Trongsa,Spinach,26.69,212.9,Weekend Roadside Market
2026-03-13,Trongsa,Broccoli,65.21,340.6,Municipal Vegetable Market
2026-03-13,Trongsa,Chilli (dried),259.77,491.7,Weekend Roadside Market
2026-03-13,Trongsa,Cabbage,27.79,72.4,Municipal Vegetable Market
2026-03-13,Trongsa,Onion,38.97,327.3,Centenary Farmers Market
2026-03-13,Trongsa,Cauliflower,53.86,32.2,Municipal Vegetable Market
2026-03-13,Trongsa,Radish,21.83,101.4,Centenary Farmers Market
2026-03-13,Trongsa,Tomato,77.08,34.8,Weekend Roadside Market
2026-03-13,Paro,Potato,35.92,151.8,Centenary Farmers Market
2026-03-13,Paro,Tomato,31.13,369.4,Weekend Roadside Market
2026-03-13,Paro,Cabbage,14.91,484.0,Municipal Vegetable Market
2026-03-13,Paro,Spinach,29.07,179.4,Centenary Farmers Market
2026-03-13,Paro,Broccoli,81.61,348.9,Centenary Farmers Market
2026-03-13,Paro,Onion,41.01,76.4,Weekend Roadside Market
2026-03-13,Bumthang,Tomato,40.29,208.6,Weekend Roadside Market
2026-03-13,Bumthang,Chilli (fresh),85.14,259.5,Municipal Vegetable Market
2026-03-13,Bumthang,Onion,-54.89,55.7,Centenary Farmers Market
2026-03-13,Bumthang,Broccoli,76.62,174.0,Weekend Roadside Market
2026-03-13,Chukha,Cauliflower,52.87,67.6,Centenary Farmers Market
2026-03-13,Chukha,Potato,39.59,419.9,Weekend Roadside Market
2026-03-13,Chukha,Broccoli,48.38,409.4,Weekend Roadside Market
2026-03-13,Chukha,Onion,64.89,359.5,Weekend Roadside Market
2026-03-13,Chukha,Tomato,45.44,431.7,Municipal Vegetable Market
2026-03-13,Chukha,Cabbage,29.61,404.3,Municipal Vegetable Market
2026-03-13,Chukha,Chilli (dried),180.86,145.1,Centenary Farmers Market
2026-03-13,Chukha,Radish,25.59,423.1,Municipal Vegetable Market
2026-03-13,Zhemgang,Chilli (dried),267.2,373.2,Municipal Vegetable Market
2026-03-13,Zhemgang,Broccoli,-59.67,52.0,Municipal Vegetable Market
2026-03-13,Zhemgang,Spinach,44.06,400.3,Weekend Roadside Market
2026-03-13,Zhemgang,Cabbage,19.61,66.6,Municipal Vegetable Market
2026-03-13,Tsirang,Chilli (fresh),109.32,92.5,Municipal Vegetable Market
2026-03-13,Tsirang,Cauliflower,53.64,443.2,Weekend Roadside Market
2026-03-13,Tsirang,Radish,28.68,,Centenary Farmers Market
2026-03-13,Tsirang,Potato,26.06,336.0,Weekend Roadside Market
2026-03-13,Tsirang,Onion,45.26,391.8,Municipal Vegetable Market
2026-03-13,Tsirang,Broccoli,71.37,186.3,Municipal Vegetable Market
2026-03-13,Tsirang,Cabbage,23.3,183.4,Centenary Farmers Market
2026-03-13,Tsirang,Spinach,35.26,312.0,Weekend Roadside Market
2026-03-13,Tsirang,Chilli (dried),243.76,303.5,Weekend Roadside Market
2026-03-13,Thimphu,Cauliflower,44.21,52.4,Centenary Farmers Market
2026-03-13,Thimphu,Tomato,58.76,306.2,Weekend Roadside Market
2026-03-13,Thimphu,Radish,24.33,262.3,Weekend Roadside Market
2026-03-13,Thimphu,Broccoli,53.31,146.5,Centenary Farmers Market
2026-03-13,Thimphu,Potato,34.49,478.7,Centenary Farmers Market
2026-03-13,Thimphu,Spinach,24.27,352.7,Weekend Roadside Market
2026-03-14,Bumthang,Potato,23.38,300.0,Centenary Farmers Market
2026-03-14,Bumthang,Radish,29.04,246.6,Municipal Vegetable Market
2026-03-14,Bumthang,Chilli (fresh),62.35,144.2,Weekend Roadside Market
2026-03-14,Bumthang,Cauliflower,57.96,268.7,Centenary Farmers Market
2026-03-14,Bumthang,Tomato,67.81,279.1,Centenary Farmers Market
2026-03-14,Bumthang,Spinach,41.67,426.6,Municipal Vegetable Market
2026-03-14,Trashigang,Broccoli,78.02,290.0,Municipal Vegetable Market
2026-03-14,Trashigang,Potato,34.55,396.4,Municipal Vegetable Market
2026-03-14,Trashigang,Spinach,37.19,330.5,Centenary Farmers Market
2026-03-14,Trashigang,Chilli (dried),269.94,70.2,Municipal Vegetable Market
2026-03-14,Trashigang,Chilli (fresh),67.25,29.3,Centenary Farmers Market
2026-03-14,Trashigang,Tomato,51.8,88.2,Centenary Farmers Market
2026-03-14,Trashigang,Cauliflower,43.87,140.1,Weekend Roadside Market
2026-03-14,Trashigang,Radish,25.85,189.1,Weekend Roadside Market
2026-03-14,Wangdue Phodrang,Tomato,50.38,127.8,Weekend Roadside Market
2026-03-14,Wangdue Phodrang,Radish,20.13,485.2,Centenary Farmers Market
2026-03-14,Wangdue Phodrang,Spinach,39.64,232.5,Centenary Farmers Market
2026-03-14,Wangdue Phodrang,Chilli (fresh),75.99,26.3,Municipal Vegetable Market
2026-03-14,Wangdue Phodrang,Potato,41.66,426.5,Municipal Vegetable Market
2026-03-14,Wangdue Phodrang,Chilli (dried),216.83,480.7,Centenary Farmers Market
2026-03-14,Wangdue Phodrang,Broccoli,45.49,312.1,Centenary Farmers Market
2026-03-14,Wangdue Phodrang,Cabbage,28.15,318.4,Weekend Roadside Market
2026-03-14,Zhemgang,Cauliflower,44.32,357.2,Centenary Farmers Market
2026-03-14,Zhemgang,Onion,52.95,443.0,Weekend Roadside Market
2026-03-14,Zhemgang,Chilli (dried),274.01,475.3,Municipal Vegetable Market
2026-03-14,Zhemgang,Broccoli,57.08,207.8,Centenary Farmers Market
2026-03-14,Zhemgang,Tomato,80.86,286.8,Centenary Farmers Market
2026-03-14,Zhemgang,Cabbage,13.11,448.2,Centenary Farmers Market
2026-03-14,Paro,Spinach,39.45,498.2,Municipal Vegetable Market
2026-03-14,Paro,Radish,29.93,186.6,Centenary Farmers Market
2026-03-14,Paro,Cauliflower,42.95,255.9,Weekend Roadside Market
2026-03-14,Paro,Potato,38.7,272.7,Centenary Farmers Market
2026-03-14,Paro,Broccoli,75.18,405.2,Municipal Vegetable Market
2026-03-14,Paro,Chilli (dried),195.1,174.0,Weekend Roadside Market
2026-03-14,Paro,Onion,64.6,362.2,Weekend Roadside Market
2026-03-14,Paro,Tomato,78.21,106.8,Municipal Vegetable Market
2026-03-14,Paro,Chilli (fresh),138.79,372.6,Centenary Farmers Market
2026-03-14,Haa,Tomato,39.46,353.8,Weekend Roadside Market
2026-03-14,Haa,Radish,21.69,437.8,Municipal Vegetable Market
2026-03-14,Haa,Chilli (dried),185.0,32.3,Weekend Roadside Market
2026-03-14,Haa,Onion,52.46,399.2,Weekend Roadside Market
2026-03-14,Haa,Spinach,40.07,139.7,Weekend Roadside Market
2026-03-14,Haa,Cabbage,13.76,470.7,Municipal Vegetable Market
2026-03-14,Haa,Chilli (fresh),70.31,441.5,Centenary Farmers Market
2026-03-14,Haa,Broccoli,64.81,390.3,Municipal Vegetable Market
2026-03-14,Haa,Cauliflower,42.88,238.1,Municipal Vegetable Market
2026-03-14,Sarpang,Tomato,73.86,101.4,Weekend Roadside Market
2026-03-14,Sarpang,Radish,21.55,257.5,Municipal Vegetable Market
2026-03-14,Sarpang,Chilli (fresh),124.45,359.8,Centenary Farmers Market
2026-03-14,Sarpang,Broccoli,63.87,311.2,Municipal Vegetable Market
2026-03-14,Sarpang,Spinach,30.17,435.8,Weekend Roadside Market
2026-03-14,Sarpang,Chilli (dried),254.42,332.7,Weekend Roadside Market
2026-03-14,Sarpang,Cauliflower,50.19,243.8,Weekend Roadside Market
2026-03-14,Sarpang,Cabbage,30.23,49.1,Weekend Roadside Market
2026-03-14,Sarpang,Potato,30.43,355.5,Weekend Roadside Market
2026-03-14,Sarpang,Onion,66.65,325.4,Centenary Farmers Market
2026-03-14,Trongsa,Tomato,58.72,250.6,Weekend Roadside Market
2026-03-14,Trongsa,Chilli (dried),272.39,375.5,Centenary Farmers Market
2026-03-14,Trongsa,Spinach,41.12,114.8,Municipal Vegetable Market
2026-03-14,Trongsa,Cabbage,17.05,76.3,Municipal Vegetable Market
2026-03-14,Trongsa,Radish,18.48,337.3,Weekend Roadside Market
2026-03-14,Trongsa,Chilli (fresh),117.85,462.8,Centenary Farmers Market
2026-03-14,Trongsa,Broccoli,58.68,322.0,Centenary Farmers Market
2026-03-14,Trongsa,Potato,43.46,231.2,Weekend Roadside Market
2026-03-14,Trongsa,Onion,59.47,294.0,Municipal Vegetable Market
2026-03-14,Trongsa,Cauliflower,46.07,171.4,Centenary Farmers Market
2026-03-14,Tsirang,Broccoli,64.07,249.6,Centenary Farmers Market
2026-03-14,Tsirang,Chilli (fresh),154.29,475.3,Weekend Roadside Market
2026-03-14,Tsirang,Tomato,41.31,20.9,Centenary Farmers Market
2026-03-14,Tsirang,Cauliflower,45.48,437.8,Centenary Farmers Market
2026-03-14,Tsirang,Potato,28.58,114.3,Municipal Vegetable Market
2026-03-14,Tsirang,Cabbage,13.86,193.2,Centenary Farmers Market
2026-03-14,Tsirang,Radish,18.48,35.9,Centenary Farmers Market
2026-03-14,Tsirang,Onion,55.14,53.1,Weekend Roadside Market
2026-03-14,Tsirang,  SPINACH  ,42.08,246.2,Centenary Farmers Market
2026-03-14,Tsirang,Chilli (dried),251.38,80.5,Weekend Roadside Market
2026-03-14,Samtse,Chilli (fresh),92.1,323.7,Municipal Vegetable Market
2026-03-14,Samtse,Onion,63.87,34.6,Municipal Vegetable Market
2026-03-14,Samtse,Tomato,56.8,112.6,Centenary Farmers Market
2026-03-14,Samtse,Chilli (dried),163.47,496.3,Municipal Vegetable Market
2026-03-14,Samtse,Broccoli,49.7,104.0,Municipal Vegetable Market
2026-03-14,Samtse,Cabbage,21.16,309.0,Municipal Vegetable Market
2026-03-14,Samtse,Radish,24.61,84.5,Centenary Farmers Market
2026-03-14,Samtse,Spinach,24.43,262.5,Weekend Roadside Market
2026-03-14,Samtse,Potato,38.2,446.6,Weekend Roadside Market
2026-03-14,Samtse,Cauliflower,38.03,492.4,Centenary Farmers Market
2026-03-14,Lhuentse,Cauliflower,53.45,437.7,Weekend Roadside Market
2026-03-14,Lhuentse,Radish,18.37,151.6,Centenary Farmers Market
2026-03-14,Lhuentse,Potato,25.47,443.5,Centenary Farmers Market
2026-03-14,Lhuentse,Cabbage,26.03,330.4,Centenary Farmers Market
2026-03-14,Lhuentse,Spinach,33.87,201.9,Weekend Roadside Market
2026-03-14,Lhuentse,Chilli (dried),199.66,255.3,Municipal Vegetable Market
2026-03-14,Lhuentse,Onion,73.86,489.6,Municipal Vegetable Market
2026-03-14,Lhuentse,Chilli (fresh),151.5,447.1,Centenary Farmers Market
2026-03-14,Lhuentse,Broccoli,53.99,415.6,Centenary Farmers Market
2026-03-14,Chukha,Chilli (fresh),131.31,80.5,Centenary Farmers Market
2026-03-14,Chukha,Tomato,52.69,406.0,Centenary Farmers Market
2026-03-14,Chukha,Onion,74.03,465.0,Weekend Roadside Market
2026-03-14,Chukha,Spinach,38.8,413.7,Weekend Roadside Market
2026-03-14,Chukha,Cabbage,20.85,152.6,Weekend Roadside Market
2026-03-14,Chukha,Chilli (dried),281.44,121.0,Weekend Roadside Market
2026-03-14,Punakha,Spinach,35.47,132.5,Weekend Roadside Market
2026-03-14,Punakha,Tomato,77.25,349.9,Weekend Roadside Market
2026-03-14,Punakha,Cabbage,33.43,179.5,Weekend Roadside Market
2026-03-14,Punakha,Potato,27.37,110.8,Municipal Vegetable Market
2026-03-14,Punakha,Onion,58.11,301.7,Centenary Farmers Market
2026-03-14,Punakha,Radish,23.14,399.6,Weekend Roadside Market
2026-03-14,Punakha,Broccoli,58.63,246.3,Centenary Farmers Market
2026-03-14,Punakha,Chilli (fresh),106.49,350.1,Weekend Roadside Market
2026-03-14,Punakha,Cauliflower,51.74,57.3,Centenary Farmers Market
2026-03-15,Lhuentse,Cauliflower,40.98,367.4,Weekend Roadside Market
2026-03-15,Lhuentse,Cabbage,24.62,368.1,Municipal Vegetable Market
2026-03-15,Lhuentse,Spinach,26.79,90.1,Municipal Vegetable Market
2026-03-15,Lhuentse,Potato,31.99,386.3,Weekend Roadside Market
2026-03-15,Lhuentse,Broccoli,70.67,111.6,Centenary Farmers Market
2026-03-15,Lhuentse,Onion,53.76,73.1,Municipal Vegetable Market
2026-03-15,Lhuentse,Chilli (dried),286.74,379.7,Centenary Farmers Market
2026-03-15,Lhuentse,Chilli (fresh),76.54,218.2,Weekend Roadside Market
2026-03-15,Lhuentse,Radish,22.56,57.0,Centenary Farmers Market
2026-03-15,Chukha,Cauliflower,61.69,207.3,Municipal Vegetable Market
2026-03-15,Chukha,Spinach,41.44,112.2,Weekend Roadside Market
2026-03-15,Chukha,Broccoli,54.71,404.9,Centenary Farmers Market
2026-03-15,Chukha,Chilli (dried),214.93,266.0,Weekend Roadside Market
2026-03-15,Thimphu,Onion,42.05,477.3,Municipal Vegetable Market
2026-03-15,Thimphu,Potato,26.86,463.7,Centenary Farmers Market
2026-03-15,Thimphu,Tomato,83.71,241.1,Weekend Roadside Market
2026-03-15,Thimphu,Cabbage,19.58,284.9,Weekend Roadside Market
2026-03-15,Thimphu,Spinach,32.96,320.9,Centenary Farmers Market
2026-03-15,Thimphu,Radish,17.63,271.8,Weekend Roadside Market
2026-03-15,Thimphu,Chilli (fresh),81.53,316.3,Weekend Roadside Market
2026-03-15,Thimphu,Chilli (dried),301.8,137.1,Municipal Vegetable Market
2026-03-15,Haa,Radish,16.14,49.1,Centenary Farmers Market
2026-03-15,Haa,Cabbage,13.48,121.2,Municipal Vegetable Market
2026-03-15,Haa,Chilli (fresh),81.69,249.5,Weekend Roadside Market
2026-03-15,Haa,Potato,35.6,86.3,Centenary Farmers Market
2026-03-15,Haa,Chilli (dried),266.55,375.4,Weekend Roadside Market
2026-03-15,Haa,Onion,62.51,268.7,Municipal Vegetable Market
2026-03-15,Haa,Spinach,33.49,57.4,Centenary Farmers Market
2026-03-15,Mongar,Tomato,71.23,232.6,Centenary Farmers Market
2026-03-15,Mongar,Cauliflower,53.94,324.8,Centenary Farmers Market
2026-03-15,Mongar,Spinach,39.51,409.2,Centenary Farmers Market
2026-03-15,Mongar,Cabbage,20.97,127.2,Weekend Roadside Market
2026-03-15,Mongar,Onion,40.08,121.9,Municipal Vegetable Market
2026-03-15,Mongar,Chilli (fresh),102.55,442.3,Municipal Vegetable Market
2026-03-15,Mongar,Broccoli,58.86,74.9,Weekend Roadside Market
2026-03-15,Mongar,Potato,46.71,76.5,Municipal Vegetable Market
2026-03-15,Mongar,Chilli (dried),171.29,76.4,Weekend Roadside Market
2026-03-15,Mongar,Radish,16.33,120.9,Centenary Farmers Market
2026-03-15,Paro,Tomato,62.32,32.4,Weekend Roadside Market
2026-03-15,Paro,Cauliflower,35.69,413.2,Municipal Vegetable Market
2026-03-15,Paro,Chilli (fresh),69.37,416.1,Weekend Roadside Market
2026-03-15,Paro,Spinach,26.61,118.3,Municipal Vegetable Market
2026-03-15,Paro,Potato,43.56,372.6,Centenary Farmers Market
2026-03-15,Paro,Chilli (dried),271.9,364.1,Weekend Roadside Market
2026-03-15,Paro,Radish,22.23,268.6,Municipal Vegetable Market
2026-03-15,Paro,Broccoli,67.05,324.3,Centenary Farmers Market
2026-03-15,Tsirang,Onion,58.18,122.5,Municipal Vegetable Market
2026-03-15,Tsirang,Cauliflower,39.56,239.3,Centenary Farmers Market
2026-03-15,Tsirang,Spinach,31.35,46.5,Municipal Vegetable Market
2026-03-15,Tsirang,Chilli (dried),157.28,252.8,Centenary Farmers Market
2026-03-15,Trongsa,Onion,58.17,203.3,Weekend Roadside Market
2026-03-15,Trongsa,Chilli (dried),326.49,98.0,Centenary Farmers Market
2026-03-15,Trongsa,Cabbage,19.25,332.0,Municipal Vegetable Market
2026-03-15,Trongsa,Broccoli,50.55,262.5,Centenary Farmers Market
2026-03-15,Trongsa,Spinach,22.88,160.4,Weekend Roadside Market
2026-03-15,Sarpang,Potato,34.62,236.7,Centenary Farmers Market
2026-03-15,Sarpang,Cabbage,16.69,76.3,Weekend Roadside Market
2026-03-15,Sarpang,Tomato,41.33,199.8,Centenary Farmers Market
2026-03-15,Sarpang,Spinach,38.42,74.5,Weekend Roadside Market
2026-03-15,Sarpang,Chilli (fresh),84.35,80.8,Municipal Vegetable Market
2026-03-16,Mongar,Cauliflower,51.3,194.0,Weekend Roadside Market
2026-03-16,Mongar,Potato,33.41,105.8,Weekend Roadside Market
2026-03-16,Mongar,Tomato,54.34,345.8,Centenary Farmers Market
2026-03-16,Mongar,Radish,28.85,124.2,Weekend Roadside Market
2026-03-16,Mongar,Chilli (fresh),70.76,316.6,Weekend Roadside Market
2026-03-16,Mongar,Cabbage,25.9,160.7,Weekend Roadside Market
2026-03-16,Mongar,Spinach,33.25,327.8,Weekend Roadside Market
2026-03-16,Thimphu,Radish,20.65,298.7,Centenary Farmers Market
2026-03-16,Thimphu,Potato,27.67,181.0,Municipal Vegetable Market
2026-03-16,Thimphu,Cabbage,25.76,146.7,Weekend Roadside Market
2026-03-16,Thimphu,Broccoli,51.18,464.6,Weekend Roadside Market
2026-03-16,Thimphu,Cauliflower,42.6,82.3,Weekend Roadside Market
2026-03-16,Thimphu,Spinach,18.96,444.2,Weekend Roadside Market
2026-03-16,Thimphu,Onion,53.63,247.3,Municipal Vegetable Market
2026-03-16,Thimphu,Chilli (dried),258.37,331.6,Municipal Vegetable Market
2026-03-16,Lhuentse,Tomato,33.68,393.7,Centenary Farmers Market
2026-03-16,Lhuentse,Chilli (fresh),116.52,148.9,Municipal Vegetable Market
2026-03-16,Lhuentse,Spinach,37.42,191.5,Centenary Farmers Market
2026-03-16,Lhuentse,Radish,18.55,133.0,Centenary Farmers Market
2026-03-16,Lhuentse,Potato,29.88,264.2,Centenary Farmers Market
2026-03-16,Lhuentse,Cabbage,23.75,299.2,Municipal Vegetable Market
2026-03-16,Lhuentse,Cauliflower,37.46,88.2,Municipal Vegetable Market
2026-03-16,Lhuentse,Broccoli,64.52,484.0,Municipal Vegetable Market
2026-03-16,Lhuentse,Onion,47.14,434.2,Municipal Vegetable Market
2026-03-16,Lhuentse,Chilli (dried),276.9,227.8,Municipal Vegetable Market
2026-03-16,Bumthang,Potato,34.09,325.0,Municipal Vegetable Market
2026-03-16,Bumthang,Radish,19.81,329.3,Centenary Farmers Market
2026-03-16,Bumthang,Chilli (fresh),86.04,32.1,Centenary Farmers Market
2026-03-16,Bumthang,Onion,61.84,336.3,Centenary Farmers Market
2026-03-16,Bumthang,Cabbage,21.54,126.6,Centenary Farmers Market
2026-03-16,Bumthang,Spinach,31.33,104.7,Weekend Roadside Market
2026-03-16,Punakha,Radish,21.87,138.3,Weekend Roadside Market
2026-03-16,Punakha,Tomato,83.24,87.8,Municipal Vegetable Market
2026-03-16,Punakha,Onion,60.14,316.2,Municipal Vegetable Market
2026-03-16,Punakha,Chilli (dried),207.94,260.6,Weekend Roadside Market
2026-03-16,Punakha,Cabbage,24.56,146.1,Weekend Roadside Market
2026-03-16,Punakha,Chilli (fresh),66.75,165.0,Centenary Farmers Market
2026-03-16,Punakha,Broccoli,55.73,84.2,Weekend Roadside Market
2026-03-16,Trashigang,Cabbage,21.45,208.3,Weekend Roadside Market
2026-03-16,Trashigang,Onion,62.26,66.4,Weekend Roadside Market
2026-03-16,Trashigang,Radish,21.89,22.0,Municipal Vegetable Market
2026-03-16,Trashigang,  BROCCOLI  ,85.0,127.9,Weekend Roadside Market
2026-03-16,Trashigang,Cauliflower,49.58,242.9,Centenary Farmers Market
2026-03-16,Tsirang,Cabbage,18.56,77.0,Weekend Roadside Market
2026-03-16,Tsirang,Broccoli,90.93,392.1,Centenary Farmers Market
2026-03-16,Tsirang,Radish,21.79,50.4,Municipal Vegetable Market
2026-03-16,Tsirang,Spinach,40.03,317.0,Weekend Roadside Market
2026-03-16,Tsirang,Cauliflower,56.14,214.9,Weekend Roadside Market
2026-03-16,Tsirang,Potato,33.08,400.6,Municipal Vegetable Market
2026-03-16,Tsirang,Chilli (fresh),121.42,114.6,Weekend Roadside Market
2026-03-16,Samtse,Cauliflower,30.77,431.8,Weekend Roadside Market
2026-03-16,Samtse,Chilli (dried),287.92,250.2,Weekend Roadside Market
2026-03-16,Samtse,Broccoli,76.56,143.5,Centenary Farmers Market
2026-03-16,Samtse,Cabbage,19.92,279.4,Weekend Roadside Market
2026-03-16,Samtse,Potato,29.47,31.7,Municipal Vegetable Market
2026-03-16,Samtse,Chilli (fresh),80.89,371.3,Weekend Roadside Market
2026-03-16,Samtse,Tomato,51.68,343.4,Weekend Roadside Market
2026-03-16,Samtse,Spinach,39.3,187.2,Municipal Vegetable Market
2026-03-16,Samtse,Radish,23.98,469.7,Weekend Roadside Market
2026-03-16,Samtse,Onion,47.13,281.4,Centenary Farmers Market
2026-03-17,Trongsa,Onion,60.39,68.0,Weekend Roadside Market
2026-03-17,Trongsa,Spinach,37.07,160.8,Weekend Roadside Market
2026-03-17,Trongsa,Cabbage,24.69,116.1,Weekend Roadside Market
2026-03-17,Trongsa,Broccoli,59.64,205.3,Municipal Vegetable Market
2026-03-17,Trongsa,Tomato,47.57,29.5,Weekend Roadside Market
2026-03-17,Trongsa,Chilli (fresh),66.22,144.6,Centenary Farmers Market
2026-03-17,Bumthang,Cabbage,28.0,431.0,Weekend Roadside Market
2026-03-17,Bumthang,Chilli (dried),311.17,493.3,Centenary Farmers Market
2026-03-17,Bumthang,Broccoli,54.65,489.3,Weekend Roadside Market
2026-03-17,Bumthang,Chilli (fresh),104.44,351.0,Weekend Roadside Market
2026-03-17,Bumthang,Tomato,38.78,76.2,Centenary Farmers Market
2026-03-17,Lhuentse,Onion,46.05,279.9,Weekend Roadside Market
2026-03-17,Lhuentse,Broccoli,70.95,201.7,Municipal Vegetable Market
2026-03-17,Lhuentse,Potato,38.57,62.7,Centenary Farmers Market
2026-03-17,Lhuentse,Chilli (dried),208.49,345.1,Centenary Farmers Market
2026-03-17,Lhuentse,Chilli (fresh),101.26,111.1,Centenary Farmers Market
2026-03-17,Lhuentse,Spinach,36.67,432.6,Centenary Farmers Market
2026-03-17,Lhuentse,Radish,20.21,438.3,Municipal Vegetable Market
2026-03-17,Zhemgang,Radish,18.98,114.2,Municipal Vegetable Market
2026-03-17,Zhemgang,Cauliflower,61.96,229.9,Centenary Farmers Market
2026-03-17,Zhemgang,Chilli (dried),207.7,149.3,Municipal Vegetable Market
2026-03-17,Zhemgang,Cabbage,24.25,335.5,Weekend Roadside Market
2026-03-17,Zhemgang,Spinach,22.0,241.6,Centenary Farmers Market
2026-03-17,Zhemgang,Onion,44.69,356.4,Weekend Roadside Market
2026-03-17,Chukha,Cabbage,31.25,298.3,Municipal Vegetable Market
2026-03-17,Chukha,Tomato,74.11,257.4,Centenary Farmers Market
2026-03-17,Chukha,Chilli (dried),300.6,325.6,Municipal Vegetable Market
2026-03-17,Chukha,Potato,29.69,202.6,Centenary Farmers Market
2026-03-17,Chukha,Spinach,42.93,311.7,Municipal Vegetable Market
2026-03-17,Chukha,Onion,54.28,387.9,Centenary Farmers Market
2026-03-17,Chukha,Radish,29.35,154.6,Municipal Vegetable Market
2026-03-17,Chukha,Chilli (fresh),101.62,43.9,Centenary Farmers Market
2026-03-17,Haa,Onion,44.89,165.8,Municipal Vegetable Market
2026-03-17,Haa,Cabbage,21.01,186.8,Municipal Vegetable Market
2026-03-17,Haa,Chilli (fresh),99.17,314.3,Municipal Vegetable Market
2026-03-17,Haa,Tomato,56.46,156.1,Municipal Vegetable Market
2026-03-17,Haa,Potato,44.8,287.9,Municipal Vegetable Market
2026-03-17,Haa,Broccoli,58.51,362.2,Weekend Roadside Market
2026-03-17,Haa,Radish,13.94,222.7,Centenary Farmers Market
2026-03-17,Haa,Chilli (dried),278.74,299.2,Centenary Farmers Market
2026-03-17,Haa,Spinach,50.64,77.0,Municipal Vegetable Market
2026-03-17,Haa,Cauliflower,33.52,349.9,Centenary Farmers Market
2026-03-17,Tsirang,Spinach,44.2,293.1,Centenary Farmers Market
2026-03-17,Tsirang,Cabbage,24.68,344.1,Weekend Roadside Market
2026-03-17,Tsirang,Chilli (dried),277.9,437.7,Weekend Roadside Market
2026-03-17,Tsirang,Cauliflower,56.59,389.8,Centenary Farmers Market
2026-03-17,Tsirang,Potato,35.12,395.5,Municipal Vegetable Market
2026-03-17,Tsirang,Tomato,72.04,187.4,Municipal Vegetable Market
2026-03-17,Tsirang,Radish,29.41,98.0,Centenary Farmers Market
2026-03-17,Tsirang,Onion,61.66,128.2,Municipal Vegetable Market
2026-03-17,Tsirang,Chilli (fresh),52.49,328.5,Weekend Roadside Market
2026-03-17,Tsirang,Broccoli,56.53,315.5,Weekend Roadside Market
2026-03-17,Thimphu,Cabbage,24.73,173.6,Centenary Farmers Market
2026-03-17,Thimphu,Potato,44.61,296.7,Municipal Vegetable Market
2026-03-17,Thimphu,  CAULIFLOWER  ,56.45,185.6,Municipal Vegetable Market
2026-03-17,Thimphu,Spinach,49.3,355.7,Weekend Roadside Market
2026-03-17,Thimphu,Onion,46.26,,Municipal Vegetable Market
2026-03-17,Thimphu,Chilli (fresh),97.31,415.3,Weekend Roadside Market
2026-03-17,Thimphu,Broccoli,65.0,366.8,Municipal Vegetable Market
2026-03-17,Thimphu,Radish,18.02,450.5,Weekend Roadside Market
2026-03-17,Thimphu,Chilli (dried),210.36,104.5,Weekend Roadside Market
2026-03-17,Thimphu,Tomato,61.93,52.4,Centenary Farmers Market
2026-03-17,Paro,Onion,56.22,257.1,Weekend Roadside Market
2026-03-17,Paro,Spinach,26.82,402.4,Centenary Farmers Market
2026-03-17,Paro,Broccoli,81.32,103.7,Centenary Farmers Market
2026-03-17,Paro,Chilli (dried),196.74,297.0,Weekend Roadside Market
2026-03-17,Paro,Potato,31.36,188.2,Centenary Farmers Market
2026-03-17,Paro,Cabbage,28.56,35.8,Weekend Roadside Market
2026-03-17,Paro,Chilli (fresh),80.47,119.9,Municipal Vegetable Market
2026-03-17,Paro,Radish,23.62,415.0,Municipal Vegetable Market
2026-03-17,Trashigang,Radish,25.29,,Municipal Vegetable Market
2026-03-17,Trashigang,Cauliflower,40.5,419.2,Municipal Vegetable Market
2026-03-17,Trashigang,Tomato,95.16,,Municipal Vegetable Market
2026-03-17,Trashigang,Chilli (fresh),-143.26,218.2,Municipal Vegetable Market
2026-03-17,Trashigang,Broccoli,62.11,316.3,Centenary Farmers Market
2026-03-17,Trashigang,Onion,47.47,422.8,Weekend Roadside Market
2026-03-18,Tsirang,Potato,25.82,108.5,Centenary Farmers Market
2026-03-18,Tsirang,Chilli (dried),261.22,413.7,Centenary Farmers Market
2026-03-18,Tsirang,Broccoli,82.32,160.9,Municipal Vegetable Market
2026-03-18,Tsirang,Onion,43.48,343.0,Municipal Vegetable Market
2026-03-18,Tsirang,Tomato,55.24,170.3,Weekend Roadside Market
2026-03-18,Tsirang,Cabbage,25.44,321.1,Weekend Roadside Market
2026-03-18,Haa,Onion,46.85,333.1,Municipal Vegetable Market
2026-03-18,Haa,Chilli (fresh),64.45,258.3,Municipal Vegetable Market
2026-03-18,Haa,Broccoli,46.71,311.5,Centenary Farmers Market
2026-03-18,Haa,Cauliflower,42.45,437.8,Municipal Vegetable Market
2026-03-18,Haa,Spinach,30.18,324.9,Centenary Farmers Market
2026-03-18,Haa,Tomato,42.75,358.3,Weekend Roadside Market
2026-03-18,Haa,Chilli (dried),352.95,191.7,Weekend Roadside Market
2026-03-18,Haa,Potato,29.75,454.3,Centenary Farmers Market
2026-03-18,Thimphu,Onion,42.9,358.9,Municipal Vegetable Market
2026-03-18,Thimphu,Tomato,34.32,197.4,Municipal Vegetable Market
2026-03-18,Thimphu,Potato,46.24,298.0,Municipal Vegetable Market
2026-03-18,Thimphu,Cauliflower,47.21,223.4,Municipal Vegetable Market
2026-03-18,Thimphu,Chilli (fresh),74.68,398.3,Weekend Roadside Market
2026-03-18,Thimphu,Radish,24.04,418.3,Weekend Roadside Market
2026-03-18,Thimphu,Broccoli,74.54,426.3,Centenary Farmers Market
2026-03-18,Zhemgang,Cauliflower,49.31,79.7,Centenary Farmers Market
2026-03-18,Zhemgang,Tomato,61.09,319.5,Municipal Vegetable Market
2026-03-18,Zhemgang,Potato,34.85,394.9,Centenary Farmers Market
2026-03-18,Zhemgang,Chilli (fresh),118.46,337.0,Centenary Farmers Market
2026-03-18,Zhemgang,Spinach,34.78,352.5,Centenary Farmers Market
2026-03-18,Zhemgang,Radish,24.31,74.2,Weekend Roadside Market
2026-03-18,Chukha,Cabbage,15.92,132.9,Municipal Vegetable Market
2026-03-18,Chukha,Broccoli,68.54,67.2,Municipal Vegetable Market
2026-03-18,Chukha,Chilli (fresh),79.89,384.5,Weekend Roadside Market
2026-03-18,Chukha,Radish,19.84,102.9,Centenary Farmers Market
2026-03-18,Chukha,Spinach,19.96,161.0,Weekend Roadside Market
2026-03-18,Chukha,Tomato,70.48,289.7,Municipal Vegetable Market
2026-03-18,Chukha,Chilli (dried),251.59,159.6,Centenary Farmers Market
2026-03-18,Chukha,Onion,42.98,435.5,Centenary Farmers Market
2026-03-18,Chukha,Potato,23.26,79.7,Weekend Roadside Market
2026-03-18,Paro,Cabbage,33.45,423.0,Weekend Roadside Market
2026-03-18,Paro,Chilli (fresh),109.26,127.2,Centenary Farmers Market
2026-03-18,Paro,Spinach,35.06,42.5,Weekend Roadside Market
2026-03-18,Paro,Radish,26.95,220.9,Municipal Vegetable Market
2026-03-18,Paro,Onion,50.81,324.3,Municipal Vegetable Market
2026-03-18,Paro,Chilli (dried),274.72,239.4,Weekend Roadside Market
2026-03-18,Paro,Broccoli,64.08,206.7,Weekend Roadside Market
2026-03-18,Paro,Cauliflower,44.64,429.8,Centenary Farmers Market
2026-03-18,Paro,Potato,37.86,492.3,Weekend Roadside Market
2026-03-18,Paro,Tomato,43.4,156.9,Weekend Roadside Market
2026-03-18,Samtse,Broccoli,52.32,420.5,Centenary Farmers Market
2026-03-18,Samtse,Tomato,44.23,20.9,Municipal Vegetable Market
2026-03-18,Samtse,Spinach,25.92,353.0,Municipal Vegetable Market
2026-03-18,Samtse,Cabbage,23.43,84.6,Weekend Roadside Market
2026-03-18,Samtse,Chilli (dried),209.61,28.2,Weekend Roadside Market
2026-03-18,Samtse,Onion,68.93,287.9,Centenary Farmers Market
2026-03-18,Samtse,Chilli (fresh),129.58,316.4,Municipal Vegetable Market
2026-03-18,Samtse,Potato,34.58,499.7,Weekend Roadside Market
2026-03-18,Samtse,Radish,21.69,98.4,Centenary Farmers Market
2026-03-18,Punakha,Potato,32.83,238.5,Centenary Farmers Market
2026-03-18,Punakha,Chilli (fresh),90.25,249.2,Weekend Roadside Market
2026-03-18,Punakha,Radish,25.64,287.4,Weekend Roadside Market
2026-03-18,Punakha,Chilli (dried),203.58,66.5,Centenary Farmers Market
2026-03-18,Punakha,Broccoli,67.76,347.5,Weekend Roadside Market
2026-03-18,Punakha,Cabbage,26.18,62.1,Weekend Roadside Market
2026-03-18,Punakha,Cauliflower,60.21,287.3,Municipal Vegetable Market
2026-03-18,Punakha,Tomato,67.37,64.8,Centenary Farmers Market
2026-03-18,Punakha,Onion,48.99,258.5,Weekend Roadside Market
2026-03-18,Punakha,Spinach,18.58,116.2,Weekend Roadside Market
2026-03-18,Lhuentse,Tomato,76.85,389.0,Municipal Vegetable Market
2026-03-18,Lhuentse,Chilli (fresh),136.67,472.9,Centenary Farmers Market
2026-03-18,Lhuentse,Radish,25.04,427.6,Centenary Farmers Market
2026-03-18,Lhuentse,  CHILLI (DRIED)  ,263.14,200.6,Centenary Farmers Market
2026-03-18,Lhuentse,Broccoli,71.47,259.0,Centenary Farmers Market
2026-03-18,Wangdue Phodrang,Potato,37.83,302.3,Weekend Roadside Market
2026-03-18,Wangdue Phodrang,Spinach,26.13,421.3,Weekend Roadside Market
2026-03-18,Wangdue Phodrang,Cabbage,20.08,104.7,Centenary Farmers Market
2026-03-18,Wangdue Phodrang,Radish,14.29,454.9,Centenary Farmers Market
2026-03-18,Wangdue Phodrang,Broccoli,66.2,71.2,Municipal Vegetable Market
2026-03-18,Wangdue Phodrang,Cauliflower,48.74,198.8,Municipal Vegetable Market
2026-03-18,Wangdue Phodrang,Chilli (dried),207.64,435.3,Centenary Farmers Market
2026-03-18,Wangdue Phodrang,Tomato,47.35,36.1,Centenary Farmers Market
2026-03-19,Trashigang,Potato,41.54,112.2,Centenary Farmers Market
2026-03-19,Trashigang,Chilli (dried),259.5,306.0,Weekend Roadside Market
2026-03-19,Trashigang,Cabbage,23.05,94.0,Centenary Farmers Market
2026-03-19,Trashigang,Spinach,41.62,287.4,Centenary Farmers Market
2026-03-19,Trashigang,Tomato,63.19,427.5,Municipal Vegetable Market
2026-03-19,Chukha,Spinach,32.91,189.9,Weekend Roadside Market
2026-03-19,Chukha,Cauliflower,42.26,464.2,Municipal Vegetable Market
2026-03-19,Chukha,Chilli (fresh),128.86,223.6,Municipal Vegetable Market
2026-03-19,Chukha,Radish,23.28,256.6,Weekend Roadside Market
2026-03-19,Chukha,Potato,42.68,99.7,Centenary Farmers Market
2026-03-19,Chukha,Broccoli,64.42,145.1,Centenary Farmers Market
2026-03-19,Wangdue Phodrang,Tomato,66.37,428.2,Weekend Roadside Market
2026-03-19,Wangdue Phodrang,Chilli (fresh),59.34,187.0,Municipal Vegetable Market
2026-03-19,Wangdue Phodrang,Spinach,21.61,390.7,Weekend Roadside Market
2026-03-19,Wangdue Phodrang,Potato,24.41,186.7,Weekend Roadside Market
2026-03-19,Wangdue Phodrang,Broccoli,75.46,357.8,Municipal Vegetable Market
2026-03-19,Wangdue Phodrang,Radish,18.28,379.2,Municipal Vegetable Market
2026-03-19,Wangdue Phodrang,Cauliflower,40.51,324.2,Municipal Vegetable Market
2026-03-19,Trongsa,Spinach,25.55,402.7,Municipal Vegetable Market
2026-03-19,Trongsa,Tomato,84.44,49.6,Weekend Roadside Market
2026-03-19,Trongsa,Chilli (dried),339.32,251.0,Centenary Farmers Market
2026-03-19,Trongsa,Broccoli,49.72,280.8,Municipal Vegetable Market
2026-03-19,Trongsa,Onion,61.82,72.0,Weekend Roadside Market
2026-03-19,Trongsa,Cauliflower,52.69,54.1,Weekend Roadside Market
2026-03-19,Trongsa,Cabbage,18.34,451.9,Centenary Farmers Market
2026-03-19,Trongsa,Radish,25.12,436.9,Weekend Roadside Market
2026-03-19,Trongsa,Potato,36.04,237.2,Municipal Vegetable Market
2026-03-19,Trongsa,Chilli (fresh),69.53,348.3,Centenary Farmers Market
2026-03-19,Sarpang,Cabbage,20.31,477.4,Municipal Vegetable Market
2026-03-19,Sarpang,Spinach,41.38,271.7,Weekend Roadside Market
2026-03-19,Sarpang,Chilli (dried),173.09,36.3,Centenary Farmers Market
2026-03-19,Sarpang,Onion,40.0,420.1,Weekend Roadside Market
2026-03-19,Sarpang,Tomato,43.8,325.7,Municipal Vegetable Market
2026-03-19,Sarpang,Radish,22.86,218.6,Centenary Farmers Market
2026-03-19,Sarpang,Potato,38.88,232.4,Municipal Vegetable Market
2026-03-19,Sarpang,Cauliflower,29.17,197.8,Weekend Roadside Market
2026-03-19,Sarpang,Chilli (fresh),56.02,65.0,Weekend Roadside Market
2026-03-19,Sarpang,Broccoli,-46.64,418.1,Centenary Farmers Market
2026-03-19,Mongar,Cabbage,23.82,462.9,Centenary Farmers Market
2026-03-19,Mongar,Chilli (dried),288.37,,Weekend Roadside Market
2026-03-19,Mongar,Cauliflower,45.42,452.5,Centenary Farmers Market
2026-03-19,Mongar,Tomato,45.27,405.6,Municipal Vegetable Market
2026-03-19,Mongar,Broccoli,45.13,202.9,Centenary Farmers Market
2026-03-19,Mongar,Spinach,31.56,227.7,Centenary Farmers Market
2026-03-19,Mongar,Potato,37.98,176.8,Municipal Vegetable Market
2026-03-19,Mongar,Onion,36.85,152.2,Weekend Roadside Market
2026-03-19,Mongar,Chilli (fresh),123.0,459.6,Municipal Vegetable Market
2026-03-19,Tsirang,Broccoli,87.53,86.4,Centenary Farmers Market
2026-03-19,Tsirang,Onion,62.1,158.0,Municipal Vegetable Market
2026-03-19,Tsirang,Potato,24.57,28.0,Centenary Farmers Market
2026-03-19,Tsirang,Cabbage,13.42,271.5,Municipal Vegetable Market
2026-03-19,Tsirang,Chilli (dried),220.4,100.3,Weekend Roadside Market
2026-03-19,Tsirang,Cauliflower,31.14,462.2,Municipal Vegetable Market
2026-03-19,Lhuentse,Cauliflower,27.76,400.2,Weekend Roadside Market
2026-03-19,Lhuentse,Broccoli,60.45,490.8,Centenary Farmers Market
2026-03-19,Lhuentse,Spinach,33.31,305.8,Municipal Vegetable Market
2026-03-19,Lhuentse,Radish,27.85,456.5,Municipal Vegetable Market
2026-03-19,Lhuentse,Chilli (fresh),128.84,236.1,Municipal Vegetable Market
2026-03-19,Lhuentse,Cabbage,24.7,103.8,Municipal Vegetable Market
2026-03-19,Lhuentse,Onion,44.78,201.3,Municipal Vegetable Market
2026-03-19,Samtse,Spinach,28.7,330.9,Centenary Farmers Market
2026-03-19,Samtse,Tomato,77.76,132.2,Municipal Vegetable Market
2026-03-19,Samtse,Radish,21.07,116.6,Weekend Roadside Market
2026-03-19,Samtse,Chilli (fresh),86.85,179.8,Centenary Farmers Market
2026-03-19,Samtse,Onion,39.91,385.5,Weekend Roadside Market
2026-03-19,Zhemgang,Spinach,27.37,244.0,Municipal Vegetable Market
2026-03-19,Zhemgang,Onion,59.83,23.9,Municipal Vegetable Market
2026-03-19,Zhemgang,Tomato,76.83,325.6,Centenary Farmers Market
2026-03-19,Zhemgang,Broccoli,44.84,191.9,Municipal Vegetable Market
2026-03-19,Zhemgang,Radish,19.56,117.0,Weekend Roadside Market
2026-03-19,Zhemgang,Cabbage,31.02,310.6,Centenary Farmers Market
2026-03-19,Zhemgang,Potato,39.3,418.1,Centenary Farmers Market
2026-03-19,Zhemgang,Chilli (fresh),66.85,240.5,Centenary Farmers Market
2026-03-19,Zhemgang,Chilli (dried),220.67,234.3,Municipal Vegetable Market
2026-03-19,Zhemgang,Cauliflower,44.17,114.9,Centenary Farmers Market
2026-03-19,Thimphu,Cabbage,25.88,129.8,Weekend Roadside Market
2026-03-19,Thimphu,Broccoli,79.02,147.7,Centenary Farmers Market
2026-03-19,Thimphu,Tomato,51.3,341.7,Municipal Vegetable Market
2026-03-19,Thimphu,Radish,18.82,420.2,Weekend Roadside Market
2026-03-19,Thimphu,Potato,33.1,351.5,Weekend Roadside Market
2026-03-19,Punakha,Onion,50.11,399.4,Municipal Vegetable Market
2026-03-19,Punakha,Radish,27.2,415.3,Weekend Roadside Market
2026-03-19,Punakha,Tomato,74.78,280.7,Centenary Farmers Market
2026-03-19,Punakha,Broccoli,60.69,,Centenary Farmers Market
2026-03-19,Paro,Broccoli,61.05,421.4,Centenary Farmers Market
2026-03-19,Paro,Cauliflower,46.79,488.7,Municipal Vegetable Market
2026-03-19,Paro,Cabbage,25.62,464.7,Weekend Roadside Market
2026-03-19,Paro,Potato,44.88,374.4,Centenary Farmers Market
2026-03-19,Paro,Chilli (fresh),107.84,118.9,Municipal Vegetable Market
2026-03-19,Paro,Onion,47.89,274.8,Municipal Vegetable Market
2026-03-19,Paro,Chilli (dried),250.78,233.6,Centenary Farmers Market
2026-03-19,Paro,Spinach,22.23,161.1,Weekend Roadside Market
2026-03-19,Bumthang,Broccoli,53.99,130.9,Weekend Roadside Market
2026-03-19,Bumthang,Tomato,75.69,60.2,Centenary Farmers Market
2026-03-19,Bumthang,Radish,28.86,103.6,Municipal Vegetable Market
2026-03-19,Bumthang,Cabbage,19.96,343.2,Centenary Farmers Market
2026-03-19,Bumthang,Spinach,20.6,87.8,Weekend Roadside Market
2026-03-19,Bumthang,Chilli (fresh),91.97,340.0,Municipal Vegetable Market
2026-03-19,Bumthang,Onion,64.92,42.6,Weekend Roadside Market
2026-03-19,Haa,Cauliflower,51.53,371.8,Municipal Vegetable Market
2026-03-19,Haa,Broccoli,63.06,57.8,Municipal Vegetable Market
2026-03-19,Haa,Cabbage,25.04,203.1,Weekend Roadside Market
2026-03-19,Haa,Onion,48.47,80.1,Weekend Roadside Market
2026-03-20,Zhemgang,Cabbage,19.09,449.6,Municipal Vegetable Market
2026-03-20,Zhemgang,Radish,23.95,341.7,Weekend Roadside Market
2026-03-20,Zhemgang,Onion,61.59,21.9,Weekend Roadside Market
2026-03-20,Zhemgang,Cauliflower,56.08,254.6,Municipal Vegetable Market
2026-03-20,Zhemgang,Broccoli,83.67,399.9,Centenary Farmers Market
2026-03-20,Zhemgang,Spinach,43.45,126.4,Centenary Farmers Market
2026-03-20,Zhemgang,Potato,39.26,262.7,Municipal Vegetable Market
2026-03-20,Zhemgang,Tomato,50.79,181.5,Municipal Vegetable Market
2026-03-20,Zhemgang,Chilli (dried),318.14,343.4,Centenary Farmers Market
2026-03-20,Wangdue Phodrang,Potato,35.25,120.4,Municipal Vegetable Market
2026-03-20,Wangdue Phodrang,Cauliflower,35.3,50.8,Weekend Roadside Market
2026-03-20,Wangdue Phodrang,Radish,17.2,156.1,Centenary Farmers Market
2026-03-20,Wangdue Phodrang,Chilli (dried),201.73,285.0,Weekend Roadside Market
2026-03-20,Mongar,Chilli (fresh),100.09,262.9,Weekend Roadside Market
2026-03-20,Mongar,Radish,27.68,440.1,Centenary Farmers Market
2026-03-20,Mongar,Cabbage,19.95,,Municipal Vegetable Market
2026-03-20,Mongar,Tomato,86.26,231.0,Municipal Vegetable Market
2026-03-20,Mongar,Spinach,30.59,81.8,Weekend Roadside Market
2026-03-20,Mongar,Cauliflower,59.28,438.7,Municipal Vegetable Market
2026-03-20,Mongar,Onion,41.97,426.0,Municipal Vegetable Market
2026-03-20,Samtse,Chilli (dried),210.68,256.1,Weekend Roadside Market
2026-03-20,Samtse,Spinach,22.75,441.2,Weekend Roadside Market
2026-03-20,Samtse,Cauliflower,29.99,65.9,Municipal Vegetable Market
2026-03-20,Samtse,Radish,24.38,493.7,Centenary Farmers Market
2026-03-20,Samtse,Cabbage,16.66,25.9,Municipal Vegetable Market
2026-03-20,Samtse,Broccoli,81.97,234.0,Weekend Roadside Market
2026-03-20,Trashigang,Tomato,36.25,178.4,Municipal Vegetable Market
2026-03-20,Trashigang,Radish,16.06,393.9,Centenary Farmers Market
2026-03-20,Trashigang,Chilli (dried),234.53,199.2,Weekend Roadside Market
2026-03-20,Trashigang,Potato,42.1,351.1,Centenary Farmers Market
2026-03-20,Trashigang,Broccoli,70.21,167.8,Centenary Farmers Market
2026-03-20,Trashigang,Chilli (fresh),142.93,392.9,Centenary Farmers Market
2026-03-20,Trashigang,Cabbage,20.28,450.7,Weekend Roadside Market
2026-03-20,Trashigang,Spinach,34.3,196.0,Centenary Farmers Market
2026-03-20,Trashigang,Cauliflower,56.7,436.2,Weekend Roadside Market
2026-03-20,Punakha,Spinach,45.73,385.7,Weekend Roadside Market
2026-03-20,Punakha,Broccoli,60.43,152.2,Weekend Roadside Market
2026-03-20,Punakha,Tomato,48.27,74.4,Municipal Vegetable Market
2026-03-20,Punakha,Chilli (dried),272.19,58.3,Centenary Farmers Market
2026-03-20,Punakha,Potato,34.32,474.2,Municipal Vegetable Market
2026-03-20,Punakha,Onion,69.64,272.5,Weekend Roadside Market
2026-03-20,Punakha,Cauliflower,51.01,371.6,Municipal Vegetable Market
2026-03-20,Punakha,Radish,19.36,239.9,Weekend Roadside Market
2026-03-20,Punakha,Cabbage,27.31,302.7,Centenary Farmers Market
2026-03-20,Bumthang,Cabbage,28.48,431.2,Weekend Roadside Market
2026-03-20,Bumthang,Potato,26.54,129.9,Municipal Vegetable Market
2026-03-20,Bumthang,Chilli (fresh),155.53,459.6,Municipal Vegetable Market
2026-03-20,Bumthang,Broccoli,85.48,199.5,Centenary Farmers Market
2026-03-20,Bumthang,Spinach,38.3,199.3,Municipal Vegetable Market
2026-03-20,Bumthang,Tomato,73.56,53.9,Centenary Farmers Market
2026-03-20,Haa,Broccoli,64.68,88.9,Weekend Roadside Market
2026-03-20,Haa,Chilli (dried),354.29,114.2,Municipal Vegetable Market
2026-03-20,Haa,Spinach,24.8,428.4,Municipal Vegetable Market
2026-03-20,Haa,Potato,39.61,166.0,Weekend Roadside Market
2026-03-20,Haa,Radish,20.53,105.6,Centenary Farmers Market
2026-03-20,Haa,Onion,35.68,393.8,Centenary Farmers Market
2026-03-20,Haa,Cabbage,19.41,108.0,Centenary Farmers Market
2026-03-20,Haa,Tomato,50.65,91.6,Centenary Farmers Market
2026-03-20,Haa,Chilli (fresh),113.08,438.1,Municipal Vegetable Market
2026-03-21,Trongsa,Onion,42.89,467.9,Weekend Roadside Market
2026-03-21,Trongsa,Cabbage,16.59,435.8,Municipal Vegetable Market
2026-03-21,Trongsa,Spinach,31.81,323.9,Centenary Farmers Market
2026-03-21,Trongsa,Cauliflower,38.11,494.8,Municipal Vegetable Market
2026-03-21,Trashigang,Radish,18.13,242.3,Centenary Farmers Market
2026-03-21,Trashigang,Cauliflower,58.23,310.4,Centenary Farmers Market
2026-03-21,Trashigang,Chilli (dried),-293.88,254.9,Centenary Farmers Market
2026-03-21,Trashigang,Broccoli,86.03,373.5,Municipal Vegetable Market
2026-03-21,Trashigang,Cabbage,17.59,355.7,Centenary Farmers Market
2026-03-21,Trashigang,Chilli (fresh),117.49,395.9,Municipal Vegetable Market
2026-03-21,Trashigang,Spinach,28.49,336.2,Weekend Roadside Market
2026-03-21,Trashigang,Tomato,54.07,253.6,Municipal Vegetable Market
2026-03-21,Trashigang,Onion,47.41,100.1,Weekend Roadside Market
2026-03-21,Trashigang,Potato,34.63,196.2,Weekend Roadside Market
2026-03-21,Bumthang,Onion,53.28,477.6,Municipal Vegetable Market
2026-03-21,Bumthang,Spinach,20.95,489.7,Municipal Vegetable Market
2026-03-21,Bumthang,Cauliflower,44.96,,Municipal Vegetable Market
2026-03-21,Bumthang,Chilli (dried),294.86,374.8,Weekend Roadside Market
2026-03-21,Bumthang,Cabbage,19.63,222.5,Centenary Farmers Market
2026-03-21,Bumthang,Potato,28.66,93.1,Weekend Roadside Market
2026-03-21,Zhemgang,Potato,39.19,273.5,Municipal Vegetable Market
2026-03-21,Zhemgang,Chilli (dried),220.1,206.8,Municipal Vegetable Market
2026-03-21,Zhemgang,Tomato,71.9,401.8,Centenary Farmers Market
2026-03-21,Zhemgang,Radish,20.36,265.9,Weekend Roadside Market
2026-03-21,Chukha,Chilli (dried),223.38,187.3,Weekend Roadside Market
2026-03-21,Chukha,Onion,66.85,361.2,Weekend Roadside Market
2026-03-21,Chukha,Cabbage,24.9,74.7,Weekend Roadside Market
2026-03-21,Chukha,Chilli (fresh),137.78,34.6,Centenary Farmers Market
2026-03-21,Chukha,Spinach,46.31,367.9,Centenary Farmers Market
2026-03-21,Chukha,Tomato,45.61,228.3,Weekend Roadside Market
2026-03-21,Chukha,Cauliflower,50.01,407.1,Weekend Roadside Market
2026-03-21,Chukha,Broccoli,55.81,56.1,Centenary Farmers Market
2026-03-21,Punakha,Tomato,68.26,340.9,Centenary Farmers Market
2026-03-21,Punakha,Cauliflower,47.3,154.2,Weekend Roadside Market
2026-03-21,Punakha,Chilli (fresh),69.45,394.4,Centenary Farmers Market
2026-03-21,Punakha,Cabbage,14.47,164.5,Municipal Vegetable Market
2026-03-21,Punakha,Potato,29.41,117.9,Weekend Roadside Market
2026-03-21,Punakha,Chilli (dried),274.39,36.6,Municipal Vegetable Market
2026-03-21,Punakha,Radish,26.03,361.8,Municipal Vegetable Market
2026-03-21,Lhuentse,Broccoli,87.69,440.7,Municipal Vegetable Market
2026-03-21,Lhuentse,Radish,15.86,261.5,Municipal Vegetable Market
2026-03-21,Lhuentse,Cauliflower,37.85,157.8,Municipal Vegetable Market
2026-03-21,Lhuentse,Chilli (fresh),92.61,49.5,Municipal Vegetable Market
2026-03-21,Lhuentse,Onion,48.05,87.9,Municipal Vegetable Market
2026-03-21,Lhuentse,Tomato,45.48,468.5,Centenary Farmers Market
2026-03-21,Lhuentse,Cabbage,18.44,376.2,Municipal Vegetable Market
2026-03-21,Lhuentse,Chilli (dried),286.65,352.6,Weekend Roadside Market
2026-03-21,Paro,Cabbage,26.05,76.2,Municipal Vegetable Market
2026-03-21,Paro,Tomato,75.46,184.2,Centenary Farmers Market
2026-03-21,Paro,Onion,70.85,476.4,Municipal Vegetable Market
2026-03-21,Paro,Broccoli,55.14,337.6,Centenary Farmers Market
2026-03-21,Paro,Radish,18.7,107.1,Centenary Farmers Market
2026-03-21,Paro,Chilli (fresh),91.51,111.0,Weekend Roadside Market
2026-03-21,Thimphu,Broccoli,59.12,301.9,Centenary Farmers Market
2026-03-21,Thimphu,Chilli (fresh),124.66,360.0,Centenary Farmers Market
2026-03-21,Thimphu,Radish,27.95,50.6,Centenary Farmers Market
2026-03-21,Thimphu,Potato,42.97,50.6,Centenary Farmers Market
2026-03-21,Thimphu,Cabbage,26.41,89.7,Municipal Vegetable Market
2026-03-21,Thimphu,Tomato,81.27,383.7,Weekend Roadside Market
2026-03-21,Thimphu,Cauliflower,40.16,109.8,Municipal Vegetable Market
2026-03-21,Samtse,Onion,73.05,294.1,Centenary Farmers Market
2026-03-21,Samtse,Cauliflower,49.79,273.6,Municipal Vegetable Market
2026-03-21,Samtse,Potato,33.5,481.4,Weekend Roadside Market
2026-03-21,Samtse,Tomato,67.14,240.3,Weekend Roadside Market
2026-03-21,Wangdue Phodrang,Onion,48.12,211.6,Centenary Farmers Market
2026-03-21,Wangdue Phodrang,Tomato,36.15,498.4,Weekend Roadside Market
2026-03-21,Wangdue Phodrang,Spinach,40.04,432.3,Centenary Farmers Market
2026-03-21,Wangdue Phodrang,Chilli (dried),316.83,45.3,Municipal Vegetable Market
2026-03-21,Sarpang,Onion,40.76,193.2,Municipal Vegetable Market
2026-03-21,Sarpang,Potato,39.14,406.1,Weekend Roadside Market
2026-03-21,Sarpang,Broccoli,68.81,128.4,Centenary Farmers Market
2026-03-21,Sarpang,Tomato,50.53,59.7,Weekend Roadside Market
2026-03-21,Mongar,Broccoli,70.93,150.6,Centenary Farmers Market
2026-03-21,Mongar,Cabbage,19.63,100.8,Centenary Farmers Market
2026-03-21,Mongar,Potato,32.89,343.4,Centenary Farmers Market
2026-03-21,Mongar,Radish,-24.06,475.2,Centenary Farmers Market
2026-03-21,Tsirang,Tomato,69.83,401.8,Centenary Farmers Market
2026-03-21,Tsirang,Onion,66.76,146.8,Centenary Farmers Market
2026-03-21,Tsirang,Chilli (dried),310.66,218.7,Weekend Roadside Market
2026-03-21,Tsirang,Cabbage,20.03,363.5,Weekend Roadside Market
2026-03-21,Haa,Chilli (fresh),78.68,350.4,Municipal Vegetable Market
2026-03-21,Haa,Radish,27.12,484.0,Weekend Roadside Market
2026-03-21,Haa,Cabbage,15.51,274.6,Weekend Roadside Market
2026-03-21,Haa,Chilli (dried),341.15,423.2,Municipal Vegetable Market
2026-03-21,Haa,Broccoli,67.91,73.1,Centenary Farmers Market
2026-03-21,Haa,Cauliflower,45.12,457.1,Municipal Vegetable Market
2026-03-21,Haa,Potato,42.71,132.8,Weekend Roadside Market
2026-03-21,Haa,Onion,53.79,310.2,Municipal Vegetable Market
2026-03-21,Haa,Spinach,30.3,402.8,Centenary Farmers Market
2026-03-21,Haa,Tomato,43.35,486.8,Weekend Roadside Market
2026-03-22,Paro,Chilli (fresh),103.41,474.2,Centenary Farmers Market
2026-03-22,Paro,Broccoli,56.14,418.6,Centenary Farmers Market
2026-03-22,Paro,Cabbage,26.54,72.9,Municipal Vegetable Market
2026-03-22,Paro,Onion,63.21,186.2,Weekend Roadside Market
2026-03-22,Paro,Chilli (dried),289.5,114.6,Centenary Farmers Market
2026-03-22,Paro,Potato,36.35,273.3,Municipal Vegetable Market
2026-03-22,Paro,Spinach,31.57,321.7,Centenary Farmers Market
2026-03-22,Paro,Tomato,63.01,427.3,Municipal Vegetable Market
2026-03-22,Paro,Cauliflower,35.93,61.4,Centenary Farmers Market
2026-03-22,Paro,Radish,25.65,80.5,Centenary Farmers Market
2026-03-22,Chukha,Tomato,97.05,61.8,Municipal Vegetable Market
2026-03-22,Chukha,Radish,20.52,166.1,Municipal Vegetable Market
2026-03-22,Chukha,Broccoli,53.31,66.3,Municipal Vegetable Market
2026-03-22,Chukha,Potato,37.07,473.6,Centenary Farmers Market
2026-03-22,Chukha,Cauliflower,48.82,149.7,Weekend Roadside Market
2026-03-22,Samtse,Radish,22.34,69.0,Municipal Vegetable Market
2026-03-22,Samtse,Cabbage,16.89,351.5,Municipal Vegetable Market
2026-03-22,Samtse,Potato,40.68,37.4,Municipal Vegetable Market
2026-03-22,Samtse,Tomato,81.9,276.8,Centenary Farmers Market
2026-03-22,Samtse,Spinach,38.39,87.2,Municipal Vegetable Market
2026-03-22,Samtse,Chilli (fresh),63.61,35.1,Centenary Farmers Market
2026-03-22,Samtse,Onion,40.44,,Centenary Farmers Market
2026-03-22,Punakha,Cabbage,15.4,415.6,Centenary Farmers Market
2026-03-22,Punakha,Potato,26.14,258.2,Municipal Vegetable Market
2026-03-22,Punakha,Broccoli,59.97,205.2,Centenary Farmers Market
2026-03-22,Punakha,Cauliflower,38.59,87.6,Municipal Vegetable Market
2026-03-22,Punakha,Tomato,58.38,401.0,Municipal Vegetable Market
2026-03-22,Punakha,Chilli (fresh),141.66,424.9,Centenary Farmers Market
2026-03-22,Punakha,Spinach,32.56,222.0,Weekend Roadside Market
2026-03-22,Punakha,Radish,23.68,95.0,Municipal Vegetable Market
2026-03-22,Punakha,Chilli (dried),250.66,460.1,Municipal Vegetable Market
2026-03-22,Tsirang,Cabbage,32.2,103.2,Centenary Farmers Market
2026-03-22,Tsirang,Chilli (fresh),95.94,110.9,Municipal Vegetable Market
2026-03-22,Tsirang,Cauliflower,49.03,306.5,Weekend Roadside Market
2026-03-22,Tsirang,Chilli (dried),192.8,327.7,Municipal Vegetable Market
2026-03-22,Tsirang,Radish,22.81,211.1,Municipal Vegetable Market
2026-03-22,Tsirang,Spinach,36.64,342.2,Municipal Vegetable Market
2026-03-22,Tsirang,Potato,36.2,47.9,Centenary Farmers Market
2026-03-22,Tsirang,Tomato,35.71,384.9,Weekend Roadside Market
2026-03-22,Tsirang,Onion,62.43,145.6,Centenary Farmers Market
2026-03-22,Tsirang,Broccoli,71.84,392.2,Municipal Vegetable Market
2026-03-22,Bumthang,Chilli (fresh),83.98,37.2,Centenary Farmers Market
2026-03-22,Bumthang,Cauliflower,45.79,188.9,Municipal Vegetable Market
2026-03-22,Bumthang,Broccoli,68.28,471.4,Municipal Vegetable Market
2026-03-22,Bumthang,Tomato,85.11,92.8,Weekend Roadside Market
2026-03-22,Bumthang,Onion,61.77,70.6,Weekend Roadside Market
2026-03-22,Bumthang,Cabbage,15.58,106.2,Centenary Farmers Market
2026-03-22,Bumthang,Chilli (dried),208.63,432.9,Municipal Vegetable Market
2026-03-22,Bumthang,Potato,40.56,67.4,Centenary Farmers Market
2026-03-22,Wangdue Phodrang,Cauliflower,44.43,71.1,Weekend Roadside Market
2026-03-22,Wangdue Phodrang,Chilli (dried),238.06,231.5,Weekend Roadside Market
2026-03-22,Wangdue Phodrang,Cabbage,14.36,189.4,Weekend Roadside Market
2026-03-22,Wangdue Phodrang,Radish,19.54,359.0,Municipal Vegetable Market
2026-03-22,Wangdue Phodrang,Broccoli,59.86,112.3,Municipal Vegetable Market
2026-03-22,Mongar,Onion,48.43,357.5,Centenary Farmers Market
2026-03-22,Mongar,Spinach,50.0,370.2,Municipal Vegetable Market
2026-03-22,Mongar,Cabbage,31.4,178.3,Municipal Vegetable Market
2026-03-22,Mongar,Tomato,74.64,276.4,Weekend Roadside Market
2026-03-22,Lhuentse,Spinach,49.85,293.4,Weekend Roadside Market
2026-03-22,Lhuentse,Radish,32.16,79.2,Weekend Roadside Market
2026-03-22,Lhuentse,Cauliflower,47.02,76.5,Centenary Farmers Market
2026-03-22,Lhuentse,Chilli (fresh),54.18,63.7,Municipal Vegetable Market
2026-03-22,Haa,Cauliflower,36.72,304.7,Municipal Vegetable Market
2026-03-22,Haa,Chilli (fresh),132.3,410.5,Weekend Roadside Market
2026-03-22,Haa,Spinach,37.18,342.2,Municipal Vegetable Market
2026-03-22,Haa,Cabbage,23.62,241.6,Weekend Roadside Market
2026-03-22,Haa,Chilli (dried),200.83,28.7,Municipal Vegetable Market
2026-03-22,Haa,Broccoli,46.1,337.4,Centenary Farmers Market
2026-03-22,Haa,Tomato,86.81,297.5,Municipal Vegetable Market
2026-03-22,Haa,Potato,49.71,163.7,Municipal Vegetable Market
2026-03-22,Haa,Radish,17.67,376.1,Centenary Farmers Market
2026-03-22,Haa,Onion,51.79,328.5,Centenary Farmers Market
2026-03-22,Zhemgang,Tomato,-47.65,377.7,Municipal Vegetable Market
2026-03-22,Zhemgang,Potato,22.09,136.2,Municipal Vegetable Market
2026-03-22,Zhemgang,Cabbage,23.31,125.2,Municipal Vegetable Market
2026-03-22,Zhemgang,Chilli (dried),234.26,173.7,Municipal Vegetable Market
2026-03-22,Thimphu,Tomato,62.81,80.7,Centenary Farmers Market
2026-03-22,Thimphu,Onion,52.48,342.9,Weekend Roadside Market
2026-03-22,Thimphu,Chilli (fresh),96.19,380.7,Centenary Farmers Market
2026-03-22,Thimphu,Broccoli,58.81,292.8,Weekend Roadside Market
2026-03-22,Thimphu,Radish,27.22,207.1,Municipal Vegetable Market
2026-03-22,Trashigang,Spinach,28.54,436.1,Centenary Farmers Market
2026-03-22,Trashigang,Potato,25.24,122.3,Centenary Farmers Market
2026-03-22,Trashigang,Chilli (dried),281.46,307.3,Centenary Farmers Market
2026-03-22,Trashigang,Radish,19.49,462.1,Weekend Roadside Market
2026-03-22,Trashigang,  TOMATO  ,35.44,348.6,Municipal Vegetable Market
2026-03-22,Trashigang,Chilli (fresh),121.39,476.5,Weekend Roadside Market
2026-03-22,Trashigang,Cauliflower,42.06,111.6,Centenary Farmers Market
2026-03-22,Trashigang,Broccoli,56.54,159.5,Weekend Roadside Market
2026-03-22,Sarpang,Cauliflower,52.57,34.1,Centenary Farmers Market
2026-03-22,Sarpang,Chilli (fresh),97.46,190.8,Municipal Vegetable Market
2026-03-22,Sarpang,Cabbage,20.66,119.4,Municipal Vegetable Market
2026-03-22,Sarpang,Chilli (dried),216.29,175.9,Centenary Farmers Market
2026-03-22,Sarpang,Broccoli,84.75,418.7,Weekend Roadside Market
2026-03-22,Sarpang,Spinach,37.63,292.7,Weekend Roadside Market
2026-03-22,Sarpang,Potato,31.89,135.2,Weekend Roadside Market
2026-03-23,Thimphu,Tomato,34.72,88.0,Weekend Roadside Market
2026-03-23,Thimphu,Spinach,20.15,27.9,Municipal Vegetable Market
2026-03-23,Thimphu,Chilli (fresh),85.86,468.5,Centenary Farmers Market
2026-03-23,Thimphu,Potato,42.01,474.4,Weekend Roadside Market
2026-03-23,Thimphu,Radish,21.34,388.5,Weekend Roadside Market
2026-03-23,Thimphu,  CHILLI (DRIED)  ,273.46,109.2,Weekend Roadside Market
2026-03-23,Bumthang,Cabbage,19.94,339.8,Municipal Vegetable Market
2026-03-23,Bumthang,Chilli (fresh),120.17,65.1,Weekend Roadside Market
2026-03-23,Bumthang,Radish,18.18,219.6,Centenary Farmers Market
2026-03-23,Bumthang,Broccoli,61.38,211.2,Municipal Vegetable Market
2026-03-23,Bumthang,Cauliflower,45.95,361.1,Centenary Farmers Market
2026-03-23,Bumthang,Spinach,41.33,342.8,Municipal Vegetable Market
2026-03-23,Bumthang,Onion,70.37,236.9,Weekend Roadside Market
2026-03-23,Bumthang,Potato,41.72,27.2,Centenary Farmers Market
2026-03-23,Bumthang,Tomato,85.79,373.6,Weekend Roadside Market
2026-03-23,Bumthang,Chilli (dried),185.15,31.8,Weekend Roadside Market
2026-03-23,Samtse,Onion,38.36,118.2,Municipal Vegetable Market
2026-03-23,Samtse,Broccoli,70.15,52.5,Weekend Roadside Market
2026-03-23,Samtse,Cabbage,24.28,375.9,Centenary Farmers Market
2026-03-23,Samtse,Radish,23.76,207.2,Municipal Vegetable Market
2026-03-23,Samtse,Cauliflower,30.7,160.7,Centenary Farmers Market
2026-03-23,Samtse,Spinach,40.06,69.9,Municipal Vegetable Market
2026-03-23,Samtse,Tomato,54.81,451.2,Centenary Farmers Market
2026-03-23,Samtse,Potato,43.99,287.4,Municipal Vegetable Market
2026-03-23,Samtse,Chilli (fresh),98.62,44.2,Weekend Roadside Market
2026-03-23,Samtse,Chilli (dried),168.28,462.6,Centenary Farmers Market
2026-03-23,Chukha,Radish,22.78,182.1,Centenary Farmers Market
2026-03-23,Chukha,Cabbage,25.45,155.5,Centenary Farmers Market
2026-03-23,Chukha,Broccoli,70.74,288.1,Weekend Roadside Market
2026-03-23,Chukha,Onion,72.41,385.8,Centenary Farmers Market
2026-03-23,Chukha,Cauliflower,54.62,481.6,Centenary Farmers Market
2026-03-23,Chukha,Chilli (fresh),138.87,75.0,Weekend Roadside Market
2026-03-23,Chukha,Tomato,40.59,489.9,Weekend Roadside Market
2026-03-23,Chukha,Potato,25.57,465.1,Centenary Farmers Market
2026-03-23,Lhuentse,Onion,56.47,60.2,Municipal Vegetable Market
2026-03-23,Lhuentse,Chilli (dried),284.09,397.9,Municipal Vegetable Market
2026-03-23,Lhuentse,Broccoli,68.12,111.2,Weekend Roadside Market
2026-03-23,Lhuentse,Cauliflower,59.47,419.4,Weekend Roadside Market
2026-03-23,Mongar,Onion,41.94,111.8,Weekend Roadside Market
2026-03-23,Mongar,Cabbage,-23.14,98.2,Weekend Roadside Market
2026-03-23,Mongar,Radish,24.3,352.8,Municipal Vegetable Market
2026-03-23,Mongar,Tomato,77.42,88.6,Centenary Farmers Market
2026-03-23,Mongar,Chilli (dried),310.47,151.8,Municipal Vegetable Market
2026-03-23,Mongar,Cauliflower,28.54,315.5,Weekend Roadside Market
2026-03-23,Mongar,Potato,38.12,62.6,Weekend Roadside Market
2026-03-23,Mongar,Chilli (fresh),66.86,321.0,Centenary Farmers Market
2026-03-23,Mongar,Broccoli,56.91,354.7,Weekend Roadside Market
2026-03-23,Mongar,Spinach,38.34,132.4,Municipal Vegetable Market
2026-03-23,Zhemgang,Broccoli,64.4,380.3,Centenary Farmers Market
2026-03-23,Zhemgang,Tomato,-77.05,138.4,Municipal Vegetable Market
2026-03-23,Zhemgang,Chilli (dried),168.63,322.2,Centenary Farmers Market
2026-03-23,Zhemgang,Cauliflower,27.34,357.4,Centenary Farmers Market
2026-03-23,Zhemgang,Spinach,26.0,402.2,Weekend Roadside Market
2026-03-23,Zhemgang,Radish,15.86,254.6,Weekend Roadside Market
2026-03-23,Zhemgang,Chilli (fresh),57.9,206.8,Municipal Vegetable Market
2026-03-23,Zhemgang,Potato,37.21,197.5,Centenary Farmers Market
2026-03-23,Paro,Cabbage,24.04,,Weekend Roadside Market
2026-03-23,Paro,Chilli (fresh),86.14,161.4,Centenary Farmers Market
2026-03-23,Paro,Cauliflower,33.24,50.0,Centenary Farmers Market
2026-03-23,Paro,Spinach,31.94,412.5,Centenary Farmers Market
2026-03-23,Paro,Broccoli,61.46,186.0,Municipal Vegetable Market
2026-03-23,Sarpang,Tomato,53.76,431.3,Weekend Roadside Market
2026-03-23,Sarpang,Spinach,29.37,180.9,Centenary Farmers Market
2026-03-23,Sarpang,Potato,37.42,270.7,Weekend Roadside Market
2026-03-23,Sarpang,Cauliflower,50.74,293.4,Municipal Vegetable Market
2026-03-23,Sarpang,Chilli (dried),274.84,366.3,Municipal Vegetable Market
2026-03-23,Sarpang,Chilli (fresh),66.23,426.4,Centenary Farmers Market
2026-03-23,Sarpang,Radish,24.18,277.0,Weekend Roadside Market
2026-03-23,Sarpang,Broccoli,74.69,375.4,Centenary Farmers Market
2026-03-23,Sarpang,Cabbage,26.33,309.4,Weekend Roadside Market
2026-03-23,Sarpang,Onion,57.48,351.2,Centenary Farmers Market
2026-03-23,Trongsa,Chilli (fresh),149.72,185.5,Municipal Vegetable Market
2026-03-23,Trongsa,Potato,32.68,448.0,Centenary Farmers Market
2026-03-23,Trongsa,Radish,16.17,283.2,Centenary Farmers Market
2026-03-23,Trongsa,Chilli (dried),274.3,88.6,Municipal Vegetable Market
2026-03-23,Trongsa,Spinach,25.6,52.6,Weekend Roadside Market
2026-03-23,Trongsa,Onion,46.08,442.8,Weekend Roadside Market
2026-03-23,Trongsa,Cabbage,27.01,58.2,Weekend Roadside Market
2026-03-23,Trongsa,Broccoli,55.68,460.2,Municipal Vegetable Market
2026-03-23,Trashigang,Broccoli,76.21,241.8,Weekend Roadside Market
2026-03-23,Trashigang,Tomato,35.92,177.4,Centenary Farmers Market
2026-03-23,Trashigang,Chilli (dried),250.87,406.2,Municipal Vegetable Market
2026-03-23,Trashigang,Onion,42.13,415.1,Centenary Farmers Market
2026-03-23,Trashigang,Chilli (fresh),148.69,275.8,Municipal Vegetable Market
2026-03-23,Trashigang,Radish,23.09,445.8,Centenary Farmers Market
2026-03-23,Trashigang,Potato,31.52,363.3,Municipal Vegetable Market
2026-03-23,Trashigang,Cabbage,30.15,399.1,Municipal Vegetable Market
2026-03-23,Trashigang,Spinach,36.31,56.1,Municipal Vegetable Market
2026-03-23,Punakha,Cauliflower,49.62,129.1,Centenary Farmers Market
2026-03-23,Punakha,Chilli (fresh),80.27,210.4,Weekend Roadside Market
2026-03-23,Punakha,Onion,39.41,378.7,Centenary Farmers Market
2026-03-23,Punakha,Broccoli,70.34,68.8,Municipal Vegetable Market
2026-03-23,Punakha,Radish,27.27,21.4,Weekend Roadside Market
2026-03-23,Punakha,Cabbage,28.1,333.0,Weekend Roadside Market
2026-03-23,Punakha,Tomato,55.45,243.4,Weekend Roadside Market
2026-03-23,Punakha,Spinach,27.97,213.9,Centenary Farmers Market
2026-03-23,Haa,Broccoli,45.39,459.4,Weekend Roadside Market
2026-03-23,Haa,Potato,44.35,163.0,Centenary Farmers Market
2026-03-23,Haa,Chilli (dried),215.18,473.7,Municipal Vegetable Market
2026-03-23,Haa,Tomato,64.19,454.5,Centenary Farmers Market
2026-03-23,Tsirang,Chilli (dried),216.29,128.9,Municipal Vegetable Market
2026-03-23,Tsirang,Radish,26.9,22.3,Centenary Farmers Market
2026-03-23,Tsirang,Chilli (fresh),119.41,87.6,Weekend Roadside Market
2026-03-23,Tsirang,Tomato,57.7,463.5,Municipal Vegetable Market
2026-03-23,Tsirang,Onion,40.35,386.0,Weekend Roadside Market
2026-03-23,Tsirang,Potato,42.34,369.5,Municipal Vegetable Market
2026-03-23,Tsirang,Broccoli,61.39,274.2,Weekend Roadside Market
2026-03-23,Tsirang,Cauliflower,34.16,353.9,Centenary Farmers Market
2026-03-23,Wangdue Phodrang,Radish,17.5,488.2,Centenary Farmers Market
2026-03-23,Wangdue Phodrang,Chilli (dried),234.45,497.1,Centenary Farmers Market
2026-03-23,Wangdue Phodrang,Onion,51.29,471.6,Centenary Farmers Market
2026-03-23,Wangdue Phodrang,Potato,37.96,52.3,Weekend Roadside Market
2026-03-23,Wangdue Phodrang,Chilli (fresh),125.53,439.4,Municipal Vegetable Market
2026-03-23,Wangdue Phodrang,Broccoli,65.65,203.4,Weekend Roadside Market
2026-03-23,Wangdue Phodrang,Cabbage,27.79,357.4,Weekend Roadside Market
2026-03-24,Samtse,Onion,54.47,315.6,Weekend Roadside Market
2026-03-24,Samtse,Cabbage,26.89,264.3,Municipal Vegetable Market
2026-03-24,Samtse,Broccoli,85.78,396.0,Centenary Farmers Market
2026-03-24,Samtse,Radish,23.13,242.3,Centenary Farmers Market
2026-03-24,Samtse,Potato,34.94,206.1,Centenary Farmers Market
2026-03-24,Samtse,Cauliflower,54.19,350.4,Weekend Roadside Market
2026-03-24,Samtse,Spinach,50.35,113.9,Municipal Vegetable Market
2026-03-24,Samtse,Tomato,78.41,403.1,Municipal Vegetable Market
2026-03-24,Samtse,Chilli (fresh),86.83,59.5,Municipal Vegetable Market
2026-03-24,Samtse,Chilli (dried),293.2,487.4,Municipal Vegetable Market
2026-03-24,Punakha,Chilli (fresh),113.75,81.1,Weekend Roadside Market
2026-03-24,Punakha,Tomato,68.14,298.5,Weekend Roadside Market
2026-03-24,Punakha,Broccoli,71.41,271.7,Municipal Vegetable Market
2026-03-24,Punakha,Cabbage,19.53,237.5,Municipal Vegetable Market
2026-03-24,Punakha,Radish,23.71,111.0,Centenary Farmers Market
2026-03-24,Punakha,Cauliflower,55.9,186.9,Weekend Roadside Market
2026-03-24,Punakha,Onion,58.02,33.5,Municipal Vegetable Market
2026-03-24,Trashigang,Chilli (dried),190.56,384.4,Municipal Vegetable Market
2026-03-24,Trashigang,Cauliflower,54.7,402.4,Weekend Roadside Market
2026-03-24,Trashigang,Tomato,47.86,292.2,Centenary Farmers Market
2026-03-24,Trashigang,Chilli (fresh),64.28,380.9,Municipal Vegetable Market
2026-03-24,Trashigang,Onion,48.25,204.0,Municipal Vegetable Market
2026-03-24,Trashigang,Broccoli,-57.46,498.2,Municipal Vegetable Market
2026-03-24,Trashigang,Radish,20.73,57.1,Centenary Farmers Market
2026-03-24,Paro,Cauliflower,48.63,442.7,Municipal Vegetable Market
2026-03-24,Paro,Potato,44.38,494.8,Centenary Farmers Market
2026-03-24,Paro,Spinach,43.95,136.5,Weekend Roadside Market
2026-03-24,Paro,Cabbage,26.58,278.3,Centenary Farmers Market
2026-03-24,Paro,Chilli (dried),259.2,221.4,Centenary Farmers Market
2026-03-24,Paro,Chilli (fresh),127.45,91.6,Municipal Vegetable Market
2026-03-24,Paro,Onion,55.89,118.9,Municipal Vegetable Market
2026-03-24,Paro,Radish,23.8,30.0,Municipal Vegetable Market
2026-03-24,Paro,Tomato,72.71,486.8,Weekend Roadside Market
2026-03-24,Lhuentse,Onion,60.01,130.7,Centenary Farmers Market
2026-03-24,Lhuentse,Tomato,86.94,121.2,Weekend Roadside Market
2026-03-24,Lhuentse,Spinach,28.23,405.1,Centenary Farmers Market
2026-03-24,Lhuentse,Chilli (dried),221.03,360.2,Centenary Farmers Market
2026-03-24,Lhuentse,Broccoli,64.07,361.8,Centenary Farmers Market
2026-03-24,Lhuentse,Radish,18.2,109.9,Weekend Roadside Market
2026-03-24,Wangdue Phodrang,Potato,44.45,466.1,Weekend Roadside Market
2026-03-24,Wangdue Phodrang,Chilli (dried),234.66,373.9,Weekend Roadside Market
2026-03-24,Wangdue Phodrang,Chilli (fresh),93.69,170.2,Weekend Roadside Market
2026-03-24,Wangdue Phodrang,Tomato,45.43,338.3,Municipal Vegetable Market
2026-03-24,Chukha,Cauliflower,39.28,433.8,Weekend Roadside Market
2026-03-24,Chukha,Chilli (dried),206.33,105.8,Centenary Farmers Market
2026-03-24,Chukha,Chilli (fresh),95.13,364.9,Municipal Vegetable Market
2026-03-24,Chukha,Tomato,35.84,54.0,Municipal Vegetable Market
2026-03-24,Chukha,Radish,20.76,107.0,Municipal Vegetable Market
2026-03-24,Chukha,Potato,23.93,253.8,Weekend Roadside Market
2026-03-24,Bumthang,Cauliflower,53.13,223.9,Centenary Farmers Market
2026-03-24,Bumthang,Radish,21.08,27.5,Centenary Farmers Market
2026-03-24,Bumthang,Onion,44.22,342.7,Centenary Farmers Market
2026-03-24,Bumthang,Chilli (fresh),134.65,410.5,Weekend Roadside Market
2026-03-24,Bumthang,Spinach,32.21,210.3,Weekend Roadside Market
2026-03-24,Bumthang,  BROCCOLI  ,78.7,,Weekend Roadside Market
2026-03-24,Bumthang,Potato,36.79,354.8,Centenary Farmers Market
2026-03-24,Bumthang,Tomato,55.51,371.2,Centenary Farmers Market
2026-03-24,Bumthang,Cabbage,16.15,176.1,Weekend Roadside Market
2026-03-24,Mongar,Spinach,27.04,365.9,Municipal Vegetable Market
2026-03-24,Mongar,Cauliflower,42.86,241.7,Municipal Vegetable Market
2026-03-24,Mongar,Chilli (dried),233.44,445.8,Weekend Roadside Market
2026-03-24,Mongar,Onion,53.66,148.7,Weekend Roadside Market
2026-03-24,Mongar,Radish,16.63,339.1,Centenary Farmers Market
2026-03-24,Thimphu,Cauliflower,49.51,197.9,Municipal Vegetable Market
2026-03-24,Thimphu,Chilli (fresh),77.62,127.2,Weekend Roadside Market
2026-03-24,Thimphu,Cabbage,25.26,151.8,Municipal Vegetable Market
2026-03-24,Thimphu,Chilli (dried),284.22,62.1,Weekend Roadside Market
2026-03-24,Thimphu,Onion,66.55,168.2,Weekend Roadside Market
2026-03-24,Thimphu,Broccoli,83.45,51.5,Municipal Vegetable Market
2026-03-24,Thimphu,Tomato,32.05,193.4,Municipal Vegetable Market
2026-03-24,Thimphu,Radish,19.55,247.0,Centenary Farmers Market
2026-03-24,Thimphu,Potato,34.21,250.6,Municipal Vegetable Market
2026-03-24,Tsirang,Broccoli,68.35,25.1,Municipal Vegetable Market
2026-03-24,Tsirang,Potato,45.86,109.7,Weekend Roadside Market
2026-03-24,Tsirang,Cauliflower,44.46,166.0,Municipal Vegetable Market
2026-03-24,Tsirang,Onion,56.93,351.7,Centenary Farmers Market
2026-03-24,Tsirang,Radish,27.29,304.0,Weekend Roadside Market
2026-03-24,Tsirang,Chilli (dried),257.34,281.8,Centenary Farmers Market
2026-03-24,Tsirang,Spinach,33.56,154.3,Weekend Roadside Market
2026-03-24,Tsirang,Tomato,86.29,295.2,Centenary Farmers Market
2026-03-24,Trongsa,Potato,27.77,284.9,Municipal Vegetable Market
2026-03-24,Trongsa,Chilli (fresh),75.25,66.5,Centenary Farmers Market
2026-03-24,Trongsa,Onion,78.07,135.2,Centenary Farmers Market
2026-03-24,Trongsa,Tomato,67.92,469.2,Municipal Vegetable Market
2026-03-25,Punakha,Potato,32.46,255.9,Centenary Farmers Market
2026-03-25,Punakha,Chilli (fresh),111.93,247.4,Weekend Roadside Market
2026-03-25,Punakha,Tomato,31.26,380.8,Centenary Farmers Market
2026-03-25,Punakha,Broccoli,75.21,152.6,Weekend Roadside Market
2026-03-25,Tsirang,Chilli (fresh),114.82,368.7,Centenary Farmers Market
2026-03-25,Tsirang,Chilli (dried),187.89,329.6,Weekend Roadside Market
2026-03-25,Tsirang,Cabbage,25.63,443.3,Municipal Vegetable Market
2026-03-25,Tsirang,Radish,27.84,377.3,Centenary Farmers Market
2026-03-25,Paro,Spinach,37.16,312.3,Centenary Farmers Market
2026-03-25,Paro,Tomato,56.67,378.0,Municipal Vegetable Market
2026-03-25,Paro,Broccoli,79.0,280.9,Centenary Farmers Market
2026-03-25,Paro,Potato,35.34,426.0,Weekend Roadside Market
2026-03-25,Paro,Onion,69.53,344.0,Weekend Roadside Market
2026-03-25,Paro,Radish,22.09,399.8,Weekend Roadside Market
2026-03-25,Paro,Cauliflower,49.16,308.2,Municipal Vegetable Market
2026-03-25,Paro,Cabbage,27.91,27.5,Municipal Vegetable Market
2026-03-25,Paro,Chilli (dried),207.91,139.1,Municipal Vegetable Market
2026-03-25,Paro,Chilli (fresh),89.05,351.8,Weekend Roadside Market
2026-03-25,Trashigang,Onion,46.45,377.1,Municipal Vegetable Market
2026-03-25,Trashigang,Spinach,38.72,139.3,Centenary Farmers Market
2026-03-25,Trashigang,Potato,32.6,321.7,Weekend Roadside Market
2026-03-25,Trashigang,Chilli (fresh),138.26,302.4,Municipal Vegetable Market
2026-03-25,Trashigang,Cabbage,22.59,46.5,Weekend Roadside Market
2026-03-25,Trashigang,Tomato,63.24,368.3,Weekend Roadside Market
2026-03-25,Trashigang,Chilli (dried),208.81,331.6,Municipal Vegetable Market
2026-03-25,Mongar,Cabbage,26.04,73.7,Municipal Vegetable Market
2026-03-25,Mongar,Spinach,39.31,201.0,Municipal Vegetable Market
2026-03-25,Mongar,Tomato,64.66,316.2,Centenary Farmers Market
2026-03-25,Mongar,Cauliflower,-49.17,238.5,Municipal Vegetable Market
2026-03-25,Mongar,Chilli (fresh),98.13,447.4,Centenary Farmers Market
2026-03-25,Mongar,Potato,32.46,50.3,Weekend Roadside Market
2026-03-25,Mongar,Chilli (dried),196.55,363.6,Weekend Roadside Market
2026-03-25,Mongar,Onion,47.43,267.5,Weekend Roadside Market
2026-03-25,Samtse,Cabbage,21.25,36.8,Municipal Vegetable Market
2026-03-25,Samtse,Chilli (fresh),91.88,470.4,Municipal Vegetable Market
2026-03-25,Samtse,Broccoli,69.47,194.8,Municipal Vegetable Market
2026-03-25,Samtse,Tomato,92.97,183.3,Weekend Roadside Market
2026-03-25,Samtse,Cauliflower,45.89,334.8,Municipal Vegetable Market
2026-03-25,Sarpang,Radish,16.74,469.9,Municipal Vegetable Market
2026-03-25,Sarpang,Cauliflower,47.13,491.7,Centenary Farmers Market
2026-03-25,Sarpang,Tomato,34.92,228.9,Municipal Vegetable Market
2026-03-25,Sarpang,Spinach,33.34,414.7,Centenary Farmers Market
2026-03-25,Sarpang,Chilli (fresh),90.68,282.8,Municipal Vegetable Market
2026-03-25,Bumthang,Chilli (fresh),72.33,383.3,Weekend Roadside Market
2026-03-25,Bumthang,Onion,41.45,361.3,Weekend Roadside Market
2026-03-25,Bumthang,Potato,32.73,61.2,Centenary Farmers Market
2026-03-25,Bumthang,Tomato,48.06,496.7,Municipal Vegetable Market
2026-03-25,Bumthang,Spinach,41.38,371.8,Weekend Roadside Market
2026-03-25,Bumthang,Chilli (dried),260.48,65.6,Municipal Vegetable Market
2026-03-25,Wangdue Phodrang,Chilli (fresh),124.4,285.2,Municipal Vegetable Market
2026-03-25,Wangdue Phodrang,Cauliflower,57.1,101.0,Municipal Vegetable Market
2026-03-25,Wangdue Phodrang,Chilli (dried),323.1,121.7,Centenary Farmers Market
2026-03-25,Wangdue Phodrang,Spinach,20.84,463.3,Weekend Roadside Market
2026-03-25,Wangdue Phodrang,  TOMATO  ,54.5,236.1,Centenary Farmers Market
2026-03-25,Trongsa,Cabbage,30.97,291.2,Centenary Farmers Market
2026-03-25,Trongsa,Broccoli,57.28,100.4,Weekend Roadside Market
2026-03-25,Trongsa,Spinach,47.19,324.2,Municipal Vegetable Market
2026-03-25,Trongsa,Radish,19.8,400.8,Weekend Roadside Market
2026-03-25,Trongsa,Tomato,46.32,278.4,Centenary Farmers Market
2026-03-25,Trongsa,  CAULIFLOWER  ,50.78,66.4,Centenary Farmers Market
2026-03-25,Trongsa,Onion,61.6,156.7,Weekend Roadside Market
2026-03-25,Trongsa,Potato,31.05,486.1,Centenary Farmers Market
2026-03-25,Thimphu,Cauliflower,50.09,378.1,Centenary Farmers Market
2026-03-25,Thimphu,  CHILLI (FRESH)  ,71.37,252.9,Weekend Roadside Market
2026-03-25,Thimphu,Spinach,24.73,63.3,Municipal Vegetable Market
2026-03-25,Thimphu,Broccoli,60.29,340.5,Centenary Farmers Market
2026-03-25,Thimphu,Tomato,48.04,323.4,Municipal Vegetable Market
2026-03-26,Chukha,Spinach,40.55,33.2,Municipal Vegetable Market
2026-03-26,Chukha,Onion,42.19,103.2,Centenary Farmers Market
2026-03-26,Chukha,Tomato,82.93,435.6,Weekend Roadside Market
2026-03-26,Chukha,Chilli (fresh),94.89,76.2,Centenary Farmers Market
2026-03-26,Chukha,Cabbage,21.44,380.7,Weekend Roadside Market
2026-03-26,Chukha,Broccoli,79.42,30.2,Municipal Vegetable Market
2026-03-26,Chukha,Potato,31.93,499.1,Weekend Roadside Market
2026-03-26,Zhemgang,Broccoli,74.18,255.7,Centenary Farmers Market
2026-03-26,Zhemgang,Tomato,-69.2,426.0,Weekend Roadside Market
2026-03-26,Zhemgang,Chilli (dried),327.49,101.3,Weekend Roadside Market
2026-03-26,Zhemgang,Cabbage,28.16,399.0,Weekend Roadside Market
2026-03-26,Haa,Tomato,32.1,331.4,Municipal Vegetable Market
2026-03-26,Haa,Chilli (fresh),102.45,397.7,Centenary Farmers Market
2026-03-26,Haa,Chilli (dried),233.81,447.6,Weekend Roadside Market
2026-03-26,Haa,Radish,23.72,176.8,Municipal Vegetable Market
2026-03-26,Haa,Potato,39.6,481.9,Centenary Farmers Market
2026-03-26,Haa,Cabbage,27.64,154.7,Centenary Farmers Market
2026-03-26,Haa,Broccoli,59.34,214.8,Weekend Roadside Market
2026-03-26,Haa,Onion,52.93,338.3,Centenary Farmers Market
2026-03-26,Haa,Cauliflower,39.95,351.0,Municipal Vegetable Market
2026-03-26,Paro,Spinach,43.04,292.2,Municipal Vegetable Market
2026-03-26,Paro,Radish,29.09,59.2,Weekend Roadside Market
2026-03-26,Paro,Cauliflower,31.24,62.4,Centenary Farmers Market
2026-03-26,Paro,Onion,42.58,212.8,Centenary Farmers Market
2026-03-26,Paro,Chilli (fresh),121.73,147.5,Municipal Vegetable Market
2026-03-26,Paro,Potato,49.97,329.9,Municipal Vegetable Market
2026-03-26,Paro,Chilli (dried),253.59,126.2,Municipal Vegetable Market
2026-03-26,Paro,Cabbage,19.26,75.6,Weekend Roadside Market
2026-03-26,Paro,Tomato,70.66,449.3,Weekend Roadside Market
2026-03-26,Trongsa,Onion,43.56,127.1,Centenary Farmers Market
2026-03-26,Trongsa,Cabbage,22.5,64.6,Weekend Roadside Market
2026-03-26,Trongsa,Spinach,39.22,99.0,Municipal Vegetable Market
2026-03-26,Trongsa,Radish,28.55,292.9,Weekend Roadside Market
2026-03-26,Trongsa,Cauliflower,44.03,298.1,Weekend Roadside Market
2026-03-26,Trongsa,Chilli (fresh),143.37,186.3,Centenary Farmers Market
2026-03-26,Trongsa,Tomato,94.13,149.5,Weekend Roadside Market
2026-03-26,Trongsa,Broccoli,53.0,316.2,Centenary Farmers Market
2026-03-26,Bumthang,Cauliflower,47.65,356.7,Centenary Farmers Market
2026-03-26,Bumthang,Onion,53.32,384.0,Municipal Vegetable Market
2026-03-26,Bumthang,Broccoli,-72.27,43.1,Municipal Vegetable Market
2026-03-26,Bumthang,Tomato,41.38,153.5,Weekend Roadside Market
2026-03-26,Mongar,Cabbage,19.21,279.3,Municipal Vegetable Market
2026-03-26,Mongar,Spinach,27.61,275.8,Weekend Roadside Market
2026-03-26,Mongar,Cauliflower,50.14,364.1,Municipal Vegetable Market
2026-03-26,Mongar,Chilli (dried),245.45,400.7,Municipal Vegetable Market
2026-03-26,Mongar,Potato,38.74,322.5,Weekend Roadside Market
2026-03-26,Mongar,Onion,54.3,58.8,Municipal Vegetable Market
2026-03-26,Mongar,Radish,23.33,242.8,Municipal Vegetable Market
2026-03-26,Mongar,Chilli (fresh),87.64,74.7,Weekend Roadside Market
2026-03-26,Tsirang,Spinach,41.85,235.9,Weekend Roadside Market
2026-03-26,Tsirang,Broccoli,69.15,402.3,Centenary Farmers Market
2026-03-26,Tsirang,Cauliflower,51.62,233.0,Municipal Vegetable Market
2026-03-26,Tsirang,Potato,29.57,164.6,Municipal Vegetable Market
2026-03-26,Tsirang,Chilli (dried),228.85,295.4,Weekend Roadside Market
2026-03-26,Thimphu,Tomato,47.59,199.6,Centenary Farmers Market
2026-03-26,Thimphu,Potato,40.84,476.4,Weekend Roadside Market
2026-03-26,Thimphu,Radish,23.19,452.3,Municipal Vegetable Market
2026-03-26,Thimphu,Chilli (dried),311.48,107.2,Centenary Farmers Market
2026-03-26,Thimphu,Cauliflower,47.59,214.1,Municipal Vegetable Market
2026-03-26,Thimphu,Onion,52.05,401.9,Municipal Vegetable Market
2026-03-26,Thimphu,Broccoli,74.7,372.8,Centenary Farmers Market
2026-03-26,Thimphu,Chilli (fresh),104.43,220.9,Centenary Farmers Market
2026-03-26,Thimphu,Cabbage,22.84,20.6,Municipal Vegetable Market
2026-03-26,Lhuentse,Onion,40.84,401.2,Centenary Farmers Market
2026-03-26,Lhuentse,Broccoli,55.35,486.0,Weekend Roadside Market
2026-03-26,Lhuentse,Cabbage,17.64,47.6,Centenary Farmers Market
2026-03-26,Lhuentse,Cauliflower,43.97,367.0,Municipal Vegetable Market
2026-03-26,Lhuentse,Spinach,36.35,364.8,Municipal Vegetable Market
2026-03-26,Lhuentse,Radish,21.44,125.6,Municipal Vegetable Market
2026-03-26,Lhuentse,Chilli (fresh),124.26,349.5,Weekend Roadside Market
2026-03-26,Sarpang,Cauliflower,36.61,468.6,Municipal Vegetable Market
2026-03-26,Sarpang,Tomato,37.13,331.7,Centenary Farmers Market
2026-03-26,Sarpang,Chilli (dried),208.43,,Weekend Roadside Market
2026-03-26,Sarpang,Potato,37.09,356.4,Municipal Vegetable Market
2026-03-26,Sarpang,Spinach,41.22,475.0,Municipal Vegetable Market
2026-03-27,Chukha,Onion,45.38,69.6,Municipal Vegetable Market
2026-03-27,Chukha,Spinach,46.91,250.2,Municipal Vegetable Market
2026-03-27,Chukha,  CAULIFLOWER  ,47.38,408.9,Weekend Roadside Market
2026-03-27,Chukha,Broccoli,74.61,489.5,Centenary Farmers Market
2026-03-27,Chukha,Chilli (fresh),131.41,494.3,Weekend Roadside Market
2026-03-27,Chukha,Tomato,82.29,409.3,Weekend Roadside Market
2026-03-27,Chukha,Radish,13.8,84.1,Weekend Roadside Market
2026-03-27,Chukha,Potato,42.29,347.2,Centenary Farmers Market
2026-03-27,Chukha,Cabbage,21.71,324.5,Weekend Roadside Market
2026-03-27,Thimphu,Chilli (fresh),65.86,146.0,Centenary Farmers Market
2026-03-27,Thimphu,Cabbage,16.1,417.5,Municipal Vegetable Market
2026-03-27,Thimphu,Potato,25.79,306.6,Centenary Farmers Market
2026-03-27,Thimphu,Spinach,42.6,130.4,Weekend Roadside Market
2026-03-27,Thimphu,Cauliflower,36.77,167.6,Weekend Roadside Market
2026-03-27,Thimphu,Tomato,75.4,412.2,Weekend Roadside Market
2026-03-27,Thimphu,Onion,45.18,189.2,Weekend Roadside Market
2026-03-27,Bumthang,Chilli (fresh),106.41,145.6,Weekend Roadside Market
2026-03-27,Bumthang,Cabbage,13.89,264.5,Weekend Roadside Market
2026-03-27,Bumthang,Chilli (dried),230.63,122.5,Weekend Roadside Market
2026-03-27,Bumthang,Cauliflower,38.15,406.1,Municipal Vegetable Market
2026-03-27,Bumthang,Onion,53.71,438.6,Municipal Vegetable Market
2026-03-27,Bumthang,Spinach,25.38,242.5,Weekend Roadside Market
2026-03-27,Bumthang,Tomato,74.03,125.3,Weekend Roadside Market
2026-03-27,Paro,Cauliflower,38.09,463.4,Weekend Roadside Market
2026-03-27,Paro,Tomato,85.65,231.9,Centenary Farmers Market
2026-03-27,Paro,Broccoli,72.7,473.0,Weekend Roadside Market
2026-03-27,Paro,Potato,34.04,212.2,Municipal Vegetable Market
2026-03-27,Paro,Cabbage,26.69,75.6,Weekend Roadside Market
2026-03-27,Paro,Onion,69.56,95.9,Weekend Roadside Market
2026-03-27,Paro,Chilli (dried),235.79,173.8,Municipal Vegetable Market
2026-03-27,Sarpang,Onion,38.26,61.6,Municipal Vegetable Market
2026-03-27,Sarpang,Potato,42.02,97.3,Municipal Vegetable Market
2026-03-27,Sarpang,Broccoli,50.9,363.4,Municipal Vegetable Market
2026-03-27,Sarpang,Radish,24.86,194.0,Municipal Vegetable Market
2026-03-27,Sarpang,Chilli (fresh),103.11,332.1,Centenary Farmers Market
2026-03-27,Sarpang,Tomato,61.45,156.3,Centenary Farmers Market
2026-03-27,Trongsa,Radish,31.45,440.5,Centenary Farmers Market
2026-03-27,Trongsa,Broccoli,62.48,356.7,Weekend Roadside Market
2026-03-27,Trongsa,Tomato,83.9,440.9,Municipal Vegetable Market
2026-03-27,Trongsa,Spinach,23.04,412.4,Municipal Vegetable Market
2026-03-27,Trongsa,Potato,34.74,216.2,Municipal Vegetable Market
2026-03-27,Trongsa,Cabbage,27.49,250.8,Centenary Farmers Market
2026-03-27,Trongsa,Onion,50.17,418.0,Municipal Vegetable Market
2026-03-27,Trongsa,Chilli (fresh),73.5,110.7,Centenary Farmers Market
2026-03-27,Zhemgang,Cauliflower,31.85,248.3,Municipal Vegetable Market
2026-03-27,Zhemgang,Tomato,64.79,104.2,Centenary Farmers Market
2026-03-27,Zhemgang,Broccoli,66.17,355.0,Centenary Farmers Market
2026-03-27,Zhemgang,Chilli (fresh),124.45,210.4,Weekend Roadside Market
2026-03-27,Zhemgang,Radish,-21.0,416.6,Municipal Vegetable Market
2026-03-27,Lhuentse,Onion,37.36,492.9,Weekend Roadside Market
2026-03-27,Lhuentse,Potato,39.41,369.8,Weekend Roadside Market
2026-03-27,Lhuentse,Broccoli,59.2,297.7,Centenary Farmers Market
2026-03-27,Lhuentse,Tomato,96.86,367.4,Weekend Roadside Market
2026-03-27,Lhuentse,Cabbage,13.97,121.4,Municipal Vegetable Market
2026-03-27,Lhuentse,Chilli (fresh),74.32,467.7,Centenary Farmers Market
2026-03-27,Punakha,Tomato,46.71,405.9,Centenary Farmers Market
2026-03-27,Punakha,Chilli (dried),237.78,247.4,Weekend Roadside Market
2026-03-27,Punakha,Potato,36.06,470.4,Weekend Roadside Market
2026-03-27,Punakha,Spinach,39.48,383.4,Weekend Roadside Market
2026-03-27,Punakha,Onion,56.13,144.9,Weekend Roadside Market
2026-03-27,Punakha,Radish,23.0,384.5,Centenary Farmers Market
2026-03-27,Punakha,Cauliflower,48.87,75.0,Weekend Roadside Market
2026-03-27,Haa,Cabbage,20.0,352.0,Weekend Roadside Market
2026-03-27,Haa,Cauliflower,43.88,334.1,Weekend Roadside Market
2026-03-27,Haa,Tomato,47.47,500.0,Municipal Vegetable Market
2026-03-27,Haa,Onion,54.27,154.4,Municipal Vegetable Market
2026-03-27,Haa,Potato,31.1,348.3,Centenary Farmers Market
2026-03-27,Haa,Chilli (dried),280.83,479.5,Weekend Roadside Market
2026-03-27,Haa,Chilli (fresh),61.91,257.2,Municipal Vegetable Market
2026-03-27,Haa,Broccoli,59.97,151.0,Weekend Roadside Market
2026-03-27,Haa,Radish,22.38,335.9,Weekend Roadside Market
2026-03-27,Samtse,Cabbage,28.29,409.9,Municipal Vegetable Market
2026-03-27,Samtse,Tomato,74.26,66.3,Weekend Roadside Market
2026-03-27,Samtse,Broccoli,66.02,374.7,Centenary Farmers Market
2026-03-27,Samtse,Potato,32.79,379.8,Weekend Roadside Market
2026-03-27,Samtse,Cauliflower,35.6,397.5,Municipal Vegetable Market
2026-03-27,Samtse,Onion,41.87,344.9,Weekend Roadside Market
2026-03-27,Samtse,Spinach,43.58,415.5,Weekend Roadside Market
2026-03-27,Samtse,Radish,18.53,252.2,Weekend Roadside Market
2026-03-28,Zhemgang,Tomato,82.78,365.3,Municipal Vegetable Market
2026-03-28,Zhemgang,Broccoli,84.68,153.7,Centenary Farmers Market
2026-03-28,Zhemgang,Onion,60.71,455.7,Municipal Vegetable Market
2026-03-28,Zhemgang,Cabbage,23.62,488.0,Weekend Roadside Market
2026-03-28,Zhemgang,Radish,21.82,323.8,Centenary Farmers Market
2026-03-28,Zhemgang,Chilli (fresh),105.73,389.7,Centenary Farmers Market
2026-03-28,Zhemgang,Chilli (dried),235.42,,Weekend Roadside Market
2026-03-28,Zhemgang,  POTATO  ,40.24,320.4,Municipal Vegetable Market
2026-03-28,Zhemgang,Spinach,21.42,101.6,Centenary Farmers Market
2026-03-28,Zhemgang,Cauliflower,41.04,413.4,Centenary Farmers Market
2026-03-28,Paro,Chilli (fresh),75.24,54.3,Municipal Vegetable Market
2026-03-28,Paro,Chilli (dried),326.39,142.1,Weekend Roadside Market
2026-03-28,Paro,Spinach,42.14,98.8,Weekend Roadside Market
2026-03-28,Paro,Cabbage,25.33,431.7,Municipal Vegetable Market
2026-03-28,Paro,Cauliflower,33.31,387.7,Municipal Vegetable Market
2026-03-28,Lhuentse,Chilli (fresh),112.28,144.8,Weekend Roadside Market
2026-03-28,Lhuentse,Spinach,20.48,44.6,Municipal Vegetable Market
2026-03-28,Lhuentse,Onion,67.82,405.0,Municipal Vegetable Market
2026-03-28,Lhuentse,Radish,23.54,35.3,Municipal Vegetable Market
2026-03-28,Lhuentse,Cauliflower,28.84,489.6,Municipal Vegetable Market
2026-03-28,Tsirang,Cauliflower,48.5,136.7,Municipal Vegetable Market
2026-03-28,Tsirang,Potato,42.18,269.0,Municipal Vegetable Market
2026-03-28,Tsirang,Chilli (fresh),94.09,128.6,Municipal Vegetable Market
2026-03-28,Tsirang,Radish,31.48,108.5,Weekend Roadside Market
2026-03-28,Bumthang,Potato,38.1,385.8,Weekend Roadside Market
2026-03-28,Bumthang,Onion,46.77,452.7,Municipal Vegetable Market
2026-03-28,Bumthang,Cauliflower,31.77,314.6,Centenary Farmers Market
2026-03-28,Bumthang,Tomato,46.91,235.9,Centenary Farmers Market
2026-03-28,Bumthang,Radish,22.63,418.6,Centenary Farmers Market
2026-03-28,Bumthang,Chilli (dried),219.23,240.6,Municipal Vegetable Market
2026-03-28,Sarpang,Spinach,39.53,79.7,Municipal Vegetable Market
2026-03-28,Sarpang,Tomato,75.97,132.8,Centenary Farmers Market
2026-03-28,Sarpang,Radish,17.64,370.6,Centenary Farmers Market
2026-03-28,Sarpang,Chilli (dried),278.01,77.8,Municipal Vegetable Market
2026-03-28,Sarpang,Onion,66.52,113.2,Centenary Farmers Market
2026-03-28,Sarpang,Broccoli,69.87,70.6,Centenary Farmers Market
2026-03-28,Sarpang,Potato,37.68,353.3,Municipal Vegetable Market
2026-03-28,Thimphu,Radish,25.05,83.9,Municipal Vegetable Market
2026-03-28,Thimphu,Cabbage,25.45,356.3,Weekend Roadside Market
2026-03-28,Thimphu,Spinach,19.26,105.7,Municipal Vegetable Market
2026-03-28,Thimphu,Onion,75.56,388.8,Weekend Roadside Market
2026-03-28,Thimphu,Chilli (dried),241.08,208.6,Centenary Farmers Market
2026-03-28,Thimphu,Tomato,62.78,439.2,Municipal Vegetable Market
2026-03-28,Thimphu,Chilli (fresh),90.65,70.8,Municipal Vegetable Market
2026-03-28,Thimphu,Potato,35.12,129.7,Weekend Roadside Market
2026-03-28,Thimphu,Cauliflower,42.64,164.7,Centenary Farmers Market
2026-03-28,Samtse,Chilli (dried),168.08,147.9,Municipal Vegetable Market
2026-03-28,Samtse,Spinach,23.2,241.8,Municipal Vegetable Market
2026-03-28,Samtse,Onion,56.47,264.3,Municipal Vegetable Market
2026-03-28,Samtse,Cabbage,18.9,370.8,Weekend Roadside Market
2026-03-28,Samtse,Potato,25.28,278.4,Municipal Vegetable Market
2026-03-28,Samtse,Broccoli,70.11,65.0,Weekend Roadside Market
2026-03-28,Samtse,Cauliflower,49.37,386.4,Municipal Vegetable Market
2026-03-28,Samtse,Chilli (fresh),87.09,21.0,Weekend Roadside Market
2026-03-28,Samtse,Radish,17.03,246.0,Centenary Farmers Market
2026-03-28,Samtse,Tomato,72.43,216.1,Municipal Vegetable Market
2026-03-28,Haa,Potato,31.16,97.2,Municipal Vegetable Market
2026-03-28,Haa,Chilli (fresh),123.33,156.1,Municipal Vegetable Market
2026-03-28,Haa,Chilli (dried),327.22,421.5,Municipal Vegetable Market
2026-03-28,Haa,Cabbage,28.49,56.4,Municipal Vegetable Market
2026-03-28,Haa,Spinach,33.77,377.9,Centenary Farmers Market
2026-03-28,Haa,Broccoli,52.6,487.4,Centenary Farmers Market
2026-03-28,Haa,Tomato,48.24,310.4,Centenary Farmers Market
2026-03-28,Haa,Onion,64.35,308.1,Centenary Farmers Market
2026-03-28,Haa,Radish,30.51,124.3,Weekend Roadside Market
2026-03-28,Trashigang,Potato,26.91,422.0,Centenary Farmers Market
2026-03-28,Trashigang,Chilli (dried),315.44,435.3,Municipal Vegetable Market
2026-03-28,Trashigang,Cauliflower,39.91,142.0,Weekend Roadside Market
2026-03-28,Trashigang,Cabbage,22.08,147.4,Centenary Farmers Market
2026-03-28,Trongsa,Cabbage,30.06,266.3,Centenary Farmers Market
2026-03-28,Trongsa,Chilli (dried),246.03,312.5,Municipal Vegetable Market
2026-03-28,Trongsa,Tomato,84.86,405.2,Weekend Roadside Market
2026-03-28,Trongsa,Chilli (fresh),103.79,290.4,Centenary Farmers Market
2026-03-28,Trongsa,Spinach,23.9,490.8,Weekend Roadside Market
2026-03-28,Trongsa,Cauliflower,44.97,145.9,Municipal Vegetable Market
2026-03-28,Trongsa,Onion,55.04,299.3,Centenary Farmers Market
2026-03-28,Trongsa,Broccoli,46.34,435.0,Weekend Roadside Market
2026-03-29,Punakha,Chilli (dried),271.45,172.3,Centenary Farmers Market
2026-03-29,Punakha,Spinach,28.57,200.1,Weekend Roadside Market
2026-03-29,Punakha,Broccoli,-70.17,215.4,Weekend Roadside Market
2026-03-29,Punakha,Radish,23.97,26.3,Weekend Roadside Market
2026-03-29,Punakha,Cauliflower,38.65,101.5,Weekend Roadside Market
2026-03-29,Punakha,Onion,40.51,324.5,Municipal Vegetable Market
2026-03-29,Punakha,Tomato,76.12,313.5,Municipal Vegetable Market
2026-03-29,Punakha,Cabbage,23.25,54.1,Weekend Roadside Market
2026-03-29,Punakha,Potato,27.96,212.7,Weekend Roadside Market
2026-03-29,Punakha,Chilli (fresh),76.94,338.3,Municipal Vegetable Market
2026-03-29,Lhuentse,Cauliflower,42.82,247.8,Weekend Roadside Market
2026-03-29,Lhuentse,Chilli (fresh),100.18,199.8,Centenary Farmers Market
2026-03-29,Lhuentse,Potato,30.01,279.7,Municipal Vegetable Market
2026-03-29,Lhuentse,Chilli (dried),264.42,347.4,Municipal Vegetable Market
2026-03-29,Lhuentse,Tomato,68.08,310.6,Municipal Vegetable Market
2026-03-29,Haa,Broccoli,66.39,70.3,Weekend Roadside Market
2026-03-29,Haa,Spinach,25.54,247.9,Centenary Farmers Market
2026-03-29,Haa,Cabbage,24.83,241.5,Municipal Vegetable Market
2026-03-29,Haa,Chilli (fresh),105.87,184.1,Municipal Vegetable Market
2026-03-29,Haa,Onion,54.07,218.8,Weekend Roadside Market
2026-03-29,Haa,Cauliflower,35.82,480.7,Weekend Roadside Market
2026-03-29,Haa,Potato,38.31,466.6,Municipal Vegetable Market
2026-03-29,Sarpang,Broccoli,68.84,91.7,Centenary Farmers Market
2026-03-29,Sarpang,Radish,17.4,389.7,Weekend Roadside Market
2026-03-29,Sarpang,Cabbage,19.82,393.9,Centenary Farmers Market
2026-03-29,Sarpang,Tomato,64.93,116.8,Centenary Farmers Market
2026-03-29,Sarpang,Potato,36.39,157.1,Municipal Vegetable Market
2026-03-29,Sarpang,Chilli (dried),323.18,377.8,Municipal Vegetable Market
2026-03-29,Sarpang,Spinach,39.67,389.1,Centenary Farmers Market
2026-03-29,Bumthang,Potato,46.1,211.6,Centenary Farmers Market
2026-03-29,Bumthang,Broccoli,84.93,168.1,Weekend Roadside Market
2026-03-29,Bumthang,Radish,24.69,257.2,Municipal Vegetable Market
2026-03-29,Bumthang,Cabbage,28.04,468.2,Centenary Farmers Market
2026-03-29,Mongar,Broccoli,49.25,434.9,Weekend Roadside Market
2026-03-29,Mongar,Cabbage,18.33,111.2,Weekend Roadside Market
2026-03-29,Mongar,Onion,69.71,41.3,Municipal Vegetable Market
2026-03-29,Mongar,Radish,20.39,162.1,Weekend Roadside Market
2026-03-29,Mongar,Chilli (dried),242.27,282.8,Centenary Farmers Market
2026-03-29,Mongar,Cauliflower,31.64,347.6,Municipal Vegetable Market
2026-03-29,Mongar,Chilli (fresh),86.45,34.3,Weekend Roadside Market
2026-03-29,Mongar,Tomato,56.91,373.6,Weekend Roadside Market
2026-03-29,Mongar,Potato,39.34,364.7,Weekend Roadside Market
2026-03-29,Mongar,Spinach,30.13,96.5,Weekend Roadside Market
2026-03-29,Thimphu,Chilli (fresh),74.67,342.0,Weekend Roadside Market
2026-03-29,Thimphu,  ONION  ,58.64,174.4,Municipal Vegetable Market
2026-03-29,Thimphu,Radish,24.21,150.4,Weekend Roadside Market
2026-03-29,Thimphu,Chilli (dried),342.79,193.2,Weekend Roadside Market
2026-03-29,Thimphu,Spinach,34.2,85.7,Weekend Roadside Market
2026-03-29,Thimphu,Potato,24.67,138.5,Weekend Roadside Market
2026-03-29,Thimphu,Tomato,37.68,460.5,Centenary Farmers Market
2026-03-29,Trashigang,Onion,53.38,104.1,Weekend Roadside Market
2026-03-29,Trashigang,Chilli (dried),276.09,107.8,Weekend Roadside Market
2026-03-29,Trashigang,Cabbage,20.74,240.8,Centenary Farmers Market
2026-03-29,Trashigang,Potato,33.05,123.9,Weekend Roadside Market
2026-03-29,Trashigang,Cauliflower,65.65,140.6,Weekend Roadside Market
2026-03-29,Trashigang,Tomato,87.39,495.8,Weekend Roadside Market
2026-03-29,Trashigang,Radish,24.8,180.2,Municipal Vegetable Market
2026-03-29,Paro,Spinach,36.58,82.3,Centenary Farmers Market
2026-03-29,Paro,Potato,31.05,167.3,Weekend Roadside Market
2026-03-29,Paro,Radish,28.15,181.9,Municipal Vegetable Market
2026-03-29,Paro,  CHILLI (DRIED)  ,273.12,346.5,Centenary Farmers Market
2026-03-29,Paro,Tomato,55.94,143.2,Municipal Vegetable Market
2026-03-29,Paro,Cabbage,24.98,489.4,Weekend Roadside Market
2026-03-29,Paro,Broccoli,63.23,300.7,Centenary Farmers Market
2026-03-29,Zhemgang,Tomato,39.89,300.3,Centenary Farmers Market
2026-03-29,Zhemgang,Broccoli,67.09,298.4,Municipal Vegetable Market
2026-03-29,Zhemgang,Chilli (fresh),111.95,261.8,Weekend Roadside Market
2026-03-29,Zhemgang,Cabbage,17.57,108.8,Municipal Vegetable Market
2026-03-29,Chukha,Cauliflower,42.69,61.5,Centenary Farmers Market
2026-03-29,Chukha,Tomato,75.83,154.1,Centenary Farmers Market
2026-03-29,Chukha,Radish,17.93,190.5,Centenary Farmers Market
2026-03-29,Chukha,Cabbage,20.26,158.1,Weekend Roadside Market
2026-03-29,Chukha,Spinach,31.15,235.7,Centenary Farmers Market
2026-03-29,Chukha,Broccoli,52.9,483.3,Municipal Vegetable Market
2026-03-29,Samtse,Onion,66.25,491.7,Weekend Roadside Market
2026-03-29,Samtse,Broccoli,78.69,277.4,Weekend Roadside Market
2026-03-29,Samtse,Chilli (fresh),99.75,322.1,Municipal Vegetable Market
2026-03-29,Samtse,Cabbage,16.86,442.6,Weekend Roadside Market
2026-03-29,Samtse,Radish,26.1,464.9,Weekend Roadside Market
2026-03-29,Samtse,Spinach,41.08,169.7,Centenary Farmers Market
2026-03-29,Samtse,Cauliflower,41.83,74.9,Centenary Farmers Market
2026-03-29,Trongsa,Onion,42.83,163.5,Weekend Roadside Market
2026-03-29,Trongsa,Broccoli,79.25,202.9,Centenary Farmers Market
2026-03-29,Trongsa,Radish,13.8,261.3,Centenary Farmers Market
2026-03-29,Trongsa,Cauliflower,57.83,263.4,Weekend Roadside Market
2026-03-29,Tsirang,Tomato,49.45,147.5,Municipal Vegetable Market
2026-03-29,Tsirang,Chilli (dried),310.62,392.2,Weekend Roadside Market
2026-03-29,Tsirang,Potato,31.16,82.9,Centenary Farmers Market
2026-03-29,Tsirang,Chilli (fresh),124.28,138.3,Municipal Vegetable Market
2026-03-29,Tsirang,Spinach,20.81,409.6,Centenary Farmers Market
2026-03-29,Tsirang,Radish,22.32,216.7,Municipal Vegetable Market
2026-03-29,Tsirang,Onion,37.84,473.7,Weekend Roadside Market
2026-03-29,Tsirang,Cauliflower,45.25,52.0,Centenary Farmers Market
2026-03-29,Tsirang,Cabbage,18.66,52.0,Weekend Roadside Market
2026-03-29,Tsirang,Broccoli,43.32,462.6,Municipal Vegetable Market
2026-03-29,Wangdue Phodrang,Chilli (dried),203.82,298.5,Centenary Farmers Market
2026-03-29,Wangdue Phodrang,Onion,-56.01,184.2,Weekend Roadside Market
2026-03-29,Wangdue Phodrang,Tomato,75.92,331.9,Weekend Roadside Market
2026-03-29,Wangdue Phodrang,Chilli (fresh),76.44,73.1,Centenary Farmers Market
2026-03-30,Mongar,Radish,15.54,365.5,Municipal Vegetable Market
2026-03-30,Mongar,Tomato,40.93,439.6,Centenary Farmers Market
2026-03-30,Mongar,Onion,67.68,142.1,Municipal Vegetable Market
2026-03-30,Mongar,  SPINACH  ,33.74,254.6,Weekend Roadside Market
2026-03-30,Mongar,Broccoli,76.61,27.1,Centenary Farmers Market
2026-03-30,Mongar,Chilli (dried),212.75,341.7,Municipal Vegetable Market
2026-03-30,Mongar,Cauliflower,37.58,409.4,Municipal Vegetable Market
2026-03-30,Mongar,Chilli (fresh),103.86,489.3,Weekend Roadside Market
2026-03-30,Mongar,Cabbage,30.76,471.3,Centenary Farmers Market
2026-03-30,Mongar,Potato,38.82,32.6,Centenary Farmers Market
2026-03-30,Trongsa,Broccoli,91.64,183.0,Municipal Vegetable Market
2026-03-30,Trongsa,Potato,25.16,59.6,Weekend Roadside Market
2026-03-30,Trongsa,Chilli (fresh),114.05,166.6,Weekend Roadside Market
2026-03-30,Trongsa,Cabbage,33.9,110.1,Weekend Roadside Market
2026-03-30,Trongsa,Tomato,58.08,424.9,Municipal Vegetable Market
2026-03-30,Trongsa,Chilli (dried),239.23,135.1,Centenary Farmers Market
2026-03-30,Trongsa,Spinach,37.8,182.6,Municipal Vegetable Market
2026-03-30,Trongsa,Radish,22.74,353.5,Municipal Vegetable Market
2026-03-30,Trongsa,Onion,55.91,404.6,Weekend Roadside Market
2026-03-30,Chukha,Spinach,37.48,120.3,Weekend Roadside Market
2026-03-30,Chukha,Chilli (fresh),89.57,130.2,Municipal Vegetable Market
2026-03-30,Chukha,Broccoli,45.94,371.2,Municipal Vegetable Market
2026-03-30,Chukha,Cauliflower,47.05,345.1,Municipal Vegetable Market
2026-03-30,Chukha,Chilli (dried),288.19,35.2,Municipal Vegetable Market
2026-03-30,Chukha,Tomato,62.23,465.5,Municipal Vegetable Market
2026-03-30,Chukha,Onion,49.61,28.4,Municipal Vegetable Market
2026-03-30,Tsirang,Tomato,44.1,308.3,Municipal Vegetable Market
2026-03-30,Tsirang,Onion,47.35,444.9,Centenary Farmers Market
2026-03-30,Tsirang,Cauliflower,31.72,234.8,Weekend Roadside Market
2026-03-30,Tsirang,Cabbage,17.86,283.1,Centenary Farmers Market
2026-03-30,Tsirang,Broccoli,57.24,298.4,Municipal Vegetable Market
2026-03-30,Bumthang,Chilli (dried),296.99,478.7,Municipal Vegetable Market
2026-03-30,Bumthang,Onion,50.99,385.1,Centenary Farmers Market
2026-03-30,Bumthang,Broccoli,58.45,416.5,Municipal Vegetable Market
2026-03-30,Bumthang,Cauliflower,38.7,239.6,Weekend Roadside Market
2026-03-30,Bumthang,Tomato,43.16,283.3,Centenary Farmers Market
2026-03-30,Bumthang,Potato,38.44,386.0,Weekend Roadside Market
2026-03-30,Bumthang,Spinach,36.07,148.7,Centenary Farmers Market
2026-03-30,Bumthang,Chilli (fresh),118.01,301.2,Municipal Vegetable Market
2026-03-30,Thimphu,Cabbage,14.41,449.1,Municipal Vegetable Market
2026-03-30,Thimphu,Broccoli,78.95,178.0,Weekend Roadside Market
2026-03-30,Thimphu,Spinach,32.07,43.7,Centenary Farmers Market
2026-03-30,Thimphu,Chilli (dried),196.06,76.0,Centenary Farmers Market
2026-03-30,Thimphu,Radish,15.77,383.8,Centenary Farmers Market
2026-03-30,Thimphu,Chilli (fresh),112.72,478.7,Municipal Vegetable Market
2026-03-30,Sarpang,Onion,55.55,423.6,Municipal Vegetable Market
2026-03-30,Sarpang,Potato,33.99,307.4,Centenary Farmers Market
2026-03-30,Sarpang,Cabbage,18.62,333.5,Centenary Farmers Market
2026-03-30,Sarpang,Radish,18.82,457.1,Municipal Vegetable Market
2026-03-30,Punakha,Cauliflower,32.0,328.7,Municipal Vegetable Market
2026-03-30,Punakha,Tomato,42.29,149.8,Centenary Farmers Market
2026-03-30,Punakha,Radish,30.29,276.2,Centenary Farmers Market
2026-03-30,Punakha,Potato,37.06,263.3,Municipal Vegetable Market
2026-03-30,Punakha,Cabbage,31.57,45.3,Municipal Vegetable Market
2026-03-30,Punakha,Broccoli,69.7,492.3,Weekend Roadside Market
2026-03-30,Punakha,Onion,40.51,222.9,Municipal Vegetable Market
2026-03-30,Punakha,Spinach,39.94,179.8,Weekend Roadside Market
2026-03-30,Punakha,Chilli (fresh),128.12,39.8,Weekend Roadside Market
2026-03-30,Punakha,Chilli (dried),229.79,371.1,Centenary Farmers Market
2026-03-30,Samtse,Cabbage,-28.27,235.7,Weekend Roadside Market
2026-03-30,Samtse,Onion,41.34,278.3,Weekend Roadside Market
2026-03-30,Samtse,Spinach,20.48,140.6,Municipal Vegetable Market
2026-03-30,Samtse,Radish,21.21,379.6,Centenary Farmers Market
2026-03-30,Samtse,Chilli (dried),260.79,317.1,Weekend Roadside Market
2026-03-30,Samtse,Broccoli,44.26,382.6,Centenary Farmers Market
2026-03-30,Samtse,Tomato,89.51,109.3,Centenary Farmers Market
2026-03-30,Trashigang,Chilli (fresh),133.95,293.1,Weekend Roadside Market
2026-03-30,Trashigang,Spinach,39.53,58.8,Weekend Roadside Market
2026-03-30,Trashigang,Potato,41.73,52.6,Centenary Farmers Market
2026-03-30,Trashigang,Cauliflower,41.14,23.4,Weekend Roadside Market
2026-03-30,Trashigang,Radish,19.85,326.5,Centenary Farmers Market
2026-03-30,Trashigang,Cabbage,20.54,298.3,Weekend Roadside Market
2026-03-30,Trashigang,Tomato,-78.94,62.0,Weekend Roadside Market
2026-03-30,Trashigang,Onion,69.46,418.7,Municipal Vegetable Market
2026-03-30,Trashigang,Broccoli,56.17,53.7,Weekend Roadside Market
2026-03-30,Wangdue Phodrang,Broccoli,50.96,173.4,Centenary Farmers Market
2026-03-30,Wangdue Phodrang,Tomato,75.88,158.5,Centenary Farmers Market
2026-03-30,Wangdue Phodrang,Onion,41.37,376.4,Municipal Vegetable Market
2026-03-30,Wangdue Phodrang,Chilli (fresh),92.07,495.2,Centenary Farmers Market
2026-03-31,Bumthang,Chilli (dried),222.51,36.6,Weekend Roadside Market
2026-03-31,Bumthang,Broccoli,66.06,167.4,Municipal Vegetable Market
2026-03-31,Bumthang,Spinach,24.16,164.0,Municipal Vegetable Market
2026-03-31,Bumthang,Radish,19.27,300.2,Weekend Roadside Market
2026-03-31,Bumthang,Onion,-41.21,52.9,Centenary Farmers Market
2026-03-31,Tsirang,Broccoli,79.28,187.1,Municipal Vegetable Market
2026-03-31,Tsirang,Chilli (dried),332.67,223.4,Weekend Roadside Market
2026-03-31,Tsirang,Chilli (fresh),105.79,398.0,Weekend Roadside Market
2026-03-31,Tsirang,Radish,20.64,276.0,Weekend Roadside Market
2026-03-31,Tsirang,Potato,39.85,388.8,Municipal Vegetable Market
2026-03-31,Tsirang,Onion,36.65,483.6,Municipal Vegetable Market
2026-03-31,Tsirang,Cabbage,27.85,304.3,Centenary Farmers Market
2026-03-31,Trongsa,Cauliflower,63.29,418.9,Weekend Roadside Market
2026-03-31,Trongsa,Radish,17.5,195.1,Municipal Vegetable Market
2026-03-31,Trongsa,Chilli (dried),231.64,375.5,Weekend Roadside Market
2026-03-31,Trongsa,Broccoli,72.42,43.9,Municipal Vegetable Market
2026-03-31,Trongsa,Spinach,41.44,414.5,Municipal Vegetable Market
2026-03-31,Trongsa,Potato,42.72,142.1,Centenary Farmers Market
2026-03-31,Trongsa,Onion,66.03,348.0,Centenary Farmers Market
2026-03-31,Trashigang,Chilli (dried),232.81,406.2,Centenary Farmers Market
2026-03-31,Trashigang,Chilli (fresh),131.23,197.6,Centenary Farmers Market
2026-03-31,Trashigang,Radish,19.71,497.7,Centenary Farmers Market
2026-03-31,Trashigang,Broccoli,54.79,408.1,Municipal Vegetable Market
2026-03-31,Paro,Radish,24.35,367.2,Centenary Farmers Market
2026-03-31,Paro,Chilli (dried),234.35,339.9,Weekend Roadside Market
2026-03-31,Paro,Tomato,-55.04,187.9,Municipal Vegetable Market
2026-03-31,Paro,Cauliflower,39.24,277.0,Centenary Farmers Market
2026-03-31,Paro,Broccoli,79.19,334.3,Municipal Vegetable Market
2026-03-31,Paro,Onion,41.9,494.9,Weekend Roadside Market
2026-03-31,Paro,Chilli (fresh),123.11,213.4,Weekend Roadside Market
2026-03-31,Paro,Spinach,36.07,275.1,Municipal Vegetable Market
2026-03-31,Paro,Cabbage,30.84,296.7,Weekend Roadside Market
2026-03-31,Thimphu,Chilli (dried),190.68,100.3,Centenary Farmers Market
2026-03-31,Thimphu,Tomato,95.66,151.8,Centenary Farmers Market
2026-03-31,Thimphu,Cauliflower,49.43,48.8,Weekend Roadside Market
2026-03-31,Thimphu,Broccoli,84.1,231.8,Centenary Farmers Market
2026-03-31,Thimphu,Potato,25.53,192.5,Weekend Roadside Market
2026-03-31,Thimphu,Radish,24.82,68.8,Municipal Vegetable Market
2026-03-31,Thimphu,Cabbage,22.47,469.0,Centenary Farmers Market
2026-03-31,Thimphu,Spinach,31.62,170.1,Centenary Farmers Market
2026-03-31,Thimphu,Chilli (fresh),61.25,38.4,Centenary Farmers Market
2026-03-31,Thimphu,Onion,54.88,274.6,Municipal Vegetable Market
2026-03-31,Sarpang,Tomato,88.26,169.2,Centenary Farmers Market
2026-03-31,Sarpang,Chilli (dried),262.26,206.1,Centenary Farmers Market
2026-03-31,Sarpang,Chilli (fresh),103.76,466.4,Municipal Vegetable Market
2026-03-31,Sarpang,Radish,-28.27,316.5,Centenary Farmers Market
2026-03-31,Sarpang,Potato,42.72,332.0,Centenary Farmers Market
2026-03-31,Sarpang,Broccoli,56.33,25.3,Centenary Farmers Market
2026-03-31,Sarpang,Onion,68.38,265.5,Centenary Farmers Market
2026-03-31,Sarpang,Cauliflower,38.52,455.1,Centenary Farmers Market
2026-03-31,Punakha,Broccoli,72.63,402.2,Centenary Farmers Market
2026-03-31,Punakha,Potato,24.07,487.7,Municipal Vegetable Market
2026-03-31,Punakha,Chilli (fresh),85.33,262.9,Weekend Roadside Market
2026-03-31,Punakha,Radish,18.18,145.2,Weekend Roadside Market
2026-03-31,Punakha,Cauliflower,30.77,449.8,Weekend Roadside Market
2026-04-01,Paro,Chilli (fresh),95.35,218.8,Weekend Roadside Market
2026-04-01,Paro,Onion,41.36,435.8,Centenary Farmers Market
2026-04-01,Paro,Radish,20.06,145.6,Centenary Farmers Market
2026-04-01,Paro,Chilli (dried),222.17,175.4,Centenary Farmers Market
2026-04-01,Paro,Cabbage,19.79,77.9,Weekend Roadside Market
2026-04-01,Paro,Tomato,55.29,176.4,Weekend Roadside Market
2026-04-01,Paro,Cauliflower,41.22,128.2,Weekend Roadside Market
2026-04-01,Wangdue Phodrang,Broccoli,58.92,162.2,Centenary Farmers Market
2026-04-01,Wangdue Phodrang,Tomato,77.59,124.0,Municipal Vegetable Market
2026-04-01,Wangdue Phodrang,Radish,17.48,174.4,Municipal Vegetable Market
2026-04-01,Wangdue Phodrang,Chilli (fresh),84.5,452.7,Centenary Farmers Market
2026-04-01,Wangdue Phodrang,Potato,30.11,288.0,Weekend Roadside Market
2026-04-01,Wangdue Phodrang,Spinach,40.48,494.0,Centenary Farmers Market
2026-04-01,Wangdue Phodrang,Onion,53.72,,Municipal Vegetable Market
2026-04-01,Wangdue Phodrang,Chilli (dried),333.64,234.9,Municipal Vegetable Market
2026-04-01,Sarpang,Broccoli,68.03,116.6,Centenary Farmers Market
2026-04-01,Sarpang,Chilli (dried),214.09,331.5,Centenary Farmers Market
2026-04-01,Sarpang,Onion,36.62,380.5,Weekend Roadside Market
2026-04-01,Sarpang,Potato,23.77,192.3,Municipal Vegetable Market
2026-04-01,Sarpang,Chilli (fresh),118.19,210.0,Municipal Vegetable Market
2026-04-01,Sarpang,Spinach,18.86,42.2,Weekend Roadside Market
2026-04-01,Sarpang,Cabbage,26.19,349.3,Centenary Farmers Market
2026-04-01,Sarpang,Cauliflower,47.3,406.5,Weekend Roadside Market
2026-04-01,Sarpang,Tomato,75.57,207.0,Centenary Farmers Market
2026-04-01,Sarpang,Radish,22.45,238.2,Centenary Farmers Market
2026-04-01,Bumthang,Cauliflower,44.01,217.9,Municipal Vegetable Market
2026-04-01,Bumthang,Spinach,37.92,389.4,Municipal Vegetable Market
2026-04-01,Bumthang,Potato,30.84,373.8,Centenary Farmers Market
2026-04-01,Bumthang,Radish,27.19,397.2,Weekend Roadside Market
2026-04-01,Bumthang,Cabbage,21.27,92.2,Municipal Vegetable Market
2026-04-01,Lhuentse,Cauliflower,44.09,118.2,Weekend Roadside Market
2026-04-01,Lhuentse,Chilli (fresh),66.01,237.8,Centenary Farmers Market
2026-04-01,Lhuentse,Potato,42.54,230.1,Municipal Vegetable Market
2026-04-01,Lhuentse,Spinach,44.78,326.0,Municipal Vegetable Market
2026-04-01,Lhuentse,Radish,23.8,21.0,Weekend Roadside Market
2026-04-01,Lhuentse,Tomato,82.72,304.3,Weekend Roadside Market
2026-04-01,Lhuentse,Cabbage,30.32,206.2,Municipal Vegetable Market
2026-04-01,Lhuentse,Broccoli,59.82,233.5,Centenary Farmers Market
2026-04-01,Lhuentse,Chilli (dried),232.07,224.9,Weekend Roadside Market
2026-04-01,Lhuentse,Onion,47.11,198.6,Municipal Vegetable Market
2026-04-01,Trongsa,Onion,39.46,265.0,Weekend Roadside Market
2026-04-01,Trongsa,Broccoli,88.84,329.9,Centenary Farmers Market
2026-04-01,Trongsa,Potato,25.22,429.2,Weekend Roadside Market
2026-04-01,Trongsa,Chilli (dried),265.82,103.6,Municipal Vegetable Market
2026-04-01,Trongsa,Spinach,42.85,21.8,Weekend Roadside Market
2026-04-01,Trongsa,Tomato,67.9,206.2,Centenary Farmers Market
2026-04-01,Trongsa,Cauliflower,48.82,227.8,Municipal Vegetable Market
2026-04-01,Haa,Potato,36.18,493.1,Weekend Roadside Market
2026-04-01,Haa,Tomato,67.19,209.8,Weekend Roadside Market
2026-04-01,Haa,Chilli (fresh),102.99,488.2,Municipal Vegetable Market
2026-04-01,Haa,Radish,20.6,46.5,Weekend Roadside Market
2026-04-01,Haa,Cauliflower,51.47,244.9,Centenary Farmers Market
2026-04-01,Haa,Cabbage,29.7,407.1,Weekend Roadside Market
2026-04-01,Haa,Onion,47.13,260.5,Centenary Farmers Market
2026-04-01,Thimphu,Cabbage,23.32,203.9,Weekend Roadside Market
2026-04-01,Thimphu,Potato,35.12,356.1,Municipal Vegetable Market
2026-04-01,Thimphu,Radish,17.24,87.7,Weekend Roadside Market
2026-04-01,Thimphu,Spinach,30.14,109.3,Weekend Roadside Market
2026-04-01,Thimphu,Chilli (fresh),68.2,410.3,Centenary Farmers Market
2026-04-01,Trashigang,Cauliflower,41.9,219.5,Weekend Roadside Market
2026-04-01,Trashigang,Onion,58.5,307.7,Centenary Farmers Market
2026-04-01,Trashigang,Tomato,64.77,255.7,Centenary Farmers Market
2026-04-01,Trashigang,Chilli (dried),286.33,114.3,Centenary Farmers Market
2026-04-01,Trashigang,Cabbage,25.69,471.8,Weekend Roadside Market
2026-04-01,Trashigang,Broccoli,78.53,219.0,Weekend Roadside Market
2026-04-01,Trashigang,Spinach,25.22,246.8,Centenary Farmers Market
2026-04-01,Trashigang,Potato,34.97,222.7,Municipal Vegetable Market
2026-04-01,Zhemgang,Radish,15.37,329.3,Municipal Vegetable Market
2026-04-01,Zhemgang,Broccoli,66.55,279.9,Municipal Vegetable Market
2026-04-01,Zhemgang,Spinach,38.86,370.5,Municipal Vegetable Market
2026-04-01,Zhemgang,Tomato,60.87,292.8,Municipal Vegetable Market
2026-04-01,Zhemgang,Chilli (dried),265.52,34.7,Centenary Farmers Market
2026-04-01,Zhemgang,Cauliflower,55.55,352.9,Weekend Roadside Market
2026-04-01,Zhemgang,Potato,33.45,23.8,Municipal Vegetable Market
2026-04-01,Tsirang,Potato,32.41,455.9,Centenary Farmers Market
2026-04-01,Tsirang,Radish,14.58,432.3,Centenary Farmers Market
2026-04-01,Tsirang,Cauliflower,39.58,450.9,Centenary Farmers Market
2026-04-01,Tsirang,Chilli (dried),204.29,221.5,Municipal Vegetable Market
2026-04-01,Samtse,Chilli (dried),213.68,353.9,Municipal Vegetable Market
2026-04-01,Samtse,Cabbage,21.18,359.7,Centenary Farmers Market
2026-04-01,Samtse,Spinach,29.63,94.9,Centenary Farmers Market
2026-04-01,Samtse,  TOMATO  ,58.81,76.1,Centenary Farmers Market
2026-04-01,Samtse,Radish,27.42,69.3,Municipal Vegetable Market
2026-04-01,Mongar,Broccoli,54.82,119.3,Municipal Vegetable Market
2026-04-01,Mongar,Chilli (dried),194.08,266.8,Centenary Farmers Market
2026-04-01,Mongar,Radish,20.36,110.1,Municipal Vegetable Market
2026-04-01,Mongar,Tomato,40.7,348.4,Centenary Farmers Market
2026-04-01,Mongar,Cauliflower,47.95,77.3,Centenary Farmers Market
2026-04-01,Mongar,Cabbage,19.18,162.0,Municipal Vegetable Market
2026-04-01,Mongar,Potato,36.93,65.9,Weekend Roadside Market
2026-04-01,Mongar,Spinach,39.3,466.4,Centenary Farmers Market
2026-04-01,Mongar,Chilli (fresh),102.28,58.0,Centenary Farmers Market
2026-04-01,Chukha,Onion,60.53,348.6,Weekend Roadside Market
2026-04-01,Chukha,Spinach,35.5,320.8,Municipal Vegetable Market
2026-04-01,Chukha,Cabbage,23.21,40.7,Weekend Roadside Market
2026-04-01,Chukha,Radish,19.45,414.0,Weekend Roadside Market
2026-04-01,Chukha,Chilli (dried),172.47,396.4,Municipal Vegetable Market
2026-04-01,Chukha,Potato,37.89,419.7,Municipal Vegetable Market
2026-04-01,Chukha,Tomato,41.59,382.9,Centenary Farmers Market
2026-04-01,Chukha,Chilli (fresh),91.41,70.5,Weekend Roadside Market
2026-04-02,Mongar,Chilli (fresh),73.65,455.1,Municipal Vegetable Market
2026-04-02,Mongar,Potato,25.52,167.6,Weekend Roadside Market
2026-04-02,Mongar,Chilli (dried),231.15,127.7,Municipal Vegetable Market
2026-04-02,Mongar,Tomato,64.76,395.1,Weekend Roadside Market
2026-04-02,Mongar,Cabbage,14.6,152.1,Centenary Farmers Market
2026-04-02,Mongar,Onion,67.25,461.8,Municipal Vegetable Market
2026-04-02,Lhuentse,Onion,57.04,21.7,Centenary Farmers Market
2026-04-02,Lhuentse,Potato,41.79,27.1,Weekend Roadside Market
2026-04-02,Lhuentse,Chilli (dried),252.52,209.0,Municipal Vegetable Market
2026-04-02,Lhuentse,Broccoli,-48.47,471.6,Municipal Vegetable Market
2026-04-02,Lhuentse,Spinach,23.56,184.4,Municipal Vegetable Market
2026-04-02,Lhuentse,Chilli (fresh),80.0,169.0,Municipal Vegetable Market
2026-04-02,Lhuentse,Radish,16.59,140.6,Centenary Farmers Market
2026-04-02,Lhuentse,Tomato,81.15,230.5,Municipal Vegetable Market
2026-04-02,Lhuentse,Cauliflower,58.92,116.6,Centenary Farmers Market
2026-04-02,Lhuentse,Cabbage,20.64,215.1,Municipal Vegetable Market
2026-04-02,Sarpang,Broccoli,81.37,482.3,Weekend Roadside Market
2026-04-02,Sarpang,Potato,38.04,403.6,Municipal Vegetable Market
2026-04-02,Sarpang,Spinach,36.0,95.7,Centenary Farmers Market
2026-04-02,Sarpang,Cauliflower,31.82,115.2,Municipal Vegetable Market
2026-04-02,Sarpang,Radish,20.21,234.9,Municipal Vegetable Market
2026-04-02,Sarpang,Onion,53.16,362.4,Centenary Farmers Market
2026-04-02,Sarpang,Chilli (dried),226.16,464.7,Centenary Farmers Market
2026-04-02,Sarpang,Cabbage,20.16,302.5,Centenary Farmers Market
2026-04-02,Sarpang,Tomato,91.52,215.2,Municipal Vegetable Market
2026-04-02,Trashigang,Cauliflower,39.45,101.2,Weekend Roadside Market
2026-04-02,Trashigang,Cabbage,22.55,90.6,Centenary Farmers Market
2026-04-02,Trashigang,Chilli (fresh),87.92,438.0,Centenary Farmers Market
2026-04-02,Trashigang,Chilli (dried),275.52,166.7,Municipal Vegetable Market
2026-04-02,Trashigang,Radish,29.15,124.6,Centenary Farmers Market
2026-04-02,Trashigang,Tomato,60.02,202.3,Weekend Roadside Market
2026-04-02,Trashigang,Potato,37.62,166.5,Weekend Roadside Market
2026-04-02,Trashigang,Spinach,29.4,104.6,Weekend Roadside Market
2026-04-02,Trashigang,Onion,60.88,382.0,Weekend Roadside Market
2026-04-02,Trashigang,Broccoli,80.34,436.0,Weekend Roadside Market
2026-04-02,Zhemgang,Radish,21.44,426.5,Municipal Vegetable Market
2026-04-02,Zhemgang,Cabbage,29.2,246.7,Centenary Farmers Market
2026-04-02,Zhemgang,Tomato,58.28,54.4,Municipal Vegetable Market
2026-04-02,Zhemgang,Onion,65.07,208.0,Centenary Farmers Market
2026-04-02,Zhemgang,Potato,34.85,172.1,Centenary Farmers Market
2026-04-02,Zhemgang,Chilli (fresh),60.31,252.1,Municipal Vegetable Market
2026-04-02,Wangdue Phodrang,Cabbage,32.12,92.5,Centenary Farmers Market
2026-04-02,Wangdue Phodrang,Cauliflower,45.38,343.3,Centenary Farmers Market
2026-04-02,Wangdue Phodrang,Radish,28.84,469.9,Municipal Vegetable Market
2026-04-02,Wangdue Phodrang,Broccoli,48.98,29.2,Municipal Vegetable Market
2026-04-02,Thimphu,Radish,17.58,62.1,Centenary Farmers Market
2026-04-02,Thimphu,Onion,41.06,41.3,Municipal Vegetable Market
2026-04-02,Thimphu,Broccoli,73.83,60.9,Weekend Roadside Market
2026-04-02,Thimphu,Cabbage,20.55,100.9,Centenary Farmers Market
2026-04-02,Thimphu,Chilli (dried),235.61,412.7,Weekend Roadside Market
2026-04-02,Thimphu,Potato,38.98,262.8,Municipal Vegetable Market
2026-04-02,Thimphu,Spinach,38.41,416.8,Municipal Vegetable Market
2026-04-02,Thimphu,Tomato,98.31,344.4,Weekend Roadside Market
2026-04-02,Thimphu,Chilli (fresh),103.81,135.8,Centenary Farmers Market
2026-04-02,Paro,Tomato,68.89,472.6,Weekend Roadside Market
2026-04-02,Paro,Broccoli,65.06,436.0,Centenary Farmers Market
2026-04-02,Paro,Chilli (fresh),124.81,461.6,Weekend Roadside Market
2026-04-02,Paro,Chilli (dried),240.94,225.3,Centenary Farmers Market
2026-04-02,Paro,Spinach,38.87,476.1,Municipal Vegetable Market
2026-04-02,Paro,Cauliflower,44.86,237.2,Weekend Roadside Market
2026-04-02,Paro,Cabbage,27.52,473.5,Municipal Vegetable Market
2026-04-02,Paro,Potato,38.68,436.8,Municipal Vegetable Market
2026-04-02,Paro,Radish,16.86,439.9,Weekend Roadside Market
2026-04-02,Paro,Onion,52.43,405.5,Municipal Vegetable Market
2026-04-03,Bumthang,Onion,51.96,470.9,Municipal Vegetable Market
2026-04-03,Bumthang,Broccoli,56.18,30.2,Weekend Roadside Market
2026-04-03,Bumthang,Spinach,40.34,449.6,Municipal Vegetable Market
2026-04-03,Bumthang,Cabbage,21.91,390.2,Weekend Roadside Market
2026-04-03,Bumthang,Tomato,57.49,216.1,Municipal Vegetable Market
2026-04-03,Bumthang,Potato,41.81,129.0,Centenary Farmers Market
2026-04-03,Bumthang,Chilli (dried),317.51,390.7,Municipal Vegetable Market
2026-04-03,Bumthang,Chilli (fresh),149.18,155.9,Municipal Vegetable Market
2026-04-03,Samtse,Cabbage,18.88,398.3,Weekend Roadside Market
2026-04-03,Samtse,Cauliflower,38.54,202.1,Centenary Farmers Market
2026-04-03,Samtse,Chilli (dried),263.05,112.9,Weekend Roadside Market
2026-04-03,Samtse,Chilli (fresh),62.36,287.0,Weekend Roadside Market
2026-04-03,Samtse,Tomato,54.08,61.4,Municipal Vegetable Market
2026-04-03,Samtse,Radish,16.52,474.5,Centenary Farmers Market
2026-04-03,Samtse,Onion,45.62,57.7,Municipal Vegetable Market
2026-04-03,Samtse,Broccoli,50.21,327.2,Weekend Roadside Market
2026-04-03,Tsirang,Potato,35.97,444.4,Weekend Roadside Market
2026-04-03,Tsirang,Broccoli,45.33,374.8,Centenary Farmers Market
2026-04-03,Tsirang,Tomato,77.43,249.6,Municipal Vegetable Market
2026-04-03,Tsirang,Chilli (dried),235.69,336.0,Centenary Farmers Market
2026-04-03,Tsirang,Cauliflower,59.24,466.4,Municipal Vegetable Market
2026-04-03,Chukha,Tomato,93.51,33.2,Weekend Roadside Market
2026-04-03,Chukha,Cauliflower,55.77,88.0,Centenary Farmers Market
2026-04-03,Chukha,Radish,15.01,184.6,Centenary Farmers Market
2026-04-03,Chukha,Broccoli,59.01,376.7,Weekend Roadside Market
2026-04-03,Paro,Cabbage,32.56,38.5,Municipal Vegetable Market
2026-04-03,Paro,Chilli (fresh),67.65,355.1,Centenary Farmers Market
2026-04-03,Paro,Cauliflower,44.61,284.3,Municipal Vegetable Market
2026-04-03,Paro,Spinach,21.2,381.6,Centenary Farmers Market
2026-04-03,Paro,Radish,25.12,431.2,Centenary Farmers Market
2026-04-03,Paro,Broccoli,91.96,200.8,Municipal Vegetable Market
2026-04-03,Paro,Tomato,35.88,489.2,Weekend Roadside Market
2026-04-03,Paro,Potato,49.21,301.9,Municipal Vegetable Market
2026-04-03,Zhemgang,Cauliflower,42.19,248.5,Centenary Farmers Market
2026-04-03,Zhemgang,Onion,39.84,271.6,Centenary Farmers Market
2026-04-03,Zhemgang,Potato,31.93,209.4,Municipal Vegetable Market
2026-04-03,Zhemgang,Tomato,74.04,82.0,Centenary Farmers Market
2026-04-03,Haa,Onion,49.58,151.8,Centenary Farmers Market
2026-04-03,Haa,Chilli (dried),316.34,267.8,Centenary Farmers Market
2026-04-03,Haa,Spinach,41.1,310.1,Weekend Roadside Market
2026-04-03,Haa,Cabbage,23.62,399.9,Municipal Vegetable Market
2026-04-03,Haa,Potato,37.73,185.9,Weekend Roadside Market
2026-04-03,Haa,Broccoli,75.37,356.5,Municipal Vegetable Market
2026-04-03,Haa,Chilli (fresh),122.08,187.3,Municipal Vegetable Market
2026-04-03,Haa,Cauliflower,58.95,360.0,Centenary Farmers Market
2026-04-03,Haa,Radish,19.54,46.6,Weekend Roadside Market
2026-04-03,Haa,Tomato,60.09,272.6,Centenary Farmers Market
2026-04-03,Sarpang,Spinach,44.64,191.8,Centenary Farmers Market
2026-04-03,Sarpang,Chilli (fresh),81.47,249.5,Municipal Vegetable Market
2026-04-03,Sarpang,Chilli (dried),277.71,308.7,Weekend Roadside Market
2026-04-03,Sarpang,Broccoli,75.66,444.3,Centenary Farmers Market
2026-04-03,Sarpang,Cabbage,24.24,331.7,Centenary Farmers Market
2026-04-03,Sarpang,Potato,26.34,205.4,Weekend Roadside Market
2026-04-04,Zhemgang,Potato,27.54,461.5,Centenary Farmers Market
2026-04-04,Zhemgang,Radish,22.75,419.3,Municipal Vegetable Market
2026-04-04,Zhemgang,Chilli (fresh),70.02,52.9,Weekend Roadside Market
2026-04-04,Zhemgang,Cauliflower,33.95,242.1,Weekend Roadside Market
2026-04-04,Zhemgang,Cabbage,21.5,121.0,Weekend Roadside Market
2026-04-04,Chukha,Cauliflower,51.99,343.5,Municipal Vegetable Market
2026-04-04,Chukha,Radish,28.27,311.0,Municipal Vegetable Market
2026-04-04,Chukha,Potato,45.21,316.5,Centenary Farmers Market
2026-04-04,Chukha,Onion,62.82,433.6,Municipal Vegetable Market
2026-04-04,Chukha,Tomato,76.95,78.3,Weekend Roadside Market
2026-04-04,Chukha,Spinach,23.73,39.9,Municipal Vegetable Market
2026-04-04,Chukha,Broccoli,86.25,24.5,Weekend Roadside Market
2026-04-04,Paro,Potato,32.96,183.0,Weekend Roadside Market
2026-04-04,Paro,Radish,20.56,355.1,Weekend Roadside Market
2026-04-04,Paro,Spinach,28.46,258.0,Municipal Vegetable Market
2026-04-04,Paro,Chilli (dried),275.41,401.1,Weekend Roadside Market
2026-04-04,Thimphu,Cabbage,17.25,293.2,Municipal Vegetable Market
2026-04-04,Thimphu,Broccoli,68.95,221.1,Weekend Roadside Market
2026-04-04,Thimphu,Potato,40.99,55.2,Municipal Vegetable Market
2026-04-04,Thimphu,Cauliflower,29.26,153.5,Centenary Farmers Market
2026-04-04,Thimphu,Onion,60.98,32.0,Weekend Roadside Market
2026-04-04,Thimphu,Spinach,31.32,333.5,Weekend Roadside Market
2026-04-04,Thimphu,Chilli (fresh),123.64,432.0,Municipal Vegetable Market
2026-04-04,Thimphu,Tomato,89.1,162.3,Municipal Vegetable Market
2026-04-04,Punakha,Spinach,43.45,178.1,Weekend Roadside Market
2026-04-04,Punakha,Onion,77.1,74.5,Centenary Farmers Market
2026-04-04,Punakha,Chilli (fresh),114.86,148.8,Centenary Farmers Market
2026-04-04,Punakha,Chilli (dried),203.21,316.2,Weekend Roadside Market
2026-04-04,Punakha,Tomato,79.05,402.4,Centenary Farmers Market
2026-04-04,Punakha,Radish,26.15,283.4,Municipal Vegetable Market
2026-04-04,Punakha,Cabbage,25.29,219.8,Municipal Vegetable Market
2026-04-04,Punakha,Potato,45.19,28.9,Centenary Farmers Market
2026-04-04,Samtse,Tomato,64.35,304.0,Municipal Vegetable Market
2026-04-04,Samtse,Onion,47.74,436.8,Weekend Roadside Market
2026-04-04,Samtse,Broccoli,60.14,332.4,Weekend Roadside Market
2026-04-04,Samtse,Cauliflower,36.97,408.9,Municipal Vegetable Market
2026-04-04,Samtse,Chilli (dried),184.92,225.8,Centenary Farmers Market
2026-04-04,Samtse,Potato,34.41,444.4,Centenary Farmers Market
2026-04-04,Samtse,Chilli (fresh),138.23,227.0,Municipal Vegetable Market
2026-04-04,Bumthang,Potato,34.75,190.0,Centenary Farmers Market
2026-04-04,Bumthang,Onion,63.34,50.7,Centenary Farmers Market
2026-04-04,Bumthang,Cabbage,23.77,127.3,Centenary Farmers Market
2026-04-04,Bumthang,Tomato,38.59,108.2,Municipal Vegetable Market
2026-04-04,Bumthang,Chilli (dried),255.22,84.2,Centenary Farmers Market
2026-04-04,Bumthang,Broccoli,62.82,410.1,Municipal Vegetable Market
2026-04-04,Bumthang,Radish,17.06,270.1,Municipal Vegetable Market
2026-04-04,Bumthang,Chilli (fresh),120.5,201.0,Centenary Farmers Market
2026-04-04,Mongar,Broccoli,57.52,205.0,Municipal Vegetable Market
2026-04-04,Mongar,Spinach,27.42,435.4,Municipal Vegetable Market
2026-04-04,Mongar,Cauliflower,31.26,239.0,Municipal Vegetable Market
2026-04-04,Mongar,Tomato,52.96,195.7,Weekend Roadside Market
2026-04-04,Mongar,  RADISH  ,16.77,322.0,Centenary Farmers Market
2026-04-04,Mongar,Chilli (dried),197.63,84.4,Municipal Vegetable Market
2026-04-04,Mongar,Onion,58.14,165.6,Municipal Vegetable Market
2026-04-04,Lhuentse,Spinach,38.82,247.9,Municipal Vegetable Market
2026-04-04,Lhuentse,Potato,48.99,188.7,Municipal Vegetable Market
2026-04-04,Lhuentse,Tomato,68.49,239.9,Municipal Vegetable Market
2026-04-04,Lhuentse,Cauliflower,59.92,297.0,Weekend Roadside Market
2026-04-04,Trashigang,Cabbage,19.72,436.8,Weekend Roadside Market
2026-04-04,Trashigang,Chilli (fresh),156.63,405.4,Municipal Vegetable Market
2026-04-04,Trashigang,Onion,53.68,306.8,Municipal Vegetable Market
2026-04-04,Trashigang,Tomato,91.38,193.1,Municipal Vegetable Market
2026-04-04,Trashigang,Potato,26.63,59.3,Weekend Roadside Market
2026-04-04,Trashigang,Chilli (dried),229.68,191.5,Municipal Vegetable Market
2026-04-04,Trashigang,Spinach,21.34,377.8,Municipal Vegetable Market
2026-04-05,Chukha,Onion,55.39,234.0,Centenary Farmers Market
2026-04-05,Chukha,Spinach,33.66,207.3,Centenary Farmers Market
2026-04-05,Chukha,Radish,23.93,192.7,Weekend Roadside Market
2026-04-05,Chukha,Broccoli,52.04,436.8,Municipal Vegetable Market
2026-04-05,Chukha,Tomato,38.73,485.3,Centenary Farmers Market
2026-04-05,Chukha,Chilli (fresh),111.08,132.9,Weekend Roadside Market
2026-04-05,Chukha,Cabbage,17.12,332.2,Municipal Vegetable Market
2026-04-05,Chukha,Cauliflower,48.93,436.0,Municipal Vegetable Market
2026-04-05,Chukha,Potato,39.86,43.4,Municipal Vegetable Market
2026-04-05,Punakha,Cauliflower,36.0,23.2,Municipal Vegetable Market
2026-04-05,Punakha,Chilli (fresh),128.7,134.7,Centenary Farmers Market
2026-04-05,Punakha,Onion,68.93,312.0,Municipal Vegetable Market
2026-04-05,Punakha,Tomato,49.94,415.6,Centenary Farmers Market
2026-04-05,Trashigang,Onion,60.84,461.0,Municipal Vegetable Market
2026-04-05,Trashigang,Tomato,49.09,163.6,Centenary Farmers Market
2026-04-05,Trashigang,Spinach,28.03,39.8,Weekend Roadside Market
2026-04-05,Trashigang,Broccoli,44.11,455.3,Weekend Roadside Market
2026-04-05,Trashigang,Potato,47.57,114.7,Weekend Roadside Market
2026-04-05,Trashigang,Cauliflower,52.16,482.4,Weekend Roadside Market
2026-04-05,Thimphu,Chilli (fresh),76.17,494.7,Centenary Farmers Market
2026-04-05,Thimphu,Cauliflower,27.87,347.3,Centenary Farmers Market
2026-04-05,Thimphu,Chilli (dried),321.2,283.1,Centenary Farmers Market
2026-04-05,Thimphu,Radish,24.17,267.9,Weekend Roadside Market
2026-04-05,Thimphu,Cabbage,30.43,219.8,Municipal Vegetable Market
2026-04-05,Thimphu,Onion,74.51,470.3,Municipal Vegetable Market
2026-04-05,Tsirang,Cabbage,25.76,192.8,Centenary Farmers Market
2026-04-05,Tsirang,Chilli (dried),275.15,147.3,Weekend Roadside Market
2026-04-05,Tsirang,Spinach,25.52,253.8,Municipal Vegetable Market
2026-04-05,Tsirang,Broccoli,53.75,469.4,Weekend Roadside Market
2026-04-05,Tsirang,Radish,-13.99,127.8,Centenary Farmers Market
2026-04-05,Tsirang,Tomato,56.48,454.5,Municipal Vegetable Market
2026-04-05,Tsirang,Potato,33.92,194.5,Centenary Farmers Market
2026-04-05,Tsirang,Chilli (fresh),130.24,427.2,Municipal Vegetable Market
2026-04-05,Mongar,Cauliflower,51.8,61.7,Weekend Roadside Market
2026-04-05,Mongar,Chilli (dried),336.96,316.6,Centenary Farmers Market
2026-04-05,Mongar,Tomato,93.62,304.5,Municipal Vegetable Market
2026-04-05,Mongar,Radish,21.65,,Weekend Roadside Market
2026-04-05,Mongar,Cabbage,24.82,216.8,Municipal Vegetable Market
2026-04-05,Mongar,Chilli (fresh),89.0,282.4,Weekend Roadside Market
2026-04-05,Mongar,Spinach,34.74,31.8,Municipal Vegetable Market
2026-04-05,Mongar,Onion,43.48,400.1,Municipal Vegetable Market
2026-04-05,Mongar,Potato,36.9,384.3,Weekend Roadside Market
2026-04-05,Mongar,Broccoli,70.06,157.8,Centenary Farmers Market
2026-04-05,Lhuentse,Tomato,79.53,491.7,Municipal Vegetable Market
2026-04-05,Lhuentse,Chilli (dried),188.19,73.1,Centenary Farmers Market
2026-04-05,Lhuentse,Cabbage,26.32,321.7,Weekend Roadside Market
2026-04-05,Lhuentse,Onion,69.96,350.2,Centenary Farmers Market
2026-04-05,Lhuentse,Broccoli,66.37,185.2,Weekend Roadside Market
2026-04-05,Lhuentse,Radish,27.42,270.3,Centenary Farmers Market
2026-04-05,Lhuentse,Potato,27.46,304.4,Municipal Vegetable Market
2026-04-05,Paro,Chilli (fresh),90.12,293.3,Municipal Vegetable Market
2026-04-05,Paro,Tomato,42.11,81.0,Centenary Farmers Market
2026-04-05,Paro,Radish,18.08,300.7,Weekend Roadside Market
2026-04-05,Paro,Chilli (dried),322.22,217.7,Centenary Farmers Market
2026-04-05,Paro,Broccoli,57.63,68.5,Centenary Farmers Market
2026-04-05,Paro,Cabbage,18.44,347.5,Municipal Vegetable Market
2026-04-05,Paro,Cauliflower,44.07,46.8,Centenary Farmers Market
2026-04-05,Haa,Spinach,19.63,106.6,Centenary Farmers Market
2026-04-05,Haa,Potato,29.7,418.9,Municipal Vegetable Market
2026-04-05,Haa,Broccoli,69.32,327.8,Centenary Farmers Market
2026-04-05,Haa,Cabbage,27.25,197.1,Weekend Roadside Market
2026-04-05,Haa,Radish,15.43,486.8,Municipal Vegetable Market
2026-04-05,Haa,Tomato,64.14,205.7,Centenary Farmers Market
2026-04-05,Bumthang,Spinach,38.42,484.8,Weekend Roadside Market
2026-04-05,Bumthang,Cabbage,25.62,474.2,Weekend Roadside Market
2026-04-05,Bumthang,Tomato,47.34,417.0,Weekend Roadside Market
2026-04-05,Bumthang,Chilli (fresh),61.19,368.6,Weekend Roadside Market
2026-04-05,Samtse,Tomato,42.28,37.9,Weekend Roadside Market
2026-04-05,Samtse,Chilli (dried),256.78,353.8,Centenary Farmers Market
2026-04-05,Samtse,Potato,46.71,271.2,Weekend Roadside Market
2026-04-05,Samtse,Cauliflower,57.39,77.8,Municipal Vegetable Market
2026-04-05,Samtse,Chilli (fresh),65.37,451.7,Municipal Vegetable Market
2026-04-05,Samtse,Broccoli,48.62,105.4,Centenary Farmers Market
2026-04-05,Samtse,Onion,44.59,244.7,Municipal Vegetable Market
2026-04-05,Samtse,Radish,25.59,355.8,Weekend Roadside Market
2026-04-06,Paro,Radish,22.33,217.4,Municipal Vegetable Market
2026-04-06,Paro,Potato,34.14,87.5,Centenary Farmers Market
2026-04-06,Paro,Onion,44.01,204.8,Centenary Farmers Market
2026-04-06,Paro,Broccoli,68.95,483.5,Weekend Roadside Market
2026-04-06,Paro,Spinach,20.64,489.9,Municipal Vegetable Market
2026-04-06,Paro,Chilli (dried),344.12,103.6,Weekend Roadside Market
2026-04-06,Lhuentse,Chilli (fresh),83.81,439.7,Centenary Farmers Market
2026-04-06,Lhuentse,Potato,39.59,394.7,Weekend Roadside Market
2026-04-06,Lhuentse,Broccoli,54.94,22.7,Weekend Roadside Market
2026-04-06,Lhuentse,Tomato,58.39,85.2,Centenary Farmers Market
2026-04-06,Lhuentse,Radish,27.62,194.6,Weekend Roadside Market
2026-04-06,Lhuentse,Chilli (dried),207.85,392.1,Municipal Vegetable Market
2026-04-06,Lhuentse,Spinach,47.22,267.9,Centenary Farmers Market
2026-04-06,Lhuentse,Cabbage,16.77,232.2,Centenary Farmers Market
2026-04-06,Lhuentse,Onion,41.78,234.1,Weekend Roadside Market
2026-04-06,Tsirang,Chilli (fresh),63.6,274.7,Weekend Roadside Market
2026-04-06,Tsirang,Spinach,34.97,402.4,Centenary Farmers Market
2026-04-06,Tsirang,Potato,22.45,340.4,Weekend Roadside Market
2026-04-06,Tsirang,Radish,15.74,478.4,Weekend Roadside Market
2026-04-06,Tsirang,Chilli (dried),350.83,246.4,Municipal Vegetable Market
2026-04-06,Tsirang,Broccoli,81.39,339.9,Municipal Vegetable Market
2026-04-06,Tsirang,Cabbage,19.28,266.8,Centenary Farmers Market
2026-04-06,Mongar,Potato,42.38,443.0,Municipal Vegetable Market
2026-04-06,Mongar,Spinach,42.21,463.7,Weekend Roadside Market
2026-04-06,Mongar,Cabbage,25.79,499.6,Centenary Farmers Market
2026-04-06,Mongar,Chilli (dried),299.08,219.8,Municipal Vegetable Market
2026-04-06,Mongar,Tomato,44.9,485.8,Municipal Vegetable Market
2026-04-06,Bumthang,Spinach,31.82,281.5,Municipal Vegetable Market
2026-04-06,Bumthang,Cabbage,30.23,149.5,Centenary Farmers Market
2026-04-06,Bumthang,Broccoli,53.44,149.8,Centenary Farmers Market
2026-04-06,Bumthang,Chilli (dried),181.61,375.3,Centenary Farmers Market
2026-04-06,Bumthang,Radish,24.15,372.2,Centenary Farmers Market
2026-04-06,Bumthang,Chilli (fresh),53.13,113.6,Municipal Vegetable Market
2026-04-06,Trashigang,Tomato,33.58,229.1,Weekend Roadside Market
2026-04-06,Trashigang,Chilli (fresh),133.84,359.8,Municipal Vegetable Market
2026-04-06,Trashigang,Chilli (dried),264.72,405.8,Weekend Roadside Market
2026-04-06,Trashigang,Broccoli,63.35,42.8,Municipal Vegetable Market
2026-04-06,Trashigang,Spinach,46.28,248.3,Weekend Roadside Market
2026-04-06,Trashigang,Onion,48.74,429.4,Centenary Farmers Market
2026-04-06,Trongsa,Spinach,25.29,202.6,Municipal Vegetable Market
2026-04-06,Trongsa,Radish,15.83,126.4,Weekend Roadside Market
2026-04-06,Trongsa,Cabbage,17.01,162.9,Centenary Farmers Market
2026-04-06,Trongsa,Cauliflower,41.82,81.4,Weekend Roadside Market
2026-04-06,Samtse,Tomato,37.99,154.8,Weekend Roadside Market
2026-04-06,Samtse,Potato,39.67,250.9,Weekend Roadside Market
2026-04-06,Samtse,Radish,14.21,189.9,Municipal Vegetable Market
2026-04-06,Samtse,Chilli (dried),274.56,171.4,Municipal Vegetable Market
2026-04-06,Samtse,Broccoli,59.6,469.0,Municipal Vegetable Market
2026-04-06,Samtse,Onion,53.81,460.1,Weekend Roadside Market
2026-04-06,Samtse,Cauliflower,34.86,73.1,Weekend Roadside Market
2026-04-06,Samtse,Spinach,39.09,499.0,Weekend Roadside Market
2026-04-06,Samtse,Cabbage,14.21,266.6,Municipal Vegetable Market
2026-04-06,Haa,Radish,19.91,455.2,Municipal Vegetable Market
2026-04-06,Haa,Cabbage,22.62,240.2,Weekend Roadside Market
2026-04-06,Haa,Chilli (fresh),61.23,484.9,Weekend Roadside Market
2026-04-06,Haa,Spinach,41.9,481.9,Centenary Farmers Market
2026-04-06,Haa,Chilli (dried),209.38,447.2,Centenary Farmers Market
2026-04-06,Haa,Potato,39.01,301.1,Centenary Farmers Market
2026-04-06,Haa,Onion,67.55,66.5,Municipal Vegetable Market
2026-04-06,Haa,Broccoli,78.31,392.2,Municipal Vegetable Market
2026-04-06,Haa,Tomato,53.52,404.8,Municipal Vegetable Market
2026-04-06,Haa,Cauliflower,53.33,118.2,Weekend Roadside Market
2026-04-06,Wangdue Phodrang,Radish,20.29,360.2,Centenary Farmers Market
2026-04-06,Wangdue Phodrang,Chilli (fresh),81.51,420.5,Weekend Roadside Market
2026-04-06,Wangdue Phodrang,Cauliflower,62.44,216.0,Municipal Vegetable Market
2026-04-06,Wangdue Phodrang,Potato,25.37,78.6,Centenary Farmers Market
2026-04-06,Wangdue Phodrang,Chilli (dried),169.33,176.4,Weekend Roadside Market
2026-04-06,Chukha,Cabbage,33.08,108.6,Centenary Farmers Market
2026-04-06,Chukha,Chilli (dried),257.42,73.4,Centenary Farmers Market
2026-04-06,Chukha,Broccoli,-44.19,152.5,Municipal Vegetable Market
2026-04-06,Chukha,Spinach,-42.62,74.2,Centenary Farmers Market
2026-04-06,Chukha,Potato,34.5,468.3,Municipal Vegetable Market
2026-04-06,Sarpang,Spinach,37.41,133.1,Weekend Roadside Market
2026-04-06,Sarpang,Tomato,37.81,73.3,Centenary Farmers Market
2026-04-06,Sarpang,Cabbage,18.31,480.1,Municipal Vegetable Market
2026-04-06,Sarpang,Broccoli,84.02,432.1,Municipal Vegetable Market
2026-04-06,Thimphu,Radish,22.04,374.1,Centenary Farmers Market
2026-04-06,Thimphu,Spinach,37.39,205.5,Centenary Farmers Market
2026-04-06,Thimphu,Potato,39.54,308.9,Municipal Vegetable Market
2026-04-06,Thimphu,Chilli (dried),213.44,180.3,Municipal Vegetable Market
2026-04-06,Thimphu,Broccoli,62.39,192.1,Weekend Roadside Market
2026-04-06,Thimphu,Chilli (fresh),71.69,101.7,Weekend Roadside Market
2026-04-07,Mongar,Radish,18.0,154.7,Centenary Farmers Market
2026-04-07,Mongar,Spinach,44.89,302.7,Centenary Farmers Market
2026-04-07,Mongar,Tomato,45.24,41.3,Weekend Roadside Market
2026-04-07,Mongar,Chilli (dried),240.84,417.8,Weekend Roadside Market
2026-04-07,Mongar,Chilli (fresh),94.99,90.9,Weekend Roadside Market
2026-04-07,Haa,Radish,27.47,331.5,Weekend Roadside Market
2026-04-07,Haa,Spinach,34.3,416.6,Municipal Vegetable Market
2026-04-07,Haa,Tomato,66.54,174.6,Municipal Vegetable Market
2026-04-07,Haa,Chilli (dried),254.3,369.0,Weekend Roadside Market
2026-04-07,Haa,Cauliflower,42.06,367.3,Municipal Vegetable Market
2026-04-07,Haa,Onion,50.8,261.2,Municipal Vegetable Market
2026-04-07,Haa,Chilli (fresh),121.83,354.5,Weekend Roadside Market
2026-04-07,Haa,Broccoli,67.5,331.6,Municipal Vegetable Market
2026-04-07,Haa,Potato,37.31,459.3,Centenary Farmers Market
2026-04-07,Samtse,Potato,43.71,198.8,Centenary Farmers Market
2026-04-07,Samtse,Tomato,91.04,326.4,Municipal Vegetable Market
2026-04-07,Samtse,Onion,67.08,207.9,Centenary Farmers Market
2026-04-07,Samtse,Chilli (dried),181.03,360.4,Centenary Farmers Market
2026-04-07,Samtse,  RADISH  ,14.67,397.3,Centenary Farmers Market
2026-04-07,Samtse,Broccoli,93.96,492.3,Weekend Roadside Market
2026-04-07,Samtse,Cabbage,25.41,493.5,Weekend Roadside Market
2026-04-07,Samtse,Cauliflower,63.14,227.6,Centenary Farmers Market
2026-04-07,Trashigang,Onion,62.9,292.8,Weekend Roadside Market
2026-04-07,Trashigang,Radish,24.01,427.5,Weekend Roadside Market
2026-04-07,Trashigang,Spinach,25.51,400.7,Municipal Vegetable Market
2026-04-07,Trashigang,Cabbage,24.61,423.9,Municipal Vegetable Market
2026-04-07,Trashigang,Cauliflower,39.35,396.6,Weekend Roadside Market
2026-04-07,Trashigang,Chilli (dried),309.0,235.0,Centenary Farmers Market
2026-04-07,Trongsa,Potato,36.86,312.0,Weekend Roadside Market
2026-04-07,Trongsa,Cauliflower,43.38,83.6,Municipal Vegetable Market
2026-04-07,Trongsa,Chilli (fresh),78.0,351.5,Weekend Roadside Market
2026-04-07,Trongsa,Cabbage,23.78,155.7,Municipal Vegetable Market
2026-04-07,Trongsa,Radish,22.86,267.9,Weekend Roadside Market
2026-04-07,Trongsa,Broccoli,55.93,239.1,Weekend Roadside Market
2026-04-07,Trongsa,Tomato,76.74,320.9,Municipal Vegetable Market
2026-04-07,Lhuentse,Spinach,19.81,161.2,Centenary Farmers Market
2026-04-07,Lhuentse,Cauliflower,50.97,236.5,Centenary Farmers Market
2026-04-07,Lhuentse,Cabbage,20.46,291.6,Municipal Vegetable Market
2026-04-07,Lhuentse,Chilli (fresh),93.68,148.3,Weekend Roadside Market
2026-04-07,Lhuentse,Broccoli,73.39,327.3,Weekend Roadside Market
2026-04-07,Lhuentse,Radish,15.52,426.3,Weekend Roadside Market
2026-04-07,Lhuentse,Chilli (dried),164.18,230.8,Weekend Roadside Market
2026-04-07,Lhuentse,Onion,38.51,34.4,Weekend Roadside Market
2026-04-07,Thimphu,Cabbage,20.97,408.5,Municipal Vegetable Market
2026-04-07,Thimphu,Broccoli,74.0,400.2,Centenary Farmers Market
2026-04-07,Thimphu,Cauliflower,57.2,396.7,Weekend Roadside Market
2026-04-07,Thimphu,Onion,56.26,25.8,Weekend Roadside Market
2026-04-07,Thimphu,Tomato,36.13,440.6,Weekend Roadside Market
2026-04-07,Chukha,Chilli (fresh),81.31,29.7,Centenary Farmers Market
2026-04-07,Chukha,Chilli (dried),278.64,68.6,Centenary Farmers Market
2026-04-07,Chukha,Tomato,57.06,95.0,Municipal Vegetable Market
2026-04-07,Chukha,Potato,28.34,285.1,Centenary Farmers Market
2026-04-07,Chukha,Onion,63.9,279.0,Centenary Farmers Market
2026-04-07,Chukha,Cauliflower,50.94,368.5,Weekend Roadside Market
2026-04-07,Chukha,Radish,17.31,485.3,Weekend Roadside Market
2026-04-07,Chukha,Broccoli,77.47,481.2,Centenary Farmers Market
2026-04-07,Tsirang,Broccoli,87.45,490.2,Weekend Roadside Market
2026-04-07,Tsirang,Cauliflower,47.93,238.2,Weekend Roadside Market
2026-04-07,Tsirang,Onion,55.89,380.2,Centenary Farmers Market
2026-04-07,Tsirang,Tomato,84.66,205.4,Municipal Vegetable Market
2026-04-07,Tsirang,Potato,44.34,26.3,Centenary Farmers Market
2026-04-07,Tsirang,Cabbage,31.65,35.2,Centenary Farmers Market
2026-04-07,Tsirang,Radish,23.3,382.7,Municipal Vegetable Market
2026-04-07,Tsirang,Chilli (dried),244.9,328.8,Municipal Vegetable Market
2026-04-07,Tsirang,Chilli (fresh),140.9,424.7,Centenary Farmers Market
2026-04-08,Trongsa,  CHILLI (DRIED)  ,216.14,228.1,Weekend Roadside Market
2026-04-08,Trongsa,Cauliflower,46.16,379.4,Weekend Roadside Market
2026-04-08,Trongsa,Onion,54.99,135.2,Municipal Vegetable Market
2026-04-08,Trongsa,Radish,26.67,298.1,Weekend Roadside Market
2026-04-08,Trongsa,Tomato,63.13,277.4,Centenary Farmers Market
2026-04-08,Trongsa,Cabbage,16.72,463.7,Weekend Roadside Market
2026-04-08,Trongsa,Potato,36.33,479.6,Municipal Vegetable Market
2026-04-08,Trongsa,Spinach,38.26,409.1,Municipal Vegetable Market
2026-04-08,Trongsa,Broccoli,51.03,281.0,Centenary Farmers Market
2026-04-08,Bumthang,Broccoli,60.93,438.1,Municipal Vegetable Market
2026-04-08,Bumthang,Tomato,90.12,270.4,Centenary Farmers Market
2026-04-08,Bumthang,Potato,43.12,42.5,Municipal Vegetable Market
2026-04-08,Bumthang,Onion,64.78,461.9,Municipal Vegetable Market
2026-04-08,Bumthang,Spinach,38.73,89.2,Centenary Farmers Market
2026-04-08,Bumthang,Chilli (fresh),114.0,363.3,Centenary Farmers Market
2026-04-08,Mongar,Potato,47.96,422.8,Centenary Farmers Market
2026-04-08,Mongar,Spinach,23.2,424.0,Municipal Vegetable Market
2026-04-08,Mongar,Broccoli,71.2,107.0,Centenary Farmers Market
2026-04-08,Mongar,Cabbage,23.06,210.6,Municipal Vegetable Market
2026-04-08,Mongar,Tomato,36.79,363.5,Weekend Roadside Market
2026-04-08,Mongar,Chilli (fresh),154.09,312.1,Centenary Farmers Market
2026-04-08,Mongar,Cauliflower,58.79,110.5,Centenary Farmers Market
2026-04-08,Haa,Onion,71.02,155.9,Municipal Vegetable Market
2026-04-08,Haa,Chilli (fresh),123.68,331.5,Centenary Farmers Market
2026-04-08,Haa,Tomato,76.02,205.6,Municipal Vegetable Market
2026-04-08,Haa,Broccoli,52.87,27.6,Municipal Vegetable Market
2026-04-08,Haa,Spinach,41.79,439.3,Municipal Vegetable Market
2026-04-08,Haa,Chilli (dried),201.94,,Municipal Vegetable Market
2026-04-08,Haa,Radish,22.81,321.1,Centenary Farmers Market
2026-04-08,Haa,Cabbage,25.32,476.5,Municipal Vegetable Market
2026-04-08,Paro,Spinach,26.56,447.2,Weekend Roadside Market
2026-04-08,Paro,Broccoli,46.02,37.2,Weekend Roadside Market
2026-04-08,Paro,Chilli (dried),277.11,351.1,Municipal Vegetable Market
2026-04-08,Paro,Cabbage,27.04,88.6,Centenary Farmers Market
2026-04-08,Paro,Chilli (fresh),91.99,266.3,Municipal Vegetable Market
2026-04-08,Paro,Tomato,87.46,404.1,Centenary Farmers Market
2026-04-08,Paro,Onion,49.84,171.2,Municipal Vegetable Market
2026-04-08,Paro,Cauliflower,34.91,300.8,Municipal Vegetable Market
2026-04-08,Paro,Radish,13.11,346.5,Centenary Farmers Market
2026-04-08,Trashigang,Cauliflower,53.05,469.1,Municipal Vegetable Market
2026-04-08,Trashigang,Cabbage,18.8,64.3,Centenary Farmers Market
2026-04-08,Trashigang,Onion,62.42,376.8,Centenary Farmers Market
2026-04-08,Trashigang,Radish,24.84,280.1,Municipal Vegetable Market
2026-04-08,Trashigang,Spinach,21.84,341.6,Weekend Roadside Market
2026-04-08,Trashigang,Tomato,35.01,242.7,Weekend Roadside Market
2026-04-08,Trashigang,Broccoli,42.85,337.1,Weekend Roadside Market
2026-04-08,Trashigang,Potato,36.61,58.2,Municipal Vegetable Market
2026-04-08,Trashigang,Chilli (fresh),78.84,399.3,Weekend Roadside Market
2026-04-08,Thimphu,Potato,41.61,403.6,Weekend Roadside Market
2026-04-08,Thimphu,Broccoli,76.1,376.5,Municipal Vegetable Market
2026-04-08,Thimphu,Cauliflower,65.21,328.9,Centenary Farmers Market
2026-04-08,Thimphu,Radish,13.68,390.8,Weekend Roadside Market
2026-04-08,Thimphu,Cabbage,21.31,353.2,Centenary Farmers Market
2026-04-08,Chukha,Tomato,56.56,359.1,Centenary Farmers Market
2026-04-08,Chukha,Onion,36.96,132.8,Municipal Vegetable Market
2026-04-08,Chukha,Radish,21.41,72.1,Centenary Farmers Market
2026-04-08,Chukha,Cabbage,17.79,450.1,Centenary Farmers Market
2026-04-08,Chukha,Spinach,23.28,119.2,Municipal Vegetable Market
2026-04-08,Chukha,Cauliflower,40.21,473.7,Weekend Roadside Market
2026-04-08,Chukha,Chilli (dried),270.08,76.3,Centenary Farmers Market
2026-04-08,Chukha,Broccoli,57.36,263.5,Weekend Roadside Market
2026-04-08,Punakha,Cabbage,19.3,414.9,Weekend Roadside Market
2026-04-08,Punakha,Chilli (fresh),113.33,76.8,Centenary Farmers Market
2026-04-08,Punakha,Broccoli,92.71,455.2,Municipal Vegetable Market
2026-04-08,Punakha,Onion,54.42,24.0,Weekend Roadside Market
2026-04-08,Punakha,Cauliflower,60.17,260.1,Municipal Vegetable Market
2026-04-08,Punakha,Tomato,49.14,151.2,Centenary Farmers Market
2026-04-08,Punakha,Radish,29.65,150.5,Municipal Vegetable Market
2026-04-08,Punakha,Potato,31.06,34.1,Centenary Farmers Market
2026-04-09,Punakha,Broccoli,78.2,387.0,Municipal Vegetable Market
2026-04-09,Punakha,Radish,20.11,420.8,Weekend Roadside Market
2026-04-09,Punakha,Chilli (fresh),83.92,292.0,Centenary Farmers Market
2026-04-09,Punakha,Cauliflower,34.83,233.6,Weekend Roadside Market
2026-04-09,Punakha,Spinach,49.63,201.3,Centenary Farmers Market
2026-04-09,Punakha,Cabbage,20.96,148.7,Weekend Roadside Market
2026-04-09,Punakha,Potato,38.9,43.6,Centenary Farmers Market
2026-04-09,Punakha,Tomato,77.98,122.8,Weekend Roadside Market
2026-04-09,Mongar,Cauliflower,36.64,385.0,Municipal Vegetable Market
2026-04-09,Mongar,Onion,57.85,150.2,Weekend Roadside Market
2026-04-09,Mongar,Radish,23.51,385.9,Weekend Roadside Market
2026-04-09,Mongar,Broccoli,55.97,477.2,Municipal Vegetable Market
2026-04-09,Lhuentse,Potato,46.98,386.4,Municipal Vegetable Market
2026-04-09,Lhuentse,Broccoli,50.0,467.9,Weekend Roadside Market
2026-04-09,Lhuentse,Spinach,24.42,353.6,Weekend Roadside Market
2026-04-09,Lhuentse,Cabbage,27.34,446.2,Centenary Farmers Market
2026-04-09,Lhuentse,Onion,46.46,355.8,Weekend Roadside Market
2026-04-09,Lhuentse,Radish,26.54,377.6,Centenary Farmers Market
2026-04-09,Lhuentse,Cauliflower,44.65,377.8,Municipal Vegetable Market
2026-04-09,Lhuentse,Chilli (fresh),82.8,42.1,Weekend Roadside Market
2026-04-09,Lhuentse,Chilli (dried),305.54,266.9,Weekend Roadside Market
2026-04-09,Bumthang,Tomato,74.96,99.1,Centenary Farmers Market
2026-04-09,Bumthang,Chilli (dried),239.69,230.4,Weekend Roadside Market
2026-04-09,Bumthang,Potato,26.52,435.8,Municipal Vegetable Market
2026-04-09,Bumthang,Onion,55.01,112.9,Centenary Farmers Market
2026-04-09,Bumthang,Cauliflower,41.76,219.2,Centenary Farmers Market
2026-04-09,Bumthang,Spinach,25.41,70.1,Weekend Roadside Market
2026-04-09,Bumthang,Broccoli,60.66,246.8,Centenary Farmers Market
2026-04-09,Bumthang,Radish,20.15,400.3,Centenary Farmers Market
2026-04-09,Bumthang,Cabbage,21.79,440.4,Weekend Roadside Market
2026-04-09,Bumthang,Chilli (fresh),63.71,232.7,Centenary Farmers Market
2026-04-09,Chukha,Chilli (dried),255.21,471.0,Municipal Vegetable Market
2026-04-09,Chukha,Chilli (fresh),135.01,453.7,Centenary Farmers Market
2026-04-09,Chukha,Spinach,31.4,461.8,Centenary Farmers Market
2026-04-09,Chukha,Cabbage,23.46,472.4,Weekend Roadside Market
2026-04-09,Chukha,Tomato,44.0,21.8,Weekend Roadside Market
2026-04-09,Chukha,Onion,54.86,360.8,Centenary Farmers Market
2026-04-09,Tsirang,Cauliflower,44.34,436.6,Weekend Roadside Market
2026-04-09,Tsirang,Spinach,23.25,253.7,Weekend Roadside Market
2026-04-09,Tsirang,Chilli (fresh),125.05,454.3,Weekend Roadside Market
2026-04-09,Tsirang,  BROCCOLI  ,47.68,26.3,Centenary Farmers Market
2026-04-09,Tsirang,Tomato,66.36,180.5,Weekend Roadside Market
2026-04-09,Tsirang,Onion,62.92,439.9,Municipal Vegetable Market
2026-04-09,Tsirang,Cabbage,24.65,329.3,Weekend Roadside Market
2026-04-09,Tsirang,Radish,21.2,269.9,Weekend Roadside Market
2026-04-09,Tsirang,Potato,44.63,449.4,Weekend Roadside Market
2026-04-09,Trongsa,Chilli (dried),255.61,337.7,Centenary Farmers Market
2026-04-09,Trongsa,Radish,19.68,336.5,Centenary Farmers Market
2026-04-09,Trongsa,Broccoli,71.95,150.8,Centenary Farmers Market
2026-04-09,Trongsa,Cabbage,29.1,213.5,Municipal Vegetable Market
2026-04-09,Thimphu,Chilli (fresh),115.08,85.8,Municipal Vegetable Market
2026-04-09,Thimphu,Spinach,20.46,105.1,Centenary Farmers Market
2026-04-09,Thimphu,Onion,50.76,351.1,Centenary Farmers Market
2026-04-09,Thimphu,Cauliflower,51.39,48.6,Weekend Roadside Market
2026-04-09,Thimphu,Potato,39.99,414.1,Weekend Roadside Market
2026-04-09,Thimphu,Cabbage,22.14,104.1,Centenary Farmers Market
2026-04-09,Sarpang,Chilli (dried),295.54,20.1,Municipal Vegetable Market
2026-04-09,Sarpang,Tomato,37.77,142.2,Municipal Vegetable Market
2026-04-09,Sarpang,Radish,24.48,85.5,Centenary Farmers Market
2026-04-09,Sarpang,Onion,48.1,198.9,Centenary Farmers Market
2026-04-09,Sarpang,Cauliflower,55.65,381.7,Centenary Farmers Market
2026-04-09,Sarpang,Spinach,43.68,464.7,Weekend Roadside Market
2026-04-09,Sarpang,Potato,25.54,86.0,Weekend Roadside Market
2026-04-09,Sarpang,Chilli (fresh),80.25,351.4,Centenary Farmers Market
2026-04-09,Sarpang,Broccoli,82.36,20.0,Weekend Roadside Market
2026-04-09,Trashigang,Chilli (dried),273.18,473.1,Weekend Roadside Market
2026-04-09,Trashigang,Radish,24.31,334.6,Centenary Farmers Market
2026-04-09,Trashigang,Cabbage,28.42,351.6,Centenary Farmers Market
2026-04-09,Trashigang,Cauliflower,33.87,164.8,Weekend Roadside Market
2026-04-09,Trashigang,Broccoli,69.01,89.9,Weekend Roadside Market
2026-04-09,Trashigang,Spinach,38.0,111.4,Municipal Vegetable Market
2026-04-09,Trashigang,Onion,45.52,199.2,Weekend Roadside Market
2026-04-09,Trashigang,Potato,36.38,217.8,Weekend Roadside Market
2026-04-09,Trashigang,Tomato,66.23,54.4,Centenary Farmers Market
2026-04-09,Trashigang,Chilli (fresh),79.03,29.1,Centenary Farmers Market
2026-04-09,Wangdue Phodrang,Chilli (fresh),83.17,340.5,Centenary Farmers Market
2026-04-09,Wangdue Phodrang,Broccoli,64.88,229.7,Centenary Farmers Market
2026-04-09,Wangdue Phodrang,Chilli (dried),317.65,85.5,Weekend Roadside Market
2026-04-09,Wangdue Phodrang,Spinach,23.83,380.1,Municipal Vegetable Market
2026-04-09,Wangdue Phodrang,Onion,50.33,68.1,Municipal Vegetable Market
2026-04-09,Wangdue Phodrang,Tomato,65.09,319.0,Centenary Farmers Market
2026-04-09,Zhemgang,Broccoli,80.04,376.3,Municipal Vegetable Market
2026-04-09,Zhemgang,Radish,21.81,101.7,Weekend Roadside Market
2026-04-09,Zhemgang,Chilli (dried),250.46,128.2,Weekend Roadside Market
2026-04-09,Zhemgang,Onion,45.49,262.4,Weekend Roadside Market
2026-04-09,Zhemgang,Chilli (fresh),80.08,44.0,Municipal Vegetable Market
2026-04-09,Zhemgang,Tomato,50.92,24.7,Centenary Farmers Market
2026-04-09,Zhemgang,Potato,30.78,315.7,Municipal Vegetable Market
2026-04-09,Zhemgang,Cabbage,27.6,389.9,Centenary Farmers Market
2026-04-09,Zhemgang,Spinach,46.75,164.4,Weekend Roadside Market
2026-04-10,Mongar,Chilli (dried),324.13,446.6,Weekend Roadside Market
2026-04-10,Mongar,Radish,30.03,108.2,Weekend Roadside Market
2026-04-10,Mongar,Chilli (fresh),126.65,495.1,Municipal Vegetable Market
2026-04-10,Mongar,Potato,-46.99,217.0,Centenary Farmers Market
2026-04-10,Bumthang,Onion,-62.0,263.0,Centenary Farmers Market
2026-04-10,Bumthang,Potato,44.97,186.9,Centenary Farmers Market
2026-04-10,Bumthang,Tomato,70.13,96.4,Centenary Farmers Market
2026-04-10,Bumthang,Chilli (fresh),100.22,197.0,Centenary Farmers Market
2026-04-10,Bumthang,Spinach,22.35,413.8,Centenary Farmers Market
2026-04-10,Bumthang,Cauliflower,31.36,161.8,Municipal Vegetable Market
2026-04-10,Bumthang,Chilli (dried),304.67,292.1,Centenary Farmers Market
2026-04-10,Bumthang,Radish,18.96,317.1,Centenary Farmers Market
2026-04-10,Bumthang,Cabbage,26.5,196.9,Municipal Vegetable Market
2026-04-10,Bumthang,Broccoli,66.32,445.8,Municipal Vegetable Market
2026-04-10,Thimphu,Cauliflower,40.83,75.0,Centenary Farmers Market
2026-04-10,Thimphu,Tomato,58.29,128.2,Centenary Farmers Market
2026-04-10,Thimphu,Potato,26.5,116.4,Weekend Roadside Market
2026-04-10,Thimphu,Chilli (fresh),79.31,272.9,Municipal Vegetable Market
2026-04-10,Thimphu,Cabbage,19.34,123.6,Weekend Roadside Market
2026-04-10,Thimphu,Onion,41.22,278.1,Municipal Vegetable Market
2026-04-10,Thimphu,Broccoli,57.55,180.7,Centenary Farmers Market
2026-04-10,Trongsa,Cauliflower,52.25,457.2,Centenary Farmers Market
2026-04-10,Trongsa,Onion,46.41,398.4,Municipal Vegetable Market
2026-04-10,Trongsa,Tomato,54.6,207.8,Municipal Vegetable Market
2026-04-10,Trongsa,Spinach,38.17,101.1,Municipal Vegetable Market
2026-04-10,Haa,Spinach,24.73,475.0,Municipal Vegetable Market
2026-04-10,Haa,Cabbage,21.79,423.6,Municipal Vegetable Market
2026-04-10,Haa,Chilli (dried),220.33,113.7,Municipal Vegetable Market
2026-04-10,Haa,Potato,33.5,189.3,Weekend Roadside Market
2026-04-10,Haa,Chilli (fresh),90.01,95.7,Centenary Farmers Market
2026-04-10,Chukha,Chilli (fresh),89.8,364.5,Centenary Farmers Market
2026-04-10,Chukha,Tomato,39.94,454.3,Municipal Vegetable Market
2026-04-10,Chukha,Radish,25.42,269.3,Centenary Farmers Market
2026-04-10,Chukha,Cauliflower,-50.11,386.8,Municipal Vegetable Market
2026-04-10,Chukha,Chilli (dried),333.59,275.7,Municipal Vegetable Market
2026-04-10,Chukha,Broccoli,58.56,213.2,Centenary Farmers Market
2026-04-10,Chukha,Cabbage,21.94,61.5,Centenary Farmers Market
2026-04-10,Chukha,Spinach,42.0,192.1,Municipal Vegetable Market
2026-04-10,Chukha,Onion,58.92,162.3,Municipal Vegetable Market
2026-04-10,Chukha,Potato,43.22,66.9,Centenary Farmers Market
2026-04-10,Trashigang,Broccoli,56.88,29.5,Weekend Roadside Market
2026-04-10,Trashigang,Cauliflower,65.29,346.4,Weekend Roadside Market
2026-04-10,Trashigang,Cabbage,32.45,427.8,Centenary Farmers Market
2026-04-10,Trashigang,Onion,38.41,308.0,Centenary Farmers Market
2026-04-10,Trashigang,Potato,33.96,146.3,Municipal Vegetable Market
2026-04-10,Tsirang,Broccoli,70.73,83.5,Centenary Farmers Market
2026-04-10,Tsirang,Potato,34.08,418.4,Municipal Vegetable Market
2026-04-10,Tsirang,Onion,44.46,86.4,Centenary Farmers Market
2026-04-10,Tsirang,Cauliflower,47.96,487.2,Centenary Farmers Market
2026-04-10,Tsirang,Spinach,32.49,284.4,Centenary Farmers Market
2026-04-10,Tsirang,Chilli (fresh),67.51,451.9,Centenary Farmers Market
2026-04-10,Tsirang,Cabbage,16.88,427.4,Centenary Farmers Market
2026-04-10,Tsirang,Chilli (dried),227.58,145.7,Centenary Farmers Market
2026-04-10,Tsirang,Radish,21.68,492.7,Municipal Vegetable Market
2026-04-10,Tsirang,Tomato,68.61,202.3,Centenary Farmers Market
2026-04-10,Punakha,Radish,24.33,77.2,Centenary Farmers Market
2026-04-10,Punakha,Spinach,27.29,480.9,Weekend Roadside Market
2026-04-10,Punakha,Potato,28.58,456.9,Weekend Roadside Market
2026-04-10,Punakha,Cabbage,32.64,215.1,Weekend Roadside Market
2026-04-10,Punakha,Chilli (dried),264.02,138.0,Centenary Farmers Market
2026-04-10,Punakha,Onion,53.2,136.4,Centenary Farmers Market
2026-04-10,Punakha,Chilli (fresh),131.12,225.1,Municipal Vegetable Market
2026-04-10,Punakha,Cauliflower,33.52,40.3,Municipal Vegetable Market
2026-04-10,Punakha,Tomato,40.78,263.7,Weekend Roadside Market
2026-04-10,Zhemgang,Tomato,72.89,272.2,Weekend Roadside Market
2026-04-10,Zhemgang,Radish,14.96,138.3,Municipal Vegetable Market
2026-04-10,Zhemgang,Onion,49.98,347.1,Municipal Vegetable Market
2026-04-10,Zhemgang,Cauliflower,45.88,274.9,Weekend Roadside Market
2026-04-10,Zhemgang,Potato,24.93,452.3,Municipal Vegetable Market
2026-04-11,Wangdue Phodrang,Tomato,50.46,278.9,Municipal Vegetable Market
2026-04-11,Wangdue Phodrang,Onion,53.14,41.5,Municipal Vegetable Market
2026-04-11,Wangdue Phodrang,Radish,21.77,265.2,Weekend Roadside Market
2026-04-11,Wangdue Phodrang,Chilli (dried),324.85,457.0,Centenary Farmers Market
2026-04-11,Wangdue Phodrang,Cabbage,33.46,130.1,Weekend Roadside Market
2026-04-11,Wangdue Phodrang,Broccoli,64.76,478.4,Centenary Farmers Market
2026-04-11,Tsirang,Spinach,36.84,373.6,Weekend Roadside Market
2026-04-11,Tsirang,Potato,39.69,,Weekend Roadside Market
2026-04-11,Tsirang,Chilli (fresh),86.6,131.0,Municipal Vegetable Market
2026-04-11,Tsirang,Tomato,72.78,39.5,Municipal Vegetable Market
2026-04-11,Tsirang,Broccoli,62.05,357.2,Municipal Vegetable Market
2026-04-11,Bumthang,Chilli (dried),203.54,332.4,Weekend Roadside Market
2026-04-11,Bumthang,Tomato,63.3,387.7,Municipal Vegetable Market
2026-04-11,Bumthang,Cabbage,18.06,425.9,Municipal Vegetable Market
2026-04-11,Bumthang,Broccoli,80.06,344.3,Municipal Vegetable Market
2026-04-11,Bumthang,Radish,14.93,113.1,Centenary Farmers Market
2026-04-11,Bumthang,Potato,33.1,106.5,Municipal Vegetable Market
2026-04-11,Bumthang,Chilli (fresh),106.49,181.8,Centenary Farmers Market
2026-04-11,Bumthang,Spinach,28.8,422.6,Centenary Farmers Market
2026-04-11,Haa,Chilli (dried),301.96,431.7,Municipal Vegetable Market
2026-04-11,Haa,Tomato,62.9,305.3,Weekend Roadside Market
2026-04-11,Haa,Onion,74.18,460.5,Weekend Roadside Market
2026-04-11,Haa,Radish,-15.76,199.4,Municipal Vegetable Market
2026-04-11,Haa,Chilli (fresh),92.94,233.9,Centenary Farmers Market
2026-04-11,Haa,Potato,25.01,456.7,Municipal Vegetable Market
2026-04-11,Haa,Broccoli,64.94,84.3,Weekend Roadside Market
2026-04-11,Haa,Cabbage,27.25,51.0,Municipal Vegetable Market
2026-04-11,Haa,Spinach,30.72,77.2,Centenary Farmers Market
2026-04-11,Thimphu,Potato,28.86,51.4,Centenary Farmers Market
2026-04-11,Thimphu,Cauliflower,56.48,148.9,Centenary Farmers Market
2026-04-11,Thimphu,Chilli (dried),282.25,179.8,Weekend Roadside Market
2026-04-11,Thimphu,Onion,50.5,199.9,Municipal Vegetable Market
2026-04-11,Thimphu,Radish,27.41,283.3,Centenary Farmers Market
2026-04-11,Thimphu,Chilli (fresh),124.3,106.0,Municipal Vegetable Market
2026-04-11,Thimphu,Tomato,54.93,270.0,Municipal Vegetable Market
2026-04-11,Thimphu,Broccoli,77.64,304.0,Centenary Farmers Market
2026-04-11,Trashigang,Chilli (fresh),104.71,163.6,Municipal Vegetable Market
2026-04-11,Trashigang,Broccoli,51.15,87.4,Municipal Vegetable Market
2026-04-11,Trashigang,Spinach,38.51,248.7,Weekend Roadside Market
2026-04-11,Trashigang,Cabbage,19.32,380.7,Weekend Roadside Market
2026-04-11,Trashigang,Cauliflower,50.68,344.0,Weekend Roadside Market
2026-04-11,Trashigang,Onion,58.83,224.8,Municipal Vegetable Market
2026-04-11,Trashigang,Radish,28.02,189.3,Centenary Farmers Market
2026-04-11,Trashigang,Chilli (dried),208.08,95.0,Centenary Farmers Market
2026-04-11,Trashigang,Tomato,95.23,466.4,Municipal Vegetable Market
2026-04-11,Trashigang,Potato,43.62,52.2,Centenary Farmers Market
2026-04-11,Trongsa,Onion,60.94,184.5,Weekend Roadside Market
2026-04-11,Trongsa,Spinach,19.67,330.6,Centenary Farmers Market
2026-04-11,Trongsa,Broccoli,66.69,328.4,Weekend Roadside Market
2026-04-11,Trongsa,Cabbage,28.01,260.6,Municipal Vegetable Market
2026-04-11,Trongsa,Tomato,40.46,398.4,Weekend Roadside Market
2026-04-11,Trongsa,Radish,17.77,47.4,Weekend Roadside Market
2026-04-11,Punakha,Cauliflower,37.61,396.6,Weekend Roadside Market
2026-04-11,Punakha,Chilli (dried),306.86,405.7,Centenary Farmers Market
2026-04-11,Punakha,Cabbage,15.25,220.1,Centenary Farmers Market
2026-04-11,Punakha,Potato,31.86,399.3,Municipal Vegetable Market
2026-04-11,Punakha,Broccoli,75.92,493.0,Municipal Vegetable Market
2026-04-11,Punakha,Onion,66.35,499.8,Centenary Farmers Market
2026-04-11,Sarpang,Chilli (dried),202.81,65.1,Centenary Farmers Market
2026-04-11,Sarpang,Broccoli,65.36,130.0,Centenary Farmers Market
2026-04-11,Sarpang,Cauliflower,52.83,284.5,Centenary Farmers Market
2026-04-11,Sarpang,Chilli (fresh),82.88,53.1,Weekend Roadside Market
2026-04-11,Sarpang,Tomato,54.7,372.2,Municipal Vegetable Market
2026-04-11,Sarpang,Cabbage,26.78,349.1,Centenary Farmers Market
2026-04-11,Sarpang,Onion,47.45,398.3,Centenary Farmers Market
2026-04-11,Zhemgang,Chilli (fresh),72.08,157.1,Municipal Vegetable Market
2026-04-11,Zhemgang,Chilli (dried),237.06,107.8,Centenary Farmers Market
2026-04-11,Zhemgang,Spinach,20.87,402.3,Centenary Farmers Market
2026-04-11,Zhemgang,Radish,17.39,26.0,Municipal Vegetable Market
2026-04-11,Zhemgang,Cauliflower,44.35,380.4,Weekend Roadside Market
2026-04-11,Zhemgang,Potato,33.04,170.4,Municipal Vegetable Market
2026-04-11,Zhemgang,Cabbage,25.66,123.0,Centenary Farmers Market
2026-04-11,Zhemgang,Onion,54.61,236.5,Municipal Vegetable Market
2026-04-11,Zhemgang,Broccoli,74.64,96.3,Weekend Roadside Market
2026-04-11,Lhuentse,Chilli (fresh),117.86,133.2,Municipal Vegetable Market
2026-04-11,Lhuentse,Cauliflower,57.47,296.4,Centenary Farmers Market
2026-04-11,Lhuentse,Chilli (dried),179.54,144.8,Centenary Farmers Market
2026-04-11,Lhuentse,Potato,40.14,287.2,Centenary Farmers Market
2026-04-11,Lhuentse,Radish,21.28,53.2,Municipal Vegetable Market
2026-04-11,Lhuentse,Tomato,49.07,31.0,Weekend Roadside Market
2026-04-11,Lhuentse,Onion,35.12,375.0,Weekend Roadside Market
2026-04-11,Lhuentse,Broccoli,67.32,49.1,Municipal Vegetable Market
2026-04-11,Lhuentse,Cabbage,33.15,56.2,Weekend Roadside Market
2026-04-11,Mongar,Spinach,31.54,66.1,Municipal Vegetable Market
2026-04-11,Mongar,Cabbage,22.05,297.2,Municipal Vegetable Market
2026-04-11,Mongar,Onion,46.63,159.4,Weekend Roadside Market
2026-04-11,Mongar,Radish,24.61,82.6,Weekend Roadside Market
2026-04-12,Thimphu,Chilli (dried),277.82,240.7,Centenary Farmers Market
2026-04-12,Thimphu,Radish,21.91,186.6,Municipal Vegetable Market
2026-04-12,Thimphu,Spinach,32.67,141.0,Weekend Roadside Market
2026-04-12,Thimphu,Onion,59.61,97.3,Centenary Farmers Market
2026-04-12,Thimphu,Broccoli,70.78,315.7,Weekend Roadside Market
2026-04-12,Thimphu,Chilli (fresh),73.84,433.0,Centenary Farmers Market
2026-04-12,Thimphu,Potato,27.72,366.5,Weekend Roadside Market
2026-04-12,Thimphu,Cauliflower,50.11,93.8,Weekend Roadside Market
2026-04-12,Trongsa,Chilli (dried),208.25,242.1,Weekend Roadside Market
2026-04-12,Trongsa,Cauliflower,44.89,490.0,Weekend Roadside Market
2026-04-12,Trongsa,Onion,51.39,86.4,Centenary Farmers Market
2026-04-12,Trongsa,Spinach,20.53,452.9,Centenary Farmers Market
2026-04-12,Trongsa,Tomato,90.39,468.5,Centenary Farmers Market
2026-04-12,Sarpang,Chilli (fresh),115.74,105.7,Centenary Farmers Market
2026-04-12,Sarpang,Cauliflower,50.3,311.7,Weekend Roadside Market
2026-04-12,Sarpang,Onion,66.56,60.0,Weekend Roadside Market
2026-04-12,Sarpang,Cabbage,20.82,165.3,Centenary Farmers Market
2026-04-12,Sarpang,Potato,36.94,99.9,Weekend Roadside Market
2026-04-12,Sarpang,Spinach,40.44,244.4,Centenary Farmers Market
2026-04-12,Sarpang,Tomato,64.47,302.9,Municipal Vegetable Market
2026-04-12,Sarpang,Broccoli,86.41,35.1,Municipal Vegetable Market
2026-04-12,Sarpang,Radish,23.93,78.0,Municipal Vegetable Market
2026-04-12,Chukha,Radish,19.97,411.9,Municipal Vegetable Market
2026-04-12,Chukha,Chilli (fresh),84.29,247.0,Weekend Roadside Market
2026-04-12,Chukha,Tomato,82.16,337.0,Municipal Vegetable Market
2026-04-12,Chukha,Spinach,44.59,449.0,Weekend Roadside Market
2026-04-12,Chukha,Onion,67.06,149.7,Centenary Farmers Market
2026-04-12,Chukha,Cabbage,21.75,285.3,Centenary Farmers Market
2026-04-12,Paro,Potato,49.49,241.7,Centenary Farmers Market
2026-04-12,Paro,Spinach,18.8,385.4,Centenary Farmers Market
2026-04-12,Paro,Radish,19.9,273.9,Weekend Roadside Market
2026-04-12,Paro,Chilli (dried),217.54,244.1,Weekend Roadside Market
2026-04-12,Paro,Chilli (fresh),134.85,49.8,Weekend Roadside Market
2026-04-12,Paro,Onion,53.1,162.8,Weekend Roadside Market
2026-04-12,Paro,Tomato,71.46,217.1,Weekend Roadside Market
2026-04-12,Tsirang,Broccoli,70.13,129.6,Centenary Farmers Market
2026-04-12,Tsirang,Onion,67.34,173.0,Municipal Vegetable Market
2026-04-12,Tsirang,Cabbage,23.98,246.1,Weekend Roadside Market
2026-04-12,Tsirang,Tomato,74.96,217.6,Municipal Vegetable Market
2026-04-12,Tsirang,Radish,20.7,457.6,Weekend Roadside Market
2026-04-12,Trashigang,Spinach,39.07,173.4,Municipal Vegetable Market
2026-04-12,Trashigang,Broccoli,44.06,109.7,Municipal Vegetable Market
2026-04-12,Trashigang,Chilli (dried),292.6,21.8,Centenary Farmers Market
2026-04-12,Trashigang,Tomato,92.36,375.7,Weekend Roadside Market
2026-04-12,Trashigang,Cabbage,21.78,326.3,Municipal Vegetable Market
2026-04-12,Trashigang,Potato,23.43,499.9,Centenary Farmers Market
2026-04-12,Trashigang,Cauliflower,51.59,111.6,Municipal Vegetable Market
2026-04-12,Trashigang,Onion,48.74,452.3,Centenary Farmers Market
2026-04-12,Samtse,Cabbage,18.15,392.7,Centenary Farmers Market
2026-04-12,Samtse,Radish,29.72,370.4,Weekend Roadside Market
2026-04-12,Samtse,Cauliflower,54.95,124.8,Municipal Vegetable Market
2026-04-12,Samtse,Chilli (dried),183.47,286.3,Centenary Farmers Market
2026-04-12,Samtse,Chilli (fresh),110.3,36.5,Weekend Roadside Market
2026-04-12,Samtse,Potato,39.96,431.0,Centenary Farmers Market
2026-04-13,Trongsa,Broccoli,82.83,,Municipal Vegetable Market
2026-04-13,Trongsa,Spinach,31.29,256.9,Centenary Farmers Market
2026-04-13,Trongsa,Chilli (fresh),68.02,303.7,Centenary Farmers Market
2026-04-13,Trongsa,Radish,20.71,263.4,Weekend Roadside Market
2026-04-13,Trongsa,Chilli (dried),321.63,420.3,Centenary Farmers Market
2026-04-13,Trongsa,Tomato,40.44,350.7,Municipal Vegetable Market
2026-04-13,Trongsa,Cauliflower,35.21,479.2,Centenary Farmers Market
2026-04-13,Trongsa,Onion,42.34,114.7,Weekend Roadside Market
2026-04-13,Trongsa,Cabbage,28.48,350.1,Municipal Vegetable Market
2026-04-13,Trongsa,Potato,30.12,170.6,Municipal Vegetable Market
2026-04-13,Haa,Potato,25.97,370.7,Weekend Roadside Market
2026-04-13,Haa,Chilli (fresh),66.95,78.8,Municipal Vegetable Market
2026-04-13,Haa,Cabbage,19.5,145.8,Municipal Vegetable Market
2026-04-13,Haa,Tomato,51.51,257.3,Weekend Roadside Market
2026-04-13,Haa,Radish,15.86,462.9,Centenary Farmers Market
2026-04-13,Haa,Cauliflower,61.8,71.0,Centenary Farmers Market
2026-04-13,Haa,Spinach,33.21,213.2,Municipal Vegetable Market
2026-04-13,Haa,Broccoli,57.83,280.0,Centenary Farmers Market
2026-04-13,Zhemgang,Cabbage,20.49,257.9,Centenary Farmers Market
2026-04-13,Zhemgang,Potato,39.71,234.0,Weekend Roadside Market
2026-04-13,Zhemgang,Chilli (fresh),141.12,413.0,Centenary Farmers Market
2026-04-13,Zhemgang,Cauliflower,36.55,59.8,Weekend Roadside Market
2026-04-13,Zhemgang,Spinach,36.87,43.0,Weekend Roadside Market
2026-04-13,Zhemgang,Chilli (dried),221.55,257.8,Centenary Farmers Market
2026-04-13,Zhemgang,Onion,55.77,361.7,Centenary Farmers Market
2026-04-13,Zhemgang,Radish,19.34,310.3,Municipal Vegetable Market
2026-04-13,Sarpang,Spinach,25.79,455.8,Municipal Vegetable Market
2026-04-13,Sarpang,Chilli (fresh),71.99,239.2,Municipal Vegetable Market
2026-04-13,Sarpang,Chilli (dried),268.58,260.0,Municipal Vegetable Market
2026-04-13,Sarpang,Broccoli,73.65,168.8,Weekend Roadside Market
2026-04-13,Sarpang,Cauliflower,52.5,256.7,Centenary Farmers Market
2026-04-13,Sarpang,Radish,18.77,485.6,Weekend Roadside Market
2026-04-13,Trashigang,Potato,28.18,41.0,Weekend Roadside Market
2026-04-13,Trashigang,Broccoli,71.88,208.0,Municipal Vegetable Market
2026-04-13,Trashigang,Spinach,34.57,297.2,Weekend Roadside Market
2026-04-13,Trashigang,Cabbage,15.78,164.3,Centenary Farmers Market
2026-04-13,Trashigang,Radish,20.21,416.5,Weekend Roadside Market
2026-04-13,Mongar,Radish,23.57,380.5,Weekend Roadside Market
2026-04-13,Mongar,Potato,30.25,,Centenary Farmers Market
2026-04-13,Mongar,Chilli (fresh),74.81,37.6,Centenary Farmers Market
2026-04-13,Mongar,Onion,38.67,157.1,Weekend Roadside Market
2026-04-13,Mongar,Chilli (dried),283.69,487.6,Municipal Vegetable Market
2026-04-13,Mongar,Spinach,24.99,304.2,Centenary Farmers Market
2026-04-13,Mongar,Tomato,42.96,253.0,Centenary Farmers Market
2026-04-13,Mongar,Broccoli,83.89,306.8,Centenary Farmers Market
2026-04-13,Paro,Cabbage,23.23,447.6,Centenary Farmers Market
2026-04-13,Paro,Chilli (dried),179.94,453.0,Weekend Roadside Market
2026-04-13,Paro,Chilli (fresh),85.3,368.9,Centenary Farmers Market
2026-04-13,Paro,Tomato,56.48,157.1,Municipal Vegetable Market
2026-04-13,Paro,Onion,48.29,260.7,Centenary Farmers Market
2026-04-13,Paro,Potato,27.15,391.2,Weekend Roadside Market
2026-04-13,Paro,Cauliflower,41.74,259.5,Municipal Vegetable Market
2026-04-13,Paro,Radish,29.36,125.1,Weekend Roadside Market
2026-04-13,Samtse,Radish,27.18,88.3,Centenary Farmers Market
2026-04-13,Samtse,Cabbage,20.11,256.3,Centenary Farmers Market
2026-04-13,Samtse,Chilli (dried),190.98,302.6,Municipal Vegetable Market
2026-04-13,Samtse,Spinach,35.86,130.6,Municipal Vegetable Market
2026-04-13,Chukha,Onion,50.8,453.8,Municipal Vegetable Market
2026-04-13,Chukha,Tomato,49.32,118.0,Municipal Vegetable Market
2026-04-13,Chukha,Radish,20.96,326.2,Centenary Farmers Market
2026-04-13,Chukha,Chilli (dried),300.96,56.6,Municipal Vegetable Market
2026-04-13,Chukha,Cauliflower,40.64,203.0,Weekend Roadside Market
2026-04-13,Chukha,Broccoli,59.99,71.4,Municipal Vegetable Market
2026-04-13,Wangdue Phodrang,Chilli (fresh),107.96,28.2,Centenary Farmers Market
2026-04-13,Wangdue Phodrang,Broccoli,80.71,136.5,Municipal Vegetable Market
2026-04-13,Wangdue Phodrang,Radish,22.9,468.7,Weekend Roadside Market
2026-04-13,Wangdue Phodrang,Cabbage,26.77,413.1,Centenary Farmers Market
2026-04-13,Wangdue Phodrang,Chilli (dried),202.16,278.7,Weekend Roadside Market
2026-04-13,Wangdue Phodrang,Spinach,35.21,20.4,Municipal Vegetable Market
2026-04-13,Wangdue Phodrang,Cauliflower,43.85,215.6,Centenary Farmers Market
2026-04-13,Wangdue Phodrang,Onion,60.89,289.1,Centenary Farmers Market
2026-04-13,Tsirang,Cabbage,24.94,111.2,Centenary Farmers Market
2026-04-13,Tsirang,Broccoli,53.1,365.1,Weekend Roadside Market
2026-04-13,Tsirang,Potato,44.49,46.5,Centenary Farmers Market
2026-04-13,Tsirang,Radish,28.65,394.6,Centenary Farmers Market
2026-04-13,Tsirang,Tomato,97.17,54.0,Centenary Farmers Market
2026-04-13,Tsirang,Onion,53.42,55.5,Centenary Farmers Market
2026-04-13,Tsirang,Chilli (dried),316.41,463.7,Municipal Vegetable Market
2026-04-13,Tsirang,Chilli (fresh),137.81,305.6,Weekend Roadside Market
2026-04-13,Punakha,Potato,26.03,39.2,Centenary Farmers Market
2026-04-13,Punakha,Tomato,58.6,111.1,Weekend Roadside Market
2026-04-13,Punakha,Spinach,27.88,445.1,Centenary Farmers Market
2026-04-13,Punakha,Broccoli,72.95,,Centenary Farmers Market
2026-04-13,Thimphu,Tomato,65.95,485.3,Municipal Vegetable Market
2026-04-13,Thimphu,Chilli (dried),244.76,275.2,Centenary Farmers Market
2026-04-13,Thimphu,Radish,17.68,383.4,Centenary Farmers Market
2026-04-13,Thimphu,Cabbage,26.21,165.2,Municipal Vegetable Market
2026-04-13,Thimphu,Onion,38.39,230.0,Municipal Vegetable Market
2026-04-13,Thimphu,Chilli (fresh),104.83,486.4,Centenary Farmers Market
2026-04-13,Thimphu,Potato,40.9,454.9,Weekend Roadside Market
2026-04-13,Thimphu,Cauliflower,43.49,98.9,Centenary Farmers Market
2026-04-13,Thimphu,Broccoli,54.94,26.2,Municipal Vegetable Market
2026-04-13,Bumthang,Spinach,36.5,400.9,Weekend Roadside Market
2026-04-13,Bumthang,Onion,45.24,403.3,Centenary Farmers Market
2026-04-13,Bumthang,Potato,47.66,361.5,Centenary Farmers Market
2026-04-13,Bumthang,Tomato,48.44,335.6,Municipal Vegetable Market
2026-04-13,Bumthang,Radish,15.69,415.7,Centenary Farmers Market
2026-04-13,Bumthang,Chilli (dried),218.34,293.1,Municipal Vegetable Market
2026-04-13,Bumthang,Cauliflower,41.5,345.2,Municipal Vegetable Market
2026-04-13,Bumthang,Cabbage,29.27,129.3,Municipal Vegetable Market
2026-04-13,Bumthang,Broccoli,42.59,,Centenary Farmers Market
2026-04-13,Bumthang,Chilli (fresh),-86.79,230.2,Municipal Vegetable Market
2026-04-13,Lhuentse,Chilli (dried),173.51,497.6,Weekend Roadside Market
2026-04-13,Lhuentse,Onion,62.17,139.5,Centenary Farmers Market
2026-04-13,Lhuentse,Cabbage,24.91,477.1,Municipal Vegetable Market
2026-04-13,Lhuentse,Chilli (fresh),113.9,322.3,Centenary Farmers Market
2026-04-13,Lhuentse,Broccoli,89.85,75.0,Municipal Vegetable Market
2026-04-13,Lhuentse,Spinach,49.29,176.5,Weekend Roadside Market
2026-04-13,Lhuentse,Radish,18.45,227.8,Weekend Roadside Market
2026-04-13,Lhuentse,Potato,32.33,424.0,Municipal Vegetable Market
2026-04-13,Lhuentse,Cauliflower,40.81,108.0,Weekend Roadside Market
2026-04-14,Chukha,Chilli (fresh),104.0,103.0,Centenary Farmers Market
2026-04-14,Chukha,Onion,64.79,51.9,Municipal Vegetable Market
2026-04-14,Chukha,Chilli (dried),263.16,401.7,Municipal Vegetable Market
2026-04-14,Chukha,Radish,23.28,378.5,Centenary Farmers Market
2026-04-14,Chukha,Cauliflower,53.14,423.2,Weekend Roadside Market
2026-04-14,Chukha,Tomato,90.5,106.6,Weekend Roadside Market
2026-04-14,Chukha,Potato,30.24,465.8,Municipal Vegetable Market
2026-04-14,Chukha,Broccoli,42.8,306.0,Municipal Vegetable Market
2026-04-14,Mongar,Spinach,41.86,362.1,Municipal Vegetable Market
2026-04-14,Mongar,Cauliflower,46.71,140.0,Municipal Vegetable Market
2026-04-14,Mongar,Tomato,67.96,165.6,Municipal Vegetable Market
2026-04-14,Mongar,Onion,-64.59,402.9,Centenary Farmers Market
2026-04-14,Mongar,Chilli (fresh),85.22,306.7,Municipal Vegetable Market
2026-04-14,Mongar,Cabbage,23.78,109.4,Municipal Vegetable Market
2026-04-14,Mongar,Potato,46.42,226.5,Municipal Vegetable Market
2026-04-14,Sarpang,Chilli (dried),240.2,452.2,Municipal Vegetable Market
2026-04-14,Sarpang,Potato,43.47,229.0,Municipal Vegetable Market
2026-04-14,Sarpang,Spinach,30.92,181.6,Weekend Roadside Market
2026-04-14,Sarpang,Radish,21.31,490.0,Municipal Vegetable Market
2026-04-14,Bumthang,Cabbage,19.16,473.3,Municipal Vegetable Market
2026-04-14,Bumthang,Onion,65.63,145.2,Municipal Vegetable Market
2026-04-14,Bumthang,Potato,38.94,228.3,Centenary Farmers Market
2026-04-14,Bumthang,Broccoli,75.26,202.7,Centenary Farmers Market
2026-04-14,Bumthang,Tomato,95.54,139.2,Centenary Farmers Market
2026-04-14,Bumthang,Chilli (fresh),65.6,110.7,Weekend Roadside Market
2026-04-14,Bumthang,Cauliflower,41.37,214.5,Weekend Roadside Market
2026-04-14,Tsirang,Chilli (dried),327.35,193.6,Municipal Vegetable Market
2026-04-14,Tsirang,Radish,24.61,294.2,Municipal Vegetable Market
2026-04-14,Tsirang,Cauliflower,26.4,372.2,Weekend Roadside Market
2026-04-14,Tsirang,Tomato,79.43,94.5,Weekend Roadside Market
2026-04-14,Tsirang,Potato,44.35,356.0,Centenary Farmers Market
2026-04-14,Tsirang,Broccoli,57.07,178.1,Centenary Farmers Market
2026-04-14,Punakha,Broccoli,-73.42,402.2,Municipal Vegetable Market
2026-04-14,Punakha,Spinach,31.98,183.8,Centenary Farmers Market
2026-04-14,Punakha,Radish,20.86,50.8,Municipal Vegetable Market
2026-04-14,Punakha,Cauliflower,46.81,104.0,Centenary Farmers Market
2026-04-14,Thimphu,Radish,22.76,445.3,Centenary Farmers Market
2026-04-14,Thimphu,Tomato,85.48,327.9,Municipal Vegetable Market
2026-04-14,Thimphu,Spinach,29.09,40.4,Weekend Roadside Market
2026-04-14,Thimphu,Chilli (dried),303.54,234.4,Municipal Vegetable Market
2026-04-14,Thimphu,Chilli (fresh),124.41,186.4,Weekend Roadside Market
2026-04-14,Zhemgang,Cauliflower,39.3,495.5,Municipal Vegetable Market
2026-04-14,Zhemgang,Chilli (dried),190.27,319.5,Centenary Farmers Market
2026-04-14,Zhemgang,Broccoli,74.81,99.7,Weekend Roadside Market
2026-04-14,Zhemgang,Onion,41.79,58.1,Municipal Vegetable Market
2026-04-14,Zhemgang,Spinach,39.73,24.1,Weekend Roadside Market
2026-04-14,Trashigang,Radish,17.54,184.2,Municipal Vegetable Market
2026-04-14,Trashigang,Chilli (fresh),90.57,56.7,Centenary Farmers Market
2026-04-14,Trashigang,Cabbage,24.39,,Municipal Vegetable Market
2026-04-14,Trashigang,Cauliflower,52.89,495.9,Municipal Vegetable Market
2026-04-14,Trashigang,Onion,34.19,100.1,Centenary Farmers Market
2026-04-14,Trashigang,Spinach,41.07,307.3,Weekend Roadside Market
2026-04-14,Trashigang,Potato,35.78,75.2,Centenary Farmers Market
2026-04-14,Trashigang,Tomato,62.97,469.8,Municipal Vegetable Market
2026-04-14,Trashigang,Broccoli,76.76,196.1,Weekend Roadside Market
2026-04-14,Paro,Radish,22.89,328.6,Weekend Roadside Market
2026-04-14,Paro,Broccoli,62.86,31.0,Centenary Farmers Market
2026-04-14,Paro,Potato,23.48,239.5,Municipal Vegetable Market
2026-04-14,Paro,Chilli (fresh),96.28,346.0,Weekend Roadside Market
2026-04-14,Wangdue Phodrang,Radish,28.12,333.0,Centenary Farmers Market
2026-04-14,Wangdue Phodrang,Cauliflower,42.1,441.9,Weekend Roadside Market
2026-04-14,Wangdue Phodrang,Cabbage,23.11,436.9,Weekend Roadside Market
2026-04-14,Wangdue Phodrang,Chilli (dried),210.81,277.0,Municipal Vegetable Market
2026-04-14,Lhuentse,Broccoli,60.79,405.2,Centenary Farmers Market
2026-04-14,Lhuentse,Chilli (dried),175.26,147.4,Weekend Roadside Market
2026-04-14,Lhuentse,Potato,39.16,488.8,Weekend Roadside Market
2026-04-14,Lhuentse,Cauliflower,36.65,402.5,Centenary Farmers Market
2026-04-14,Lhuentse,Chilli (fresh),83.36,314.0,Centenary Farmers Market
2026-04-14,Lhuentse,Cabbage,18.19,34.6,Weekend Roadside Market
2026-04-14,Lhuentse,Onion,52.18,369.2,Municipal Vegetable Market
2026-04-14,Lhuentse,Radish,21.0,111.2,Municipal Vegetable Market
2026-04-14,Lhuentse,Tomato,63.14,303.2,Centenary Farmers Market
2026-04-14,Lhuentse,Spinach,42.02,265.5,Weekend Roadside Market
2026-04-15,Haa,Chilli (fresh),105.72,37.2,Centenary Farmers Market
2026-04-15,Haa,Potato,44.38,398.6,Municipal Vegetable Market
2026-04-15,Haa,Radish,18.61,50.6,Weekend Roadside Market
2026-04-15,Haa,Cabbage,25.47,194.9,Municipal Vegetable Market
2026-04-15,Haa,Broccoli,94.49,435.8,Weekend Roadside Market
2026-04-15,Haa,Cauliflower,33.55,468.7,Municipal Vegetable Market
2026-04-15,Haa,Onion,45.53,66.9,Municipal Vegetable Market
2026-04-15,Haa,Spinach,31.89,140.7,Centenary Farmers Market
2026-04-15,Haa,Tomato,77.32,220.2,Municipal Vegetable Market
2026-04-15,Haa,Chilli (dried),187.55,426.9,Centenary Farmers Market
2026-04-15,Wangdue Phodrang,Chilli (dried),231.21,298.6,Centenary Farmers Market
2026-04-15,Wangdue Phodrang,Tomato,44.95,42.9,Weekend Roadside Market
2026-04-15,Wangdue Phodrang,Potato,29.19,46.9,Weekend Roadside Market
2026-04-15,Wangdue Phodrang,Cauliflower,50.83,324.3,Centenary Farmers Market
2026-04-15,Wangdue Phodrang,Cabbage,18.68,66.5,Centenary Farmers Market
2026-04-15,Wangdue Phodrang,Onion,52.69,405.3,Municipal Vegetable Market
2026-04-15,Wangdue Phodrang,Spinach,38.12,163.3,Municipal Vegetable Market
2026-04-15,Wangdue Phodrang,  BROCCOLI  ,57.66,151.0,Municipal Vegetable Market
2026-04-15,Wangdue Phodrang,Chilli (fresh),117.36,468.7,Weekend Roadside Market
2026-04-15,Wangdue Phodrang,Radish,24.83,472.6,Municipal Vegetable Market
2026-04-15,Lhuentse,Radish,25.71,337.5,Municipal Vegetable Market
2026-04-15,Lhuentse,Tomato,68.19,61.9,Centenary Farmers Market
2026-04-15,Lhuentse,Cauliflower,46.42,173.5,Municipal Vegetable Market
2026-04-15,Lhuentse,Chilli (dried),271.35,377.9,Municipal Vegetable Market
2026-04-15,Lhuentse,Cabbage,32.22,367.9,Weekend Roadside Market
2026-04-15,Lhuentse,Broccoli,45.39,160.6,Weekend Roadside Market
2026-04-15,Lhuentse,Chilli (fresh),91.4,392.9,Centenary Farmers Market
2026-04-15,Zhemgang,Broccoli,78.26,173.0,Weekend Roadside Market
2026-04-15,Zhemgang,Spinach,23.34,97.8,Municipal Vegetable Market
2026-04-15,Zhemgang,Cabbage,19.46,59.8,Centenary Farmers Market
2026-04-15,Zhemgang,Cauliflower,60.82,391.9,Centenary Farmers Market
2026-04-15,Zhemgang,Chilli (fresh),74.59,373.4,Weekend Roadside Market
2026-04-15,Zhemgang,Tomato,90.12,398.9,Centenary Farmers Market
2026-04-15,Zhemgang,Potato,28.84,307.8,Municipal Vegetable Market
2026-04-15,Zhemgang,Chilli (dried),307.41,486.3,Municipal Vegetable Market
2026-04-15,Chukha,Cabbage,23.94,256.6,Centenary Farmers Market
2026-04-15,Chukha,Tomato,97.82,86.3,Centenary Farmers Market
2026-04-15,Chukha,Broccoli,64.02,404.2,Weekend Roadside Market
2026-04-15,Chukha,Chilli (fresh),66.2,401.8,Municipal Vegetable Market
2026-04-15,Chukha,Radish,18.67,89.4,Municipal Vegetable Market
2026-04-15,Chukha,Spinach,30.36,175.5,Weekend Roadside Market
2026-04-15,Chukha,Cauliflower,26.91,373.5,Weekend Roadside Market
2026-04-15,Samtse,Tomato,43.02,196.2,Weekend Roadside Market
2026-04-15,Samtse,Broccoli,84.65,478.7,Weekend Roadside Market
2026-04-15,Samtse,Spinach,28.99,123.1,Weekend Roadside Market
2026-04-15,Samtse,Chilli (fresh),120.7,221.5,Municipal Vegetable Market
2026-04-15,Tsirang,Cabbage,30.71,51.8,Centenary Farmers Market
2026-04-15,Tsirang,Chilli (dried),261.61,111.7,Weekend Roadside Market
2026-04-15,Tsirang,Cauliflower,44.46,244.2,Centenary Farmers Market
2026-04-15,Tsirang,Potato,43.71,219.3,Municipal Vegetable Market
2026-04-15,Paro,Chilli (fresh),101.47,155.7,Municipal Vegetable Market
2026-04-15,Paro,Onion,47.25,212.4,Municipal Vegetable Market
2026-04-15,Paro,Chilli (dried),217.22,171.4,Municipal Vegetable Market
2026-04-15,Paro,Broccoli,44.58,457.6,Centenary Farmers Market
2026-04-15,Paro,Radish,15.87,76.5,Weekend Roadside Market
2026-04-15,Bumthang,Cabbage,20.23,226.0,Municipal Vegetable Market
2026-04-15,Bumthang,Tomato,31.96,211.6,Centenary Farmers Market
2026-04-15,Bumthang,Potato,27.96,181.0,Weekend Roadside Market
2026-04-15,Bumthang,Chilli (fresh),72.98,487.1,Municipal Vegetable Market
2026-04-15,Trashigang,Tomato,45.59,181.2,Weekend Roadside Market
2026-04-15,Trashigang,Potato,36.35,89.2,Centenary Farmers Market
2026-04-15,Trashigang,Cauliflower,37.53,375.7,Municipal Vegetable Market
2026-04-15,Trashigang,Onion,53.26,343.2,Municipal Vegetable Market
2026-04-15,Trashigang,Broccoli,49.21,382.8,Weekend Roadside Market
2026-04-15,Mongar,Spinach,27.09,320.5,Weekend Roadside Market
2026-04-15,Mongar,Onion,53.86,427.1,Weekend Roadside Market
2026-04-15,Mongar,Broccoli,57.19,175.2,Weekend Roadside Market
2026-04-15,Mongar,Chilli (fresh),66.72,360.0,Centenary Farmers Market
2026-04-15,Sarpang,Cauliflower,60.93,66.7,Municipal Vegetable Market
2026-04-15,Sarpang,Spinach,29.02,40.4,Weekend Roadside Market
2026-04-15,Sarpang,Chilli (dried),275.72,69.6,Municipal Vegetable Market
2026-04-15,Sarpang,Chilli (fresh),140.93,426.9,Centenary Farmers Market
2026-04-15,Sarpang,Broccoli,55.48,63.3,Centenary Farmers Market
2026-04-15,Sarpang,Cabbage,23.41,464.9,Centenary Farmers Market
2026-04-15,Sarpang,Radish,18.51,141.9,Weekend Roadside Market
2026-04-15,Sarpang,Potato,42.73,362.9,Municipal Vegetable Market
2026-04-15,Sarpang,Tomato,49.99,301.6,Centenary Farmers Market
2026-04-16,Punakha,Chilli (dried),271.03,289.6,Municipal Vegetable Market
2026-04-16,Punakha,Tomato,41.5,314.4,Weekend Roadside Market
2026-04-16,Punakha,Cabbage,17.64,363.3,Weekend Roadside Market
2026-04-16,Punakha,Spinach,44.02,433.5,Municipal Vegetable Market
2026-04-16,Punakha,Chilli (fresh),109.54,234.1,Centenary Farmers Market
2026-04-16,Punakha,Onion,60.16,270.3,Municipal Vegetable Market
2026-04-16,Punakha,Radish,23.63,433.8,Centenary Farmers Market
2026-04-16,Punakha,Broccoli,55.74,181.0,Centenary Farmers Market
2026-04-16,Punakha,Potato,44.54,204.6,Centenary Farmers Market
2026-04-16,Haa,Cabbage,22.72,129.9,Municipal Vegetable Market
2026-04-16,Haa,Broccoli,56.46,382.6,Weekend Roadside Market
2026-04-16,Haa,Chilli (dried),304.47,414.4,Centenary Farmers Market
2026-04-16,Haa,Radish,23.43,186.2,Centenary Farmers Market
2026-04-16,Haa,Cauliflower,38.81,90.1,Weekend Roadside Market
2026-04-16,Haa,Potato,38.26,362.3,Weekend Roadside Market
2026-04-16,Haa,Spinach,32.36,396.0,Weekend Roadside Market
2026-04-16,Haa,Onion,43.79,453.3,Centenary Farmers Market
2026-04-16,Mongar,Chilli (dried),199.01,244.0,Weekend Roadside Market
2026-04-16,Mongar,Cabbage,25.43,86.4,Weekend Roadside Market
2026-04-16,Mongar,Broccoli,55.77,499.6,Weekend Roadside Market
2026-04-16,Mongar,Potato,33.87,418.2,Weekend Roadside Market
2026-04-16,Mongar,Tomato,84.47,33.9,Municipal Vegetable Market
2026-04-16,Mongar,Chilli (fresh),99.63,414.3,Municipal Vegetable Market
2026-04-16,Mongar,Onion,46.59,371.9,Centenary Farmers Market
2026-04-16,Mongar,Cauliflower,49.52,134.6,Centenary Farmers Market
2026-04-16,Bumthang,Cauliflower,32.77,492.1,Weekend Roadside Market
2026-04-16,Bumthang,Broccoli,52.22,372.2,Municipal Vegetable Market
2026-04-16,Bumthang,Spinach,25.18,425.2,Municipal Vegetable Market
2026-04-16,Bumthang,Onion,49.56,230.8,Centenary Farmers Market
2026-04-16,Bumthang,Potato,48.2,483.0,Centenary Farmers Market
2026-04-16,Bumthang,Chilli (fresh),143.19,167.9,Weekend Roadside Market
2026-04-16,Bumthang,Chilli (dried),215.78,119.9,Weekend Roadside Market
2026-04-16,Trongsa,Chilli (dried),345.12,85.7,Municipal Vegetable Market
2026-04-16,Trongsa,Radish,26.64,424.2,Centenary Farmers Market
2026-04-16,Trongsa,Cauliflower,41.78,213.9,Municipal Vegetable Market
2026-04-16,Trongsa,Onion,66.79,238.9,Municipal Vegetable Market
2026-04-16,Trongsa,Cabbage,26.58,50.0,Weekend Roadside Market
2026-04-16,Trongsa,Chilli (fresh),107.0,247.4,Municipal Vegetable Market
2026-04-16,Trongsa,Spinach,27.68,400.9,Centenary Farmers Market
2026-04-16,Trongsa,Tomato,83.9,298.5,Weekend Roadside Market
2026-04-16,Trongsa,Potato,25.35,302.1,Centenary Farmers Market
2026-04-16,Trashigang,Cabbage,24.95,269.8,Municipal Vegetable Market
2026-04-16,Trashigang,Chilli (fresh),82.03,246.7,Municipal Vegetable Market
2026-04-16,Trashigang,Broccoli,67.85,37.3,Municipal Vegetable Market
2026-04-16,Trashigang,Potato,31.58,52.6,Centenary Farmers Market
2026-04-16,Trashigang,Spinach,31.02,147.1,Weekend Roadside Market
2026-04-16,Trashigang,Tomato,70.45,86.2,Weekend Roadside Market
2026-04-16,Wangdue Phodrang,Chilli (dried),301.96,,Centenary Farmers Market
2026-04-16,Wangdue Phodrang,Onion,37.33,343.6,Municipal Vegetable Market
2026-04-16,Wangdue Phodrang,Radish,19.59,83.0,Weekend Roadside Market
2026-04-16,Wangdue Phodrang,Tomato,82.75,374.9,Weekend Roadside Market
2026-04-16,Wangdue Phodrang,Cabbage,28.48,436.7,Centenary Farmers Market
2026-04-16,Zhemgang,Cauliflower,51.33,146.8,Municipal Vegetable Market
2026-04-16,Zhemgang,Radish,14.94,349.8,Centenary Farmers Market
2026-04-16,Zhemgang,Spinach,24.65,220.4,Weekend Roadside Market
2026-04-16,Zhemgang,Potato,29.16,349.2,Weekend Roadside Market
2026-04-16,Zhemgang,Broccoli,72.93,166.2,Municipal Vegetable Market
2026-04-16,Zhemgang,Chilli (fresh),83.59,92.6,Municipal Vegetable Market
2026-04-16,Zhemgang,Cabbage,23.9,217.4,Municipal Vegetable Market
2026-04-16,Zhemgang,Onion,55.67,192.5,Municipal Vegetable Market
2026-04-16,Zhemgang,Tomato,48.46,476.1,Municipal Vegetable Market
2026-04-16,Paro,Cabbage,27.02,316.1,Municipal Vegetable Market
2026-04-16,Paro,Radish,26.03,411.5,Centenary Farmers Market
2026-04-16,Paro,Potato,46.42,413.7,Centenary Farmers Market
2026-04-16,Paro,Broccoli,54.13,224.9,Weekend Roadside Market
2026-04-16,Paro,Chilli (dried),209.62,238.7,Weekend Roadside Market
2026-04-16,Paro,Chilli (fresh),113.57,411.2,Centenary Farmers Market
2026-04-16,Paro,Tomato,83.02,65.8,Centenary Farmers Market
2026-04-16,Paro,Onion,67.17,337.3,Weekend Roadside Market
2026-04-17,Thimphu,Chilli (fresh),137.54,488.4,Municipal Vegetable Market
2026-04-17,Thimphu,Broccoli,63.86,464.8,Weekend Roadside Market
2026-04-17,Thimphu,Cauliflower,28.63,287.6,Municipal Vegetable Market
2026-04-17,Thimphu,Cabbage,19.23,108.7,Weekend Roadside Market
2026-04-17,Thimphu,Spinach,31.1,81.7,Centenary Farmers Market
2026-04-17,Thimphu,Onion,58.06,237.0,Centenary Farmers Market
2026-04-17,Chukha,Potato,36.26,265.7,Centenary Farmers Market
2026-04-17,Chukha,Broccoli,59.86,443.4,Municipal Vegetable Market
2026-04-17,Chukha,Tomato,90.58,118.5,Centenary Farmers Market
2026-04-17,Chukha,Radish,22.47,230.8,Centenary Farmers Market
2026-04-17,Chukha,Chilli (fresh),123.26,412.1,Municipal Vegetable Market
2026-04-17,Mongar,Spinach,20.16,181.5,Weekend Roadside Market
2026-04-17,Mongar,Cabbage,21.35,375.0,Centenary Farmers Market
2026-04-17,Mongar,Tomato,38.67,196.9,Centenary Farmers Market
2026-04-17,Mongar,Onion,71.42,231.3,Weekend Roadside Market
2026-04-17,Mongar,Chilli (fresh),-70.47,202.0,Weekend Roadside Market
2026-04-17,Mongar,Chilli (dried),356.49,379.2,Weekend Roadside Market
2026-04-17,Mongar,Potato,30.76,272.9,Centenary Farmers Market
2026-04-17,Wangdue Phodrang,Onion,71.28,174.3,Municipal Vegetable Market
2026-04-17,Wangdue Phodrang,Chilli (fresh),65.52,401.7,Centenary Farmers Market
2026-04-17,Wangdue Phodrang,Cabbage,24.71,268.8,Centenary Farmers Market
2026-04-17,Wangdue Phodrang,Broccoli,71.02,329.1,Weekend Roadside Market
2026-04-17,Wangdue Phodrang,Spinach,27.67,80.3,Municipal Vegetable Market
2026-04-17,Tsirang,Chilli (fresh),94.31,208.2,Weekend Roadside Market
2026-04-17,Tsirang,Cauliflower,48.49,23.1,Centenary Farmers Market
2026-04-17,Tsirang,Potato,-38.73,405.6,Weekend Roadside Market
2026-04-17,Tsirang,Chilli (dried),257.32,426.2,Centenary Farmers Market
2026-04-17,Tsirang,Tomato,42.75,498.8,Centenary Farmers Market
2026-04-17,Tsirang,Onion,66.28,278.5,Municipal Vegetable Market
2026-04-17,Lhuentse,Spinach,30.12,436.4,Weekend Roadside Market
2026-04-17,Lhuentse,Radish,23.12,364.4,Municipal Vegetable Market
2026-04-17,Lhuentse,Cabbage,24.77,385.5,Municipal Vegetable Market
2026-04-17,Lhuentse,Broccoli,58.71,343.5,Centenary Farmers Market
2026-04-17,Lhuentse,Chilli (fresh),70.28,413.7,Municipal Vegetable Market
2026-04-17,Lhuentse,Onion,53.29,368.2,Municipal Vegetable Market
2026-04-17,Lhuentse,Chilli (dried),-201.91,307.7,Weekend Roadside Market
2026-04-17,Lhuentse,Tomato,79.82,456.2,Weekend Roadside Market
2026-04-17,Lhuentse,Potato,32.58,336.1,Municipal Vegetable Market
2026-04-17,Trongsa,Potato,27.45,397.7,Centenary Farmers Market
2026-04-17,Trongsa,Spinach,23.41,189.4,Municipal Vegetable Market
2026-04-17,Trongsa,Chilli (fresh),114.78,111.1,Centenary Farmers Market
2026-04-17,Trongsa,Onion,44.2,308.3,Weekend Roadside Market
2026-04-17,Trongsa,Radish,27.25,160.1,Centenary Farmers Market
2026-04-17,Samtse,Radish,18.85,54.6,Municipal Vegetable Market
2026-04-17,Samtse,Potato,44.92,137.8,Centenary Farmers Market
2026-04-17,Samtse,Tomato,46.04,341.3,Centenary Farmers Market
2026-04-17,Samtse,Broccoli,74.1,73.7,Municipal Vegetable Market
2026-04-17,Zhemgang,Onion,67.63,216.2,Municipal Vegetable Market
2026-04-17,Zhemgang,Spinach,18.9,332.5,Centenary Farmers Market
2026-04-17,Zhemgang,Potato,38.63,155.9,Municipal Vegetable Market
2026-04-17,Zhemgang,Chilli (fresh),113.96,352.4,Municipal Vegetable Market
2026-04-17,Zhemgang,Cauliflower,-52.41,179.7,Municipal Vegetable Market
2026-04-17,Zhemgang,Cabbage,25.84,268.7,Centenary Farmers Market
2026-04-17,Zhemgang,Radish,27.31,361.7,Municipal Vegetable Market
2026-04-17,Sarpang,Onion,60.77,276.1,Centenary Farmers Market
2026-04-17,Sarpang,  CHILLI (FRESH)  ,115.37,84.7,Weekend Roadside Market
2026-04-17,Sarpang,Tomato,75.71,118.0,Centenary Farmers Market
2026-04-17,Sarpang,Cabbage,16.65,382.0,Centenary Farmers Market
2026-04-17,Sarpang,Chilli (dried),168.2,78.8,Weekend Roadside Market
2026-04-17,Sarpang,Potato,29.07,85.7,Weekend Roadside Market
2026-04-17,Sarpang,Radish,21.69,245.4,Weekend Roadside Market
2026-04-17,Sarpang,Spinach,24.65,366.5,Centenary Farmers Market
2026-04-17,Sarpang,Broccoli,56.17,34.2,Municipal Vegetable Market
2026-04-17,Sarpang,Cauliflower,39.46,180.5,Municipal Vegetable Market
2026-04-17,Punakha,Chilli (dried),232.35,471.2,Centenary Farmers Market
2026-04-17,Punakha,Tomato,36.33,357.6,Weekend Roadside Market
2026-04-17,Punakha,Cauliflower,28.24,95.6,Municipal Vegetable Market
2026-04-17,Punakha,Radish,23.98,236.2,Centenary Farmers Market
2026-04-17,Punakha,Chilli (fresh),143.52,134.4,Centenary Farmers Market
2026-04-17,Bumthang,Onion,78.48,301.0,Weekend Roadside Market
2026-04-17,Bumthang,Chilli (dried),305.96,111.2,Municipal Vegetable Market
2026-04-17,Bumthang,Broccoli,49.67,392.4,Municipal Vegetable Market
2026-04-17,Bumthang,Tomato,53.49,129.9,Weekend Roadside Market
2026-04-18,Bumthang,Onion,46.13,256.7,Weekend Roadside Market
2026-04-18,Bumthang,Tomato,68.08,408.2,Centenary Farmers Market
2026-04-18,Bumthang,Chilli (dried),207.03,393.5,Weekend Roadside Market
2026-04-18,Bumthang,Broccoli,57.07,458.3,Centenary Farmers Market
2026-04-18,Sarpang,Spinach,49.31,370.2,Centenary Farmers Market
2026-04-18,Sarpang,Cauliflower,35.25,368.0,Municipal Vegetable Market
2026-04-18,Sarpang,Broccoli,81.62,405.7,Centenary Farmers Market
2026-04-18,Sarpang,Onion,45.77,292.0,Municipal Vegetable Market
2026-04-18,Sarpang,Potato,30.94,94.5,Municipal Vegetable Market
2026-04-18,Sarpang,Cabbage,21.64,233.2,Municipal Vegetable Market
2026-04-18,Sarpang,Chilli (dried),177.22,429.3,Centenary Farmers Market
2026-04-18,Zhemgang,Onion,51.3,117.9,Municipal Vegetable Market
2026-04-18,Zhemgang,Broccoli,71.78,310.9,Centenary Farmers Market
2026-04-18,Zhemgang,Chilli (fresh),75.3,163.8,Weekend Roadside Market
2026-04-18,Zhemgang,Potato,30.65,377.1,Centenary Farmers Market
2026-04-18,Zhemgang,Radish,17.45,78.7,Municipal Vegetable Market
2026-04-18,Zhemgang,Chilli (dried),221.18,424.8,Weekend Roadside Market
2026-04-18,Zhemgang,Cauliflower,43.26,353.7,Centenary Farmers Market
2026-04-18,Zhemgang,Cabbage,18.31,382.0,Municipal Vegetable Market
2026-04-18,Zhemgang,Tomato,50.5,481.4,Centenary Farmers Market
2026-04-18,Wangdue Phodrang,Chilli (fresh),99.94,315.4,Centenary Farmers Market
2026-04-18,Wangdue Phodrang,Chilli (dried),313.0,379.1,Weekend Roadside Market
2026-04-18,Wangdue Phodrang,Broccoli,84.07,315.4,Centenary Farmers Market
2026-04-18,Wangdue Phodrang,Onion,50.7,336.0,Municipal Vegetable Market
2026-04-18,Wangdue Phodrang,Cabbage,24.03,419.0,Weekend Roadside Market
2026-04-18,Wangdue Phodrang,Radish,-21.52,478.0,Weekend Roadside Market
2026-04-18,Wangdue Phodrang,Potato,31.14,151.6,Municipal Vegetable Market
2026-04-18,Chukha,Potato,26.58,406.3,Municipal Vegetable Market
2026-04-18,Chukha,Broccoli,79.89,464.9,Weekend Roadside Market
2026-04-18,Chukha,Cauliflower,54.5,149.7,Municipal Vegetable Market
2026-04-18,Chukha,Cabbage,27.16,135.0,Centenary Farmers Market
2026-04-18,Chukha,Chilli (fresh),76.12,115.6,Municipal Vegetable Market
2026-04-18,Samtse,Broccoli,57.89,179.2,Weekend Roadside Market
2026-04-18,Samtse,Cabbage,13.25,103.2,Weekend Roadside Market
2026-04-18,Samtse,Spinach,36.65,172.4,Municipal Vegetable Market
2026-04-18,Samtse,Tomato,43.28,55.6,Centenary Farmers Market
2026-04-18,Tsirang,Cabbage,17.43,174.5,Municipal Vegetable Market
2026-04-18,Tsirang,Radish,23.86,478.7,Weekend Roadside Market
2026-04-18,Tsirang,Cauliflower,47.52,489.3,Centenary Farmers Market
2026-04-18,Tsirang,Chilli (fresh),111.6,194.6,Municipal Vegetable Market
2026-04-18,Tsirang,Potato,45.52,474.1,Centenary Farmers Market
2026-04-18,Tsirang,Spinach,39.08,399.1,Centenary Farmers Market
2026-04-18,Tsirang,Onion,49.06,422.2,Weekend Roadside Market
2026-04-18,Tsirang,Chilli (dried),258.42,139.5,Centenary Farmers Market
2026-04-18,Tsirang,Broccoli,60.03,438.2,Centenary Farmers Market
2026-04-18,Trongsa,Chilli (dried),317.05,115.8,Weekend Roadside Market
2026-04-18,Trongsa,Broccoli,50.33,112.6,Weekend Roadside Market
2026-04-18,Trongsa,Spinach,28.38,393.5,Centenary Farmers Market
2026-04-18,Trongsa,Cabbage,22.31,276.9,Municipal Vegetable Market
2026-04-18,Trongsa,Chilli (fresh),105.9,481.2,Weekend Roadside Market
2026-04-18,Trongsa,Cauliflower,36.49,31.1,Municipal Vegetable Market
2026-04-18,Haa,Chilli (fresh),121.14,72.9,Weekend Roadside Market
2026-04-18,Haa,  CABBAGE  ,15.0,417.2,Centenary Farmers Market
2026-04-18,Haa,Onion,56.64,399.5,Weekend Roadside Market
2026-04-18,Haa,Radish,26.93,96.7,Municipal Vegetable Market
2026-04-18,Haa,Cauliflower,52.25,162.1,Municipal Vegetable Market
2026-04-18,Haa,Broccoli,48.03,289.1,Centenary Farmers Market
2026-04-18,Mongar,Radish,17.31,162.9,Weekend Roadside Market
2026-04-18,Mongar,Spinach,37.2,464.7,Centenary Farmers Market
2026-04-18,Mongar,Onion,57.76,256.6,Weekend Roadside Market
2026-04-18,Mongar,Cabbage,22.29,26.2,Weekend Roadside Market
2026-04-18,Mongar,Potato,34.53,122.3,Weekend Roadside Market
2026-04-18,Mongar,Tomato,59.25,77.3,Municipal Vegetable Market
2026-04-18,Punakha,Onion,-46.03,225.6,Weekend Roadside Market
2026-04-18,Punakha,Potato,32.03,32.5,Centenary Farmers Market
2026-04-18,Punakha,Chilli (fresh),143.22,241.1,Centenary Farmers Market
2026-04-18,Punakha,Broccoli,65.64,477.1,Centenary Farmers Market
2026-04-18,Punakha,Radish,16.51,98.0,Weekend Roadside Market
2026-04-18,Punakha,Spinach,39.94,163.2,Centenary Farmers Market
2026-04-18,Punakha,Cauliflower,34.58,409.8,Weekend Roadside Market
2026-04-18,Trashigang,Chilli (dried),242.54,448.9,Weekend Roadside Market
2026-04-18,Trashigang,Cabbage,16.37,414.9,Weekend Roadside Market
2026-04-18,Trashigang,Onion,71.58,398.9,Weekend Roadside Market
2026-04-18,Trashigang,Cauliflower,37.42,424.3,Centenary Farmers Market
2026-04-18,Trashigang,Chilli (fresh),117.14,400.3,Centenary Farmers Market
2026-04-18,Thimphu,Tomato,96.06,469.2,Centenary Farmers Market
2026-04-18,Thimphu,Chilli (fresh),112.03,130.3,Weekend Roadside Market
2026-04-18,Thimphu,Chilli (dried),326.54,247.5,Centenary Farmers Market
2026-04-18,Thimphu,Broccoli,48.09,86.7,Municipal Vegetable Market
2026-04-18,Thimphu,Radish,19.26,31.6,Municipal Vegetable Market
2026-04-18,Thimphu,Cauliflower,46.11,181.9,Centenary Farmers Market
2026-04-18,Thimphu,Cabbage,20.3,213.5,Municipal Vegetable Market
2026-04-18,Thimphu,Spinach,49.49,246.2,Centenary Farmers Market
2026-04-18,Thimphu,Potato,41.88,127.3,Weekend Roadside Market
2026-04-18,Thimphu,Onion,69.63,286.1,Centenary Farmers Market
2026-04-19,Trongsa,Onion,46.8,31.6,Centenary Farmers Market
2026-04-19,Trongsa,Chilli (dried),322.91,289.5,Municipal Vegetable Market
2026-04-19,Trongsa,Spinach,22.95,43.7,Weekend Roadside Market
2026-04-19,Trongsa,Cauliflower,38.89,455.7,Municipal Vegetable Market
2026-04-19,Trongsa,Radish,19.55,56.2,Weekend Roadside Market
2026-04-19,Trongsa,Cabbage,18.88,56.2,Centenary Farmers Market
2026-04-19,Paro,Spinach,47.01,61.2,Municipal Vegetable Market
2026-04-19,Paro,Tomato,76.41,402.1,Municipal Vegetable Market
2026-04-19,Paro,Radish,19.7,139.3,Centenary Farmers Market
2026-04-19,Paro,Broccoli,68.87,402.8,Centenary Farmers Market
2026-04-19,Paro,Chilli (fresh),103.89,136.4,Weekend Roadside Market
2026-04-19,Paro,Potato,30.2,68.6,Weekend Roadside Market
2026-04-19,Tsirang,Chilli (fresh),71.55,47.5,Centenary Farmers Market
2026-04-19,Tsirang,  TOMATO  ,60.24,126.4,Municipal Vegetable Market
2026-04-19,Tsirang,Spinach,19.49,197.9,Municipal Vegetable Market
2026-04-19,Tsirang,Chilli (dried),226.58,305.9,Weekend Roadside Market
2026-04-19,Tsirang,Cabbage,20.84,328.2,Municipal Vegetable Market
2026-04-19,Tsirang,Onion,51.61,354.4,Weekend Roadside Market
2026-04-19,Tsirang,Cauliflower,33.26,216.0,Municipal Vegetable Market
2026-04-19,Thimphu,Chilli (dried),251.03,26.1,Municipal Vegetable Market
2026-04-19,Thimphu,Broccoli,89.7,187.5,Centenary Farmers Market
2026-04-19,Thimphu,Chilli (fresh),114.19,431.4,Weekend Roadside Market
2026-04-19,Thimphu,Potato,37.61,343.1,Municipal Vegetable Market
2026-04-19,Thimphu,Radish,23.45,145.3,Municipal Vegetable Market
2026-04-19,Thimphu,Spinach,34.18,485.4,Municipal Vegetable Market
2026-04-19,Thimphu,Onion,44.45,463.6,Weekend Roadside Market
2026-04-19,Lhuentse,Cabbage,21.63,340.9,Centenary Farmers Market
2026-04-19,Lhuentse,Broccoli,72.42,147.8,Municipal Vegetable Market
2026-04-19,Lhuentse,Onion,58.1,398.1,Centenary Farmers Market
2026-04-19,Lhuentse,Spinach,50.01,344.2,Municipal Vegetable Market
2026-04-19,Lhuentse,Chilli (dried),282.85,376.8,Centenary Farmers Market
2026-04-19,Lhuentse,Chilli (fresh),130.15,163.9,Centenary Farmers Market
2026-04-19,Lhuentse,Cauliflower,45.41,257.0,Municipal Vegetable Market
2026-04-19,Lhuentse,Potato,38.01,389.3,Municipal Vegetable Market
2026-04-19,Mongar,Onion,63.18,165.6,Centenary Farmers Market
2026-04-19,Mongar,Radish,22.83,147.0,Weekend Roadside Market
2026-04-19,Mongar,Tomato,67.61,68.7,Weekend Roadside Market
2026-04-19,Mongar,Spinach,25.17,238.8,Centenary Farmers Market
2026-04-19,Mongar,Broccoli,76.63,32.1,Centenary Farmers Market
2026-04-19,Mongar,Chilli (fresh),103.13,297.4,Municipal Vegetable Market
2026-04-19,Trashigang,  ONION  ,64.5,114.7,Centenary Farmers Market
2026-04-19,Trashigang,Spinach,34.96,418.9,Municipal Vegetable Market
2026-04-19,Trashigang,Potato,33.58,247.8,Weekend Roadside Market
2026-04-19,Trashigang,Cabbage,32.49,269.0,Weekend Roadside Market
2026-04-19,Trashigang,Chilli (fresh),123.65,114.2,Municipal Vegetable Market
2026-04-19,Trashigang,Cauliflower,30.39,184.7,Weekend Roadside Market
2026-04-19,Trashigang,Radish,19.2,368.9,Municipal Vegetable Market
2026-04-19,Sarpang,Radish,20.01,33.9,Municipal Vegetable Market
2026-04-19,Sarpang,Tomato,81.36,114.9,Municipal Vegetable Market
2026-04-19,Sarpang,Cabbage,20.34,131.3,Municipal Vegetable Market
2026-04-19,Sarpang,Broccoli,58.27,387.1,Municipal Vegetable Market
2026-04-19,Sarpang,Chilli (fresh),74.77,317.0,Weekend Roadside Market
2026-04-19,Sarpang,Spinach,40.02,353.0,Weekend Roadside Market
2026-04-19,Sarpang,Chilli (dried),256.49,269.9,Centenary Farmers Market
2026-04-19,Sarpang,Potato,42.39,229.5,Centenary Farmers Market
2026-04-19,Sarpang,Cauliflower,62.09,166.0,Municipal Vegetable Market
2026-04-19,Sarpang,Onion,78.83,270.2,Centenary Farmers Market
2026-04-19,Punakha,Tomato,68.88,276.5,Municipal Vegetable Market
2026-04-19,Punakha,Chilli (dried),290.06,353.9,Centenary Farmers Market
2026-04-19,Punakha,Cauliflower,54.69,461.6,Weekend Roadside Market
2026-04-19,Punakha,Radish,21.88,,Centenary Farmers Market
2026-04-19,Punakha,Potato,42.13,333.9,Centenary Farmers Market
2026-04-19,Punakha,Onion,69.37,473.9,Weekend Roadside Market
2026-04-19,Punakha,Cabbage,28.0,312.5,Weekend Roadside Market
2026-04-19,Punakha,Broccoli,72.8,211.9,Municipal Vegetable Market
2026-04-20,Mongar,Potato,25.16,52.3,Municipal Vegetable Market
2026-04-20,Mongar,Chilli (dried),343.92,293.0,Weekend Roadside Market
2026-04-20,Mongar,Spinach,41.84,181.0,Municipal Vegetable Market
2026-04-20,Mongar,Cabbage,16.72,394.8,Municipal Vegetable Market
2026-04-20,Mongar,Cauliflower,64.05,489.3,Municipal Vegetable Market
2026-04-20,Trongsa,Tomato,44.96,499.3,Centenary Farmers Market
2026-04-20,Trongsa,Chilli (dried),294.9,345.8,Municipal Vegetable Market
2026-04-20,Trongsa,Cauliflower,48.52,157.2,Municipal Vegetable Market
2026-04-20,Trongsa,Chilli (fresh),63.5,124.4,Weekend Roadside Market
2026-04-20,Trongsa,Cabbage,25.71,451.6,Municipal Vegetable Market
2026-04-20,Trongsa,Onion,59.55,391.0,Weekend Roadside Market
2026-04-20,Trongsa,Potato,27.64,447.4,Municipal Vegetable Market
2026-04-20,Zhemgang,Chilli (fresh),-126.75,458.9,Weekend Roadside Market
2026-04-20,Zhemgang,Spinach,26.27,181.0,Centenary Farmers Market
2026-04-20,Zhemgang,Potato,-40.32,38.8,Weekend Roadside Market
2026-04-20,Zhemgang,Tomato,65.66,276.0,Centenary Farmers Market
2026-04-20,Zhemgang,Radish,23.57,428.8,Centenary Farmers Market
2026-04-20,Zhemgang,Cabbage,29.76,52.6,Centenary Farmers Market
2026-04-20,Zhemgang,Onion,50.5,186.5,Centenary Farmers Market
2026-04-20,Zhemgang,Broccoli,51.22,218.0,Centenary Farmers Market
2026-04-20,Zhemgang,Cauliflower,51.98,231.1,Centenary Farmers Market
2026-04-20,Sarpang,Chilli (fresh),126.76,369.8,Weekend Roadside Market
2026-04-20,Sarpang,Radish,16.38,314.5,Centenary Farmers Market
2026-04-20,Sarpang,Cauliflower,37.9,395.6,Weekend Roadside Market
2026-04-20,Sarpang,Broccoli,68.29,164.7,Weekend Roadside Market
2026-04-20,Sarpang,Tomato,71.33,127.6,Municipal Vegetable Market
2026-04-20,Sarpang,Onion,65.79,104.7,Weekend Roadside Market
2026-04-20,Sarpang,Spinach,40.91,403.5,Municipal Vegetable Market
2026-04-20,Sarpang,Chilli (dried),303.05,,Weekend Roadside Market
2026-04-20,Sarpang,Potato,45.79,183.9,Centenary Farmers Market
2026-04-20,Wangdue Phodrang,Cauliflower,37.05,188.5,Centenary Farmers Market
2026-04-20,Wangdue Phodrang,Tomato,82.27,439.5,Municipal Vegetable Market
2026-04-20,Wangdue Phodrang,Broccoli,54.33,108.8,Municipal Vegetable Market
2026-04-20,Wangdue Phodrang,Cabbage,24.71,298.9,Municipal Vegetable Market
2026-04-20,Wangdue Phodrang,Chilli (fresh),89.36,295.7,Municipal Vegetable Market
2026-04-20,Paro,Cabbage,26.58,165.4,Weekend Roadside Market
2026-04-20,Paro,Cauliflower,39.07,84.1,Weekend Roadside Market
2026-04-20,Paro,Potato,34.77,123.1,Municipal Vegetable Market
2026-04-20,Paro,Radish,21.15,91.5,Centenary Farmers Market
2026-04-20,Paro,Broccoli,73.01,34.6,Centenary Farmers Market
2026-04-20,Paro,  ONION  ,57.0,444.9,Centenary Farmers Market
2026-04-20,Paro,Chilli (dried),257.56,337.3,Weekend Roadside Market
2026-04-20,Paro,Chilli (fresh),83.83,332.3,Centenary Farmers Market
2026-04-20,Paro,Tomato,85.45,343.2,Weekend Roadside Market
2026-04-20,Trashigang,Broccoli,88.63,461.6,Weekend Roadside Market
2026-04-20,Trashigang,Radish,16.58,241.0,Weekend Roadside Market
2026-04-20,Trashigang,Spinach,31.34,412.0,Weekend Roadside Market
2026-04-20,Trashigang,Chilli (dried),250.93,328.9,Municipal Vegetable Market
2026-04-20,Trashigang,Cabbage,18.43,180.8,Centenary Farmers Market
2026-04-20,Trashigang,Onion,60.5,55.6,Centenary Farmers Market
2026-04-20,Trashigang,Tomato,80.16,407.8,Municipal Vegetable Market
2026-04-20,Tsirang,Cabbage,17.88,159.7,Weekend Roadside Market
2026-04-20,Tsirang,Potato,35.35,44.7,Weekend Roadside Market
2026-04-20,Tsirang,Radish,26.17,367.1,Centenary Farmers Market
2026-04-20,Tsirang,Chilli (fresh),143.5,400.8,Weekend Roadside Market
2026-04-20,Tsirang,Broccoli,80.95,386.1,Weekend Roadside Market
2026-04-20,Tsirang,Cauliflower,33.52,402.2,Municipal Vegetable Market
2026-04-20,Tsirang,Spinach,25.88,125.1,Municipal Vegetable Market
2026-04-20,Tsirang,Onion,51.78,109.8,Centenary Farmers Market
2026-04-20,Tsirang,Chilli (dried),218.15,377.8,Municipal Vegetable Market
2026-04-20,Tsirang,Tomato,82.1,321.6,Centenary Farmers Market
2026-04-20,Samtse,Spinach,35.93,424.2,Centenary Farmers Market
2026-04-20,Samtse,Chilli (dried),206.19,222.7,Centenary Farmers Market
2026-04-20,Samtse,Onion,54.84,414.1,Weekend Roadside Market
2026-04-20,Samtse,Chilli (fresh),74.63,169.5,Municipal Vegetable Market
2026-04-21,Haa,Tomato,58.1,297.4,Weekend Roadside Market
2026-04-21,Haa,Broccoli,57.49,177.6,Municipal Vegetable Market
2026-04-21,Haa,Spinach,21.68,431.6,Municipal Vegetable Market
2026-04-21,Haa,Potato,30.28,461.0,Municipal Vegetable Market
2026-04-21,Paro,Chilli (dried),261.05,354.0,Centenary Farmers Market
2026-04-21,Paro,Chilli (fresh),89.85,477.4,Weekend Roadside Market
2026-04-21,Paro,Broccoli,53.32,491.0,Municipal Vegetable Market
2026-04-21,Paro,Cabbage,19.99,99.7,Weekend Roadside Market
2026-04-21,Paro,Radish,14.3,146.7,Municipal Vegetable Market
2026-04-21,Paro,Onion,74.8,,Centenary Farmers Market
2026-04-21,Trashigang,Cauliflower,63.76,43.0,Weekend Roadside Market
2026-04-21,Trashigang,Chilli (dried),177.33,336.9,Weekend Roadside Market
2026-04-21,Trashigang,Potato,40.43,78.9,Weekend Roadside Market
2026-04-21,Trashigang,Broccoli,58.98,163.9,Municipal Vegetable Market
2026-04-21,Trashigang,Radish,26.27,382.1,Centenary Farmers Market
2026-04-21,Trashigang,Chilli (fresh),113.64,153.9,Centenary Farmers Market
2026-04-21,Trashigang,Cabbage,19.69,238.5,Municipal Vegetable Market
2026-04-21,Trashigang,Spinach,24.07,310.1,Weekend Roadside Market
2026-04-21,Trongsa,Spinach,19.9,,Weekend Roadside Market
2026-04-21,Trongsa,Chilli (dried),249.87,71.6,Municipal Vegetable Market
2026-04-21,Trongsa,Tomato,53.83,433.5,Municipal Vegetable Market
2026-04-21,Trongsa,Cabbage,25.6,123.8,Weekend Roadside Market
2026-04-21,Trongsa,Chilli (fresh),103.16,88.9,Weekend Roadside Market
2026-04-21,Trongsa,Radish,24.0,109.7,Weekend Roadside Market
2026-04-21,Trongsa,Potato,31.93,239.6,Weekend Roadside Market
2026-04-21,Trongsa,Cauliflower,44.99,131.1,Weekend Roadside Market
2026-04-21,Chukha,Radish,23.04,261.7,Centenary Farmers Market
2026-04-21,Chukha,Cauliflower,44.99,215.6,Weekend Roadside Market
2026-04-21,Chukha,Spinach,32.86,375.6,Centenary Farmers Market
2026-04-21,Chukha,Onion,58.41,441.7,Centenary Farmers Market
2026-04-21,Tsirang,Broccoli,62.57,106.5,Weekend Roadside Market
2026-04-21,Tsirang,Spinach,18.71,227.6,Centenary Farmers Market
2026-04-21,Tsirang,Radish,18.84,340.4,Centenary Farmers Market
2026-04-21,Tsirang,Chilli (fresh),120.43,82.7,Municipal Vegetable Market
2026-04-21,Tsirang,Cauliflower,54.2,277.5,Weekend Roadside Market
2026-04-21,Tsirang,Cabbage,23.16,77.9,Weekend Roadside Market
2026-04-21,Tsirang,Potato,46.08,462.1,Weekend Roadside Market
2026-04-21,Wangdue Phodrang,Radish,17.31,329.2,Centenary Farmers Market
2026-04-21,Wangdue Phodrang,Potato,38.98,477.3,Weekend Roadside Market
2026-04-21,Wangdue Phodrang,Chilli (dried),-240.31,247.8,Centenary Farmers Market
2026-04-21,Wangdue Phodrang,Broccoli,51.64,442.9,Weekend Roadside Market
2026-04-21,Wangdue Phodrang,Cabbage,18.79,113.2,Weekend Roadside Market
2026-04-21,Wangdue Phodrang,Onion,57.03,20.4,Municipal Vegetable Market
2026-04-21,Wangdue Phodrang,Cauliflower,53.61,269.9,Municipal Vegetable Market
2026-04-21,Wangdue Phodrang,Tomato,49.69,229.6,Centenary Farmers Market
2026-04-21,Wangdue Phodrang,Chilli (fresh),116.6,71.4,Municipal Vegetable Market
2026-04-21,Zhemgang,Spinach,33.21,322.5,Weekend Roadside Market
2026-04-21,Zhemgang,Tomato,30.13,324.7,Weekend Roadside Market
2026-04-21,Zhemgang,Chilli (fresh),126.94,205.1,Weekend Roadside Market
2026-04-21,Zhemgang,Potato,31.97,62.0,Municipal Vegetable Market
2026-04-21,Zhemgang,Onion,73.33,203.7,Weekend Roadside Market
2026-04-21,Lhuentse,Chilli (dried),214.74,396.5,Weekend Roadside Market
2026-04-21,Lhuentse,Broccoli,64.77,69.6,Municipal Vegetable Market
2026-04-21,Lhuentse,Tomato,57.43,377.3,Centenary Farmers Market
2026-04-21,Lhuentse,Cauliflower,52.51,393.2,Centenary Farmers Market
2026-04-21,Lhuentse,Chilli (fresh),92.85,417.3,Weekend Roadside Market
2026-04-21,Lhuentse,Potato,34.06,117.4,Weekend Roadside Market
2026-04-21,Lhuentse,Spinach,40.86,437.6,Municipal Vegetable Market
2026-04-21,Mongar,Cabbage,18.38,89.5,Municipal Vegetable Market
2026-04-21,Mongar,Radish,23.41,74.9,Municipal Vegetable Market
2026-04-21,Mongar,Broccoli,72.18,95.7,Municipal Vegetable Market
2026-04-21,Mongar,Spinach,21.26,345.6,Centenary Farmers Market
2026-04-21,Mongar,Chilli (dried),168.7,461.6,Centenary Farmers Market
2026-04-21,Mongar,Onion,43.71,456.2,Municipal Vegetable Market
2026-04-21,Mongar,Chilli (fresh),66.8,100.3,Municipal Vegetable Market
2026-04-21,Sarpang,Cabbage,19.84,319.4,Municipal Vegetable Market
2026-04-21,Sarpang,Chilli (fresh),128.64,319.5,Weekend Roadside Market
2026-04-21,Sarpang,Tomato,63.62,470.8,Centenary Farmers Market
2026-04-21,Sarpang,Radish,16.77,26.7,Weekend Roadside Market
2026-04-21,Sarpang,Broccoli,68.85,69.4,Municipal Vegetable Market
2026-04-21,Sarpang,Potato,28.0,325.3,Weekend Roadside Market
2026-04-21,Sarpang,Cauliflower,48.76,96.4,Centenary Farmers Market
2026-04-21,Sarpang,Onion,48.31,113.7,Municipal Vegetable Market
2026-04-21,Sarpang,Spinach,44.4,138.7,Municipal Vegetable Market
2026-04-21,Sarpang,Chilli (dried),286.04,397.4,Municipal Vegetable Market
2026-04-21,Samtse,Broccoli,70.9,45.0,Weekend Roadside Market
2026-04-21,Samtse,Tomato,68.35,315.7,Municipal Vegetable Market
2026-04-21,Samtse,Spinach,38.05,116.4,Centenary Farmers Market
2026-04-21,Samtse,Radish,26.15,45.4,Centenary Farmers Market
2026-04-21,Samtse,Cabbage,18.79,177.0,Municipal Vegetable Market
2026-04-21,Samtse,Onion,63.14,405.5,Weekend Roadside Market
2026-04-21,Punakha,Spinach,36.64,376.7,Weekend Roadside Market
2026-04-21,Punakha,Chilli (dried),224.62,100.6,Municipal Vegetable Market
2026-04-21,Punakha,Tomato,77.26,343.8,Municipal Vegetable Market
2026-04-21,Punakha,Radish,17.1,430.6,Centenary Farmers Market
2026-04-21,Punakha,Onion,45.64,186.2,Centenary Farmers Market
2026-04-21,Punakha,Chilli (fresh),125.75,46.8,Weekend Roadside Market
2026-04-21,Punakha,Cauliflower,30.18,348.3,Municipal Vegetable Market
2026-04-21,Punakha,Potato,28.21,39.3,Municipal Vegetable Market
2026-04-21,Punakha,Cabbage,32.24,224.0,Centenary Farmers Market
2026-04-21,Bumthang,Chilli (dried),293.7,259.8,Weekend Roadside Market
2026-04-21,Bumthang,Chilli (fresh),65.59,341.5,Weekend Roadside Market
2026-04-21,Bumthang,Cauliflower,38.94,40.2,Municipal Vegetable Market
2026-04-21,Bumthang,Tomato,59.39,35.3,Weekend Roadside Market
2026-04-21,Bumthang,Onion,47.32,109.4,Centenary Farmers Market
2026-04-21,Bumthang,Potato,32.64,445.4,Weekend Roadside Market
2026-04-21,Bumthang,Spinach,37.01,175.9,Centenary Farmers Market
2026-04-21,Bumthang,Broccoli,47.92,147.1,Centenary Farmers Market
2026-04-21,Thimphu,Chilli (fresh),105.37,117.4,Weekend Roadside Market
2026-04-21,Thimphu,Chilli (dried),227.67,449.0,Weekend Roadside Market
2026-04-21,Thimphu,Cabbage,24.98,334.4,Municipal Vegetable Market
2026-04-21,Thimphu,Spinach,37.46,68.9,Centenary Farmers Market
2026-04-21,Thimphu,Onion,61.91,421.2,Municipal Vegetable Market
2026-04-21,Thimphu,Radish,22.25,115.1,Weekend Roadside Market
2026-04-21,Thimphu,Cauliflower,53.48,125.2,Centenary Farmers Market
2026-04-21,Thimphu,Potato,37.99,114.9,Municipal Vegetable Market
2026-04-21,Thimphu,Tomato,69.95,222.4,Municipal Vegetable Market
2026-04-21,Thimphu,Broccoli,67.13,397.7,Centenary Farmers Market
2026-04-22,Tsirang,Chilli (dried),314.41,472.6,Municipal Vegetable Market
2026-04-22,Tsirang,Cauliflower,33.43,26.8,Weekend Roadside Market
2026-04-22,Tsirang,Potato,28.6,292.9,Weekend Roadside Market
2026-04-22,Tsirang,Cabbage,25.68,218.2,Municipal Vegetable Market
2026-04-22,Tsirang,Chilli (fresh),85.47,450.8,Municipal Vegetable Market
2026-04-22,Tsirang,Radish,17.8,50.7,Centenary Farmers Market
2026-04-22,Tsirang,Tomato,61.86,365.6,Centenary Farmers Market
2026-04-22,Tsirang,Spinach,25.08,441.6,Centenary Farmers Market
2026-04-22,Tsirang,Onion,-54.8,318.2,Municipal Vegetable Market
2026-04-22,Mongar,Potato,21.88,237.4,Centenary Farmers Market
2026-04-22,Mongar,Onion,-52.15,60.2,Municipal Vegetable Market
2026-04-22,Mongar,Spinach,31.82,136.1,Municipal Vegetable Market
2026-04-22,Mongar,Radish,13.86,189.0,Municipal Vegetable Market
2026-04-22,Mongar,Cabbage,15.93,480.5,Municipal Vegetable Market
2026-04-22,Chukha,Chilli (dried),268.13,283.7,Centenary Farmers Market
2026-04-22,Chukha,Spinach,38.45,259.5,Municipal Vegetable Market
2026-04-22,Chukha,Chilli (fresh),87.91,33.9,Centenary Farmers Market
2026-04-22,Chukha,Tomato,59.26,196.6,Weekend Roadside Market
2026-04-22,Chukha,Radish,22.25,446.1,Centenary Farmers Market
2026-04-22,Chukha,Onion,61.54,392.8,Weekend Roadside Market
2026-04-22,Haa,Radish,21.51,157.7,Centenary Farmers Market
2026-04-22,Haa,Onion,64.83,433.3,Municipal Vegetable Market
2026-04-22,Haa,Chilli (dried),338.85,110.4,Centenary Farmers Market
2026-04-22,Haa,Potato,39.82,368.6,Weekend Roadside Market
2026-04-22,Haa,Cabbage,16.06,428.8,Weekend Roadside Market
2026-04-22,Bumthang,Broccoli,56.76,348.7,Municipal Vegetable Market
2026-04-22,Bumthang,Radish,18.67,225.8,Municipal Vegetable Market
2026-04-22,Bumthang,Potato,37.28,448.6,Municipal Vegetable Market
2026-04-22,Bumthang,Chilli (fresh),65.92,350.6,Municipal Vegetable Market
2026-04-22,Bumthang,Tomato,35.71,307.4,Municipal Vegetable Market
2026-04-22,Bumthang,Spinach,29.31,260.2,Municipal Vegetable Market
2026-04-22,Bumthang,Cabbage,23.97,312.2,Centenary Farmers Market
2026-04-22,Sarpang,Spinach,28.85,45.4,Centenary Farmers Market
2026-04-22,Sarpang,Potato,38.84,318.2,Weekend Roadside Market
2026-04-22,Sarpang,Radish,24.93,485.0,Municipal Vegetable Market
2026-04-22,Sarpang,Onion,58.42,177.9,Centenary Farmers Market
2026-04-22,Sarpang,Chilli (fresh),66.07,217.4,Centenary Farmers Market
2026-04-22,Sarpang,Broccoli,72.98,77.5,Weekend Roadside Market
2026-04-22,Sarpang,Tomato,37.49,217.7,Municipal Vegetable Market
2026-04-22,Sarpang,Cauliflower,48.39,175.1,Weekend Roadside Market
2026-04-22,Wangdue Phodrang,Radish,30.22,456.1,Weekend Roadside Market
2026-04-22,Wangdue Phodrang,Cauliflower,57.62,274.5,Municipal Vegetable Market
2026-04-22,Wangdue Phodrang,Chilli (fresh),121.57,145.6,Municipal Vegetable Market
2026-04-22,Wangdue Phodrang,Spinach,34.2,205.0,Weekend Roadside Market
2026-04-22,Wangdue Phodrang,Tomato,73.63,211.5,Centenary Farmers Market
2026-04-22,Wangdue Phodrang,Broccoli,92.2,474.8,Weekend Roadside Market
2026-04-22,Wangdue Phodrang,Chilli (dried),256.16,494.2,Municipal Vegetable Market
2026-04-22,Wangdue Phodrang,Cabbage,19.99,462.3,Centenary Farmers Market
2026-04-22,Wangdue Phodrang,Onion,56.95,413.0,Municipal Vegetable Market
2026-04-22,Samtse,Onion,52.59,185.8,Centenary Farmers Market
2026-04-22,Samtse,Radish,24.68,80.9,Centenary Farmers Market
2026-04-22,Samtse,Chilli (dried),276.49,165.6,Weekend Roadside Market
2026-04-22,Samtse,Spinach,40.57,298.3,Centenary Farmers Market
2026-04-22,Samtse,Cauliflower,50.35,49.1,Centenary Farmers Market
2026-04-22,Samtse,Broccoli,61.58,210.1,Centenary Farmers Market
2026-04-22,Samtse,Potato,44.51,132.6,Centenary Farmers Market
2026-04-22,Samtse,Cabbage,33.89,239.4,Weekend Roadside Market
2026-04-22,Samtse,Chilli (fresh),69.88,239.8,Centenary Farmers Market
2026-04-22,Samtse,Tomato,58.7,65.4,Municipal Vegetable Market
2026-04-22,Trongsa,Radish,26.66,76.2,Weekend Roadside Market
2026-04-22,Trongsa,Tomato,61.39,219.9,Centenary Farmers Market
2026-04-22,Trongsa,Potato,40.25,135.6,Weekend Roadside Market
2026-04-22,Trongsa,Cabbage,21.81,330.7,Municipal Vegetable Market
2026-04-22,Trongsa,Chilli (fresh),118.15,476.7,Weekend Roadside Market
2026-04-22,Trongsa,Spinach,38.17,413.7,Weekend Roadside Market
2026-04-22,Trongsa,Chilli (dried),364.16,483.0,Centenary Farmers Market
2026-04-22,Trongsa,Broccoli,58.74,111.7,Centenary Farmers Market
2026-04-22,Paro,Spinach,27.83,442.3,Centenary Farmers Market
2026-04-22,Paro,Potato,39.0,297.7,Weekend Roadside Market
2026-04-22,Paro,Cauliflower,39.87,302.2,Centenary Farmers Market
2026-04-22,Paro,Onion,41.44,211.4,Centenary Farmers Market
2026-04-22,Paro,Chilli (dried),284.19,356.9,Municipal Vegetable Market
2026-04-22,Punakha,Tomato,73.29,40.9,Municipal Vegetable Market
2026-04-22,Punakha,Potato,29.95,287.6,Weekend Roadside Market
2026-04-22,Punakha,Cauliflower,33.76,492.6,Weekend Roadside Market
2026-04-22,Punakha,Broccoli,75.61,392.4,Municipal Vegetable Market
2026-04-22,Zhemgang,Radish,22.2,266.0,Centenary Farmers Market
2026-04-22,Zhemgang,Potato,-23.14,210.4,Centenary Farmers Market
2026-04-22,Zhemgang,Cauliflower,52.03,,Municipal Vegetable Market
2026-04-22,Zhemgang,Spinach,30.43,433.6,Municipal Vegetable Market
2026-04-22,Zhemgang,Broccoli,77.79,90.2,Centenary Farmers Market
2026-04-22,Thimphu,Cabbage,25.71,442.6,Weekend Roadside Market
2026-04-22,Thimphu,Tomato,67.36,112.6,Weekend Roadside Market
2026-04-22,Thimphu,Chilli (dried),354.37,308.9,Weekend Roadside Market
2026-04-22,Thimphu,Potato,30.74,132.3,Weekend Roadside Market
2026-04-22,Trashigang,Chilli (fresh),130.85,243.2,Centenary Farmers Market
2026-04-22,Trashigang,Radish,13.36,280.9,Weekend Roadside Market
2026-04-22,Trashigang,Chilli (dried),255.15,389.9,Municipal Vegetable Market
2026-04-22,Trashigang,Cabbage,28.72,395.1,Municipal Vegetable Market
2026-04-22,Trashigang,Cauliflower,42.73,121.2,Municipal Vegetable Market
2026-04-22,Trashigang,Spinach,27.23,180.6,Weekend Roadside Market
2026-04-22,Trashigang,Onion,55.84,301.3,Centenary Farmers Market
2026-04-22,Trashigang,  BROCCOLI  ,54.15,356.5,Weekend Roadside Market
2026-04-22,Trashigang,Tomato,69.79,443.1,Weekend Roadside Market
2026-04-22,Trashigang,Potato,23.95,,Municipal Vegetable Market
2026-04-22,Lhuentse,Radish,23.94,210.9,Municipal Vegetable Market
2026-04-22,Lhuentse,Chilli (fresh),95.91,124.9,Municipal Vegetable Market
2026-04-22,Lhuentse,Onion,62.76,192.3,Weekend Roadside Market
2026-04-22,Lhuentse,Spinach,28.32,340.2,Centenary Farmers Market
2026-04-22,Lhuentse,Cabbage,27.91,304.7,Weekend Roadside Market
2026-04-22,Lhuentse,  CHILLI (DRIED)  ,255.27,30.2,Weekend Roadside Market
2026-04-22,Lhuentse,Tomato,63.46,295.2,Municipal Vegetable Market
2026-04-22,Lhuentse,Broccoli,73.47,159.7,Weekend Roadside Market
2026-04-22,Lhuentse,Cauliflower,53.6,169.1,Centenary Farmers Market
2026-04-23,Punakha,Radish,17.69,39.0,Municipal Vegetable Market
2026-04-23,Punakha,Chilli (dried),225.28,189.0,Municipal Vegetable Market
2026-04-23,Punakha,Cabbage,30.29,264.7,Centenary Farmers Market
2026-04-23,Punakha,Potato,27.28,175.6,Weekend Roadside Market
2026-04-23,Punakha,Chilli (fresh),120.55,426.2,Weekend Roadside Market
2026-04-23,Punakha,Spinach,19.33,41.3,Weekend Roadside Market
2026-04-23,Punakha,Onion,67.66,147.6,Weekend Roadside Market
2026-04-23,Punakha,Broccoli,62.69,412.9,Weekend Roadside Market
2026-04-23,Punakha,Tomato,54.42,27.0,Centenary Farmers Market
2026-04-23,Lhuentse,Radish,21.03,116.4,Municipal Vegetable Market
2026-04-23,Lhuentse,Chilli (fresh),95.6,257.4,Weekend Roadside Market
2026-04-23,Lhuentse,Spinach,31.39,44.1,Centenary Farmers Market
2026-04-23,Lhuentse,Cabbage,19.92,265.0,Municipal Vegetable Market
2026-04-23,Lhuentse,Broccoli,48.33,435.3,Centenary Farmers Market
2026-04-23,Lhuentse,Cauliflower,55.26,40.2,Municipal Vegetable Market
2026-04-23,Lhuentse,Potato,34.47,486.8,Municipal Vegetable Market
2026-04-23,Lhuentse,Onion,57.59,338.9,Weekend Roadside Market
2026-04-23,Lhuentse,Tomato,47.58,317.8,Municipal Vegetable Market
2026-04-23,Lhuentse,Chilli (dried),221.09,498.5,Weekend Roadside Market
2026-04-23,Tsirang,Radish,24.45,478.1,Municipal Vegetable Market
2026-04-23,Tsirang,Cabbage,20.96,251.5,Weekend Roadside Market
2026-04-23,Tsirang,Chilli (fresh),135.73,356.5,Centenary Farmers Market
2026-04-23,Tsirang,Broccoli,87.27,56.5,Municipal Vegetable Market
2026-04-23,Tsirang,Cauliflower,55.17,329.6,Centenary Farmers Market
2026-04-23,Tsirang,Potato,39.74,216.2,Centenary Farmers Market
2026-04-23,Samtse,Potato,41.77,81.4,Centenary Farmers Market
2026-04-23,Samtse,Cauliflower,53.29,370.8,Centenary Farmers Market
2026-04-23,Samtse,Radish,19.19,61.1,Weekend Roadside Market
2026-04-23,Samtse,Broccoli,55.85,159.7,Municipal Vegetable Market
2026-04-23,Samtse,Onion,47.87,27.0,Municipal Vegetable Market
2026-04-23,Samtse,Chilli (dried),233.41,78.5,Weekend Roadside Market
2026-04-23,Samtse,Chilli (fresh),114.53,136.2,Centenary Farmers Market
2026-04-23,Trongsa,Cabbage,13.67,297.5,Municipal Vegetable Market
2026-04-23,Trongsa,Cauliflower,45.29,413.1,Centenary Farmers Market
2026-04-23,Trongsa,Onion,60.63,325.5,Weekend Roadside Market
2026-04-23,Trongsa,Chilli (dried),-182.4,282.5,Centenary Farmers Market
2026-04-23,Trongsa,Radish,20.57,97.6,Centenary Farmers Market
2026-04-23,Trongsa,Tomato,78.99,173.0,Centenary Farmers Market
2026-04-23,Trongsa,Spinach,33.62,120.7,Centenary Farmers Market
2026-04-23,Trongsa,Chilli (fresh),131.85,40.7,Centenary Farmers Market
2026-04-23,Haa,Broccoli,61.71,339.4,Municipal Vegetable Market
2026-04-23,Haa,Cauliflower,26.11,160.0,Municipal Vegetable Market
2026-04-23,Haa,Chilli (dried),229.76,479.1,Centenary Farmers Market
2026-04-23,Haa,Tomato,54.37,412.4,Municipal Vegetable Market
2026-04-23,Trashigang,Tomato,70.29,312.3,Municipal Vegetable Market
2026-04-23,Trashigang,Potato,39.79,465.4,Weekend Roadside Market
2026-04-23,Trashigang,Cauliflower,61.99,230.4,Weekend Roadside Market
2026-04-23,Trashigang,Chilli (dried),159.58,38.9,Centenary Farmers Market
2026-04-23,Trashigang,Spinach,42.02,403.9,Centenary Farmers Market
2026-04-23,Trashigang,Chilli (fresh),123.5,320.4,Weekend Roadside Market
2026-04-23,Wangdue Phodrang,Spinach,36.09,265.8,Centenary Farmers Market
2026-04-23,Wangdue Phodrang,Cauliflower,49.92,255.7,Municipal Vegetable Market
2026-04-23,Wangdue Phodrang,Onion,58.63,465.3,Weekend Roadside Market
2026-04-23,Wangdue Phodrang,Chilli (dried),166.66,112.2,Municipal Vegetable Market
2026-04-23,Zhemgang,Tomato,39.78,319.2,Municipal Vegetable Market
2026-04-23,Zhemgang,Onion,44.16,364.9,Municipal Vegetable Market
2026-04-23,Zhemgang,Chilli (dried),-261.77,165.8,Municipal Vegetable Market
2026-04-23,Zhemgang,Cabbage,15.5,44.4,Centenary Farmers Market
2026-04-24,Lhuentse,Cabbage,27.2,104.1,Centenary Farmers Market
2026-04-24,Lhuentse,Onion,59.14,398.2,Weekend Roadside Market
2026-04-24,Lhuentse,Cauliflower,33.73,123.3,Municipal Vegetable Market
2026-04-24,Lhuentse,Chilli (fresh),96.64,155.7,Weekend Roadside Market
2026-04-24,Samtse,Onion,50.03,54.7,Weekend Roadside Market
2026-04-24,Samtse,Cauliflower,34.46,408.2,Weekend Roadside Market
2026-04-24,Samtse,Chilli (fresh),73.25,272.5,Municipal Vegetable Market
2026-04-24,Samtse,Cabbage,23.18,269.0,Weekend Roadside Market
2026-04-24,Zhemgang,Cabbage,29.99,143.9,Centenary Farmers Market
2026-04-24,Zhemgang,Spinach,28.32,402.6,Municipal Vegetable Market
2026-04-24,Zhemgang,Radish,20.64,471.1,Centenary Farmers Market
2026-04-24,Zhemgang,Onion,49.54,396.1,Centenary Farmers Market
2026-04-24,Zhemgang,Cauliflower,47.28,465.6,Municipal Vegetable Market
2026-04-24,Thimphu,Tomato,36.52,367.9,Centenary Farmers Market
2026-04-24,Thimphu,Cabbage,18.82,154.3,Centenary Farmers Market
2026-04-24,Thimphu,Chilli (fresh),92.33,173.2,Centenary Farmers Market
2026-04-24,Thimphu,Potato,35.6,127.6,Municipal Vegetable Market
2026-04-24,Haa,Onion,70.76,94.9,Weekend Roadside Market
2026-04-24,Haa,Cabbage,16.85,355.1,Centenary Farmers Market
2026-04-24,Haa,Radish,27.1,95.5,Centenary Farmers Market
2026-04-24,Haa,Spinach,47.0,102.2,Municipal Vegetable Market
2026-04-24,Haa,Broccoli,83.5,430.0,Weekend Roadside Market
2026-04-24,Haa,Tomato,60.72,475.6,Centenary Farmers Market
2026-04-24,Haa,Potato,40.25,70.9,Municipal Vegetable Market
2026-04-24,Haa,Chilli (dried),255.89,250.0,Municipal Vegetable Market
2026-04-24,Sarpang,Cauliflower,55.34,211.4,Weekend Roadside Market
2026-04-24,Sarpang,Radish,20.37,329.0,Centenary Farmers Market
2026-04-24,Sarpang,Onion,38.6,452.1,Centenary Farmers Market
2026-04-24,Sarpang,Potato,43.47,335.9,Municipal Vegetable Market
2026-04-24,Sarpang,Tomato,45.34,242.2,Centenary Farmers Market
2026-04-24,Sarpang,Cabbage,29.98,47.0,Centenary Farmers Market
2026-04-24,Sarpang,Chilli (fresh),66.48,473.7,Centenary Farmers Market
2026-04-24,Sarpang,Broccoli,68.43,228.5,Weekend Roadside Market
2026-04-24,Sarpang,Spinach,38.74,147.9,Municipal Vegetable Market
2026-04-24,Sarpang,Chilli (dried),290.24,157.7,Weekend Roadside Market
2026-04-24,Punakha,Potato,35.66,494.9,Municipal Vegetable Market
2026-04-24,Punakha,Tomato,50.02,222.4,Municipal Vegetable Market
2026-04-24,Punakha,Cauliflower,38.8,149.5,Weekend Roadside Market
2026-04-24,Punakha,Chilli (dried),179.57,202.3,Weekend Roadside Market
2026-04-24,Punakha,Spinach,23.64,123.0,Municipal Vegetable Market
2026-04-24,Punakha,Cabbage,-26.91,460.9,Centenary Farmers Market
2026-04-24,Mongar,Radish,16.64,108.7,Weekend Roadside Market
2026-04-24,Mongar,Chilli (dried),174.05,120.7,Centenary Farmers Market
2026-04-24,Mongar,Cauliflower,51.16,76.4,Centenary Farmers Market
2026-04-24,Mongar,Onion,64.34,369.1,Municipal Vegetable Market
2026-04-24,Mongar,Cabbage,26.49,404.9,Centenary Farmers Market
2026-04-24,Mongar,Broccoli,62.32,135.7,Weekend Roadside Market
2026-04-24,Mongar,Spinach,23.82,314.0,Centenary Farmers Market
2026-04-24,Mongar,Chilli (fresh),114.58,245.4,Municipal Vegetable Market
2026-04-24,Bumthang,Chilli (fresh),80.23,485.8,Weekend Roadside Market
2026-04-24,Bumthang,Broccoli,59.53,378.8,Weekend Roadside Market
2026-04-24,Bumthang,Onion,48.19,312.0,Weekend Roadside Market
2026-04-24,Bumthang,Cabbage,21.43,430.0,Centenary Farmers Market
2026-04-24,Bumthang,Cauliflower,54.6,199.7,Weekend Roadside Market
2026-04-24,Bumthang,Chilli (dried),199.63,464.3,Weekend Roadside Market
2026-04-24,Bumthang,Tomato,77.54,315.6,Municipal Vegetable Market
2026-04-24,Bumthang,Radish,23.84,245.1,Municipal Vegetable Market
2026-04-24,Bumthang,Spinach,-32.02,484.8,Municipal Vegetable Market
2026-04-24,Bumthang,Potato,29.56,143.2,Weekend Roadside Market
2026-04-24,Wangdue Phodrang,Cauliflower,37.53,194.5,Centenary Farmers Market
2026-04-24,Wangdue Phodrang,Cabbage,28.95,73.2,Weekend Roadside Market
2026-04-24,Wangdue Phodrang,Onion,56.53,322.6,Weekend Roadside Market
2026-04-24,Wangdue Phodrang,Chilli (fresh),59.3,481.9,Weekend Roadside Market
2026-04-24,Wangdue Phodrang,Spinach,24.17,71.5,Weekend Roadside Market
2026-04-24,Paro,Spinach,35.36,318.4,Centenary Farmers Market
2026-04-24,Paro,Cauliflower,31.18,79.3,Weekend Roadside Market
2026-04-24,Paro,Potato,40.63,351.8,Weekend Roadside Market
2026-04-24,Paro,Broccoli,91.55,215.8,Municipal Vegetable Market
2026-04-24,Paro,Chilli (fresh),60.81,183.5,Centenary Farmers Market
2026-04-25,Paro,Onion,63.83,358.5,Centenary Farmers Market
2026-04-25,Paro,Tomato,56.39,203.4,Municipal Vegetable Market
2026-04-25,Paro,Cauliflower,61.39,130.8,Municipal Vegetable Market
2026-04-25,Paro,Potato,31.6,22.4,Centenary Farmers Market
2026-04-25,Paro,Spinach,25.76,53.1,Weekend Roadside Market
2026-04-25,Punakha,Onion,59.53,472.0,Centenary Farmers Market
2026-04-25,Punakha,Cauliflower,43.51,325.7,Municipal Vegetable Market
2026-04-25,Punakha,Chilli (dried),329.43,266.1,Municipal Vegetable Market
2026-04-25,Punakha,Broccoli,62.31,318.4,Municipal Vegetable Market
2026-04-25,Punakha,Radish,20.64,412.0,Municipal Vegetable Market
2026-04-25,Punakha,Chilli (fresh),60.55,92.8,Centenary Farmers Market
2026-04-25,Punakha,Spinach,24.46,187.7,Centenary Farmers Market
2026-04-25,Punakha,Potato,29.87,266.6,Weekend Roadside Market
2026-04-25,Haa,Potato,34.33,403.8,Municipal Vegetable Market
2026-04-25,Haa,Cauliflower,53.53,,Municipal Vegetable Market
2026-04-25,Haa,Broccoli,58.31,118.3,Weekend Roadside Market
2026-04-25,Haa,Tomato,49.04,226.6,Municipal Vegetable Market
2026-04-25,Haa,Onion,-36.56,85.9,Municipal Vegetable Market
2026-04-25,Tsirang,Cabbage,17.83,254.5,Centenary Farmers Market
2026-04-25,Tsirang,Onion,64.19,283.4,Municipal Vegetable Market
2026-04-25,Tsirang,Radish,26.81,221.3,Centenary Farmers Market
2026-04-25,Tsirang,Cauliflower,31.86,489.4,Centenary Farmers Market
2026-04-25,Tsirang,Spinach,25.14,118.9,Municipal Vegetable Market
2026-04-25,Tsirang,Chilli (dried),187.04,253.4,Municipal Vegetable Market
2026-04-25,Tsirang,Broccoli,89.94,354.5,Centenary Farmers Market
2026-04-25,Tsirang,Potato,41.59,412.3,Weekend Roadside Market
2026-04-25,Chukha,Cabbage,18.99,100.6,Municipal Vegetable Market
2026-04-25,Chukha,Onion,67.92,292.5,Municipal Vegetable Market
2026-04-25,Chukha,Cauliflower,31.96,357.3,Weekend Roadside Market
2026-04-25,Chukha,Potato,41.06,280.2,Weekend Roadside Market
2026-04-25,Chukha,Broccoli,70.53,265.8,Municipal Vegetable Market
2026-04-25,Thimphu,Broccoli,72.69,443.5,Weekend Roadside Market
2026-04-25,Thimphu,Chilli (fresh),64.28,171.9,Centenary Farmers Market
2026-04-25,Thimphu,Cauliflower,36.77,467.3,Weekend Roadside Market
2026-04-25,Thimphu,Tomato,98.28,368.7,Centenary Farmers Market
2026-04-25,Thimphu,Cabbage,26.49,158.7,Centenary Farmers Market
2026-04-25,Bumthang,Chilli (dried),257.33,286.8,Municipal Vegetable Market
2026-04-25,Bumthang,Tomato,76.85,23.2,Centenary Farmers Market
2026-04-25,Bumthang,Chilli (fresh),71.07,355.5,Weekend Roadside Market
2026-04-25,Bumthang,Spinach,33.25,37.8,Centenary Farmers Market
2026-04-25,Bumthang,Onion,49.31,53.6,Weekend Roadside Market
2026-04-25,Bumthang,Potato,38.2,157.9,Weekend Roadside Market
2026-04-25,Bumthang,Radish,19.92,160.0,Weekend Roadside Market
2026-04-25,Bumthang,Cabbage,27.4,376.1,Municipal Vegetable Market
2026-04-25,Bumthang,Cauliflower,33.79,182.3,Centenary Farmers Market
2026-04-25,Bumthang,Broccoli,48.34,372.9,Weekend Roadside Market
2026-04-25,Sarpang,Cauliflower,57.16,70.0,Weekend Roadside Market
2026-04-25,Sarpang,  CHILLI (FRESH)  ,97.28,233.0,Municipal Vegetable Market
2026-04-25,Sarpang,Tomato,54.45,140.9,Centenary Farmers Market
2026-04-25,Sarpang,Onion,45.97,99.3,Municipal Vegetable Market
2026-04-25,Sarpang,Radish,27.14,376.6,Weekend Roadside Market
2026-04-25,Sarpang,Cabbage,24.19,256.2,Municipal Vegetable Market
2026-04-25,Sarpang,Broccoli,55.04,493.4,Centenary Farmers Market
2026-04-25,Sarpang,Potato,27.23,301.6,Centenary Farmers Market
2026-04-25,Wangdue Phodrang,Chilli (fresh),125.25,300.5,Centenary Farmers Market
2026-04-25,Wangdue Phodrang,Radish,16.41,164.3,Municipal Vegetable Market
2026-04-25,Wangdue Phodrang,Chilli (dried),259.99,224.7,Municipal Vegetable Market
2026-04-25,Wangdue Phodrang,Spinach,30.2,207.8,Municipal Vegetable Market
2026-04-25,Trongsa,Cabbage,15.89,44.1,Centenary Farmers Market
2026-04-25,Trongsa,Onion,60.06,457.7,Municipal Vegetable Market
2026-04-25,Trongsa,Spinach,41.58,423.8,Centenary Farmers Market
2026-04-25,Trongsa,Potato,32.63,254.2,Weekend Roadside Market
2026-04-25,Trongsa,Chilli (fresh),51.76,496.2,Municipal Vegetable Market
2026-04-25,Trongsa,Tomato,52.84,470.5,Weekend Roadside Market
2026-04-25,Zhemgang,Tomato,73.67,271.2,Centenary Farmers Market
2026-04-25,Zhemgang,Broccoli,88.08,298.8,Municipal Vegetable Market
2026-04-25,Zhemgang,Chilli (dried),285.91,193.2,Centenary Farmers Market
2026-04-25,Zhemgang,Onion,37.78,482.5,Municipal Vegetable Market
2026-04-25,Zhemgang,Cabbage,16.79,239.5,Weekend Roadside Market
2026-04-25,Zhemgang,Potato,30.52,192.7,Centenary Farmers Market
2026-04-25,Zhemgang,  CHILLI (FRESH)  ,121.04,148.7,Centenary Farmers Market
2026-04-25,Lhuentse,Chilli (fresh),116.41,367.6,Centenary Farmers Market
2026-04-25,Lhuentse,Chilli (dried),201.44,358.2,Municipal Vegetable Market
2026-04-25,Lhuentse,Spinach,21.84,136.4,Centenary Farmers Market
2026-04-25,Lhuentse,Cauliflower,36.41,319.1,Weekend Roadside Market
2026-04-25,Lhuentse,Onion,50.6,314.7,Weekend Roadside Market
2026-04-25,Lhuentse,Potato,37.71,331.2,Centenary Farmers Market
2026-04-25,Lhuentse,Broccoli,73.65,357.6,Centenary Farmers Market
2026-04-25,Lhuentse,Radish,18.93,120.8,Weekend Roadside Market
2026-04-25,Lhuentse,Cabbage,22.25,209.1,Centenary Farmers Market
2026-04-25,Trashigang,Chilli (dried),188.11,145.9,Centenary Farmers Market
2026-04-25,Trashigang,Cabbage,27.77,148.7,Municipal Vegetable Market
2026-04-25,Trashigang,Chilli (fresh),133.52,234.4,Municipal Vegetable Market
2026-04-25,Trashigang,Onion,44.74,453.4,Centenary Farmers Market
2026-04-25,Trashigang,Spinach,29.03,61.3,Municipal Vegetable Market
2026-04-25,Trashigang,Potato,44.49,62.4,Weekend Roadside Market
2026-04-25,Trashigang,Tomato,38.57,445.5,Centenary Farmers Market
2026-04-25,Trashigang,Broccoli,60.01,193.1,Weekend Roadside Market
2026-04-25,Mongar,Onion,64.34,427.0,Weekend Roadside Market
2026-04-25,Mongar,Cauliflower,37.95,405.5,Centenary Farmers Market
2026-04-25,Mongar,Potato,29.07,357.6,Weekend Roadside Market
2026-04-25,Mongar,Spinach,40.19,190.3,Municipal Vegetable Market
2026-04-25,Mongar,Broccoli,50.52,226.3,Municipal Vegetable Market
2026-04-25,Mongar,Chilli (fresh),129.73,429.9,Centenary Farmers Market
2026-04-25,Mongar,Chilli (dried),220.53,203.7,Centenary Farmers Market
2026-04-25,Mongar,Radish,20.78,351.3,Weekend Roadside Market
2026-04-25,Mongar,Tomato,80.47,306.7,Weekend Roadside Market
2026-04-25,Samtse,Broccoli,50.81,240.7,Weekend Roadside Market
2026-04-25,Samtse,Cabbage,17.41,415.4,Centenary Farmers Market
2026-04-25,Samtse,Potato,38.13,50.3,Municipal Vegetable Market
2026-04-25,Samtse,Chilli (dried),195.3,288.0,Weekend Roadside Market
2026-04-25,Samtse,Spinach,34.17,358.1,Municipal Vegetable Market
2026-04-26,Thimphu,Onion,51.05,333.0,Weekend Roadside Market
2026-04-26,Thimphu,Spinach,42.13,388.5,Weekend Roadside Market
2026-04-26,Thimphu,Radish,17.37,201.1,Weekend Roadside Market
2026-04-26,Thimphu,Cauliflower,38.19,484.8,Centenary Farmers Market
2026-04-26,Thimphu,Tomato,68.49,279.3,Weekend Roadside Market
2026-04-26,Thimphu,Broccoli,74.98,399.7,Weekend Roadside Market
2026-04-26,Thimphu,Cabbage,17.4,310.7,Centenary Farmers Market
2026-04-26,Thimphu,Chilli (dried),252.4,100.8,Centenary Farmers Market
2026-04-26,Thimphu,Potato,37.09,106.7,Centenary Farmers Market
2026-04-26,Zhemgang,Tomato,74.08,74.8,Municipal Vegetable Market
2026-04-26,Zhemgang,Cabbage,17.72,243.5,Centenary Farmers Market
2026-04-26,Zhemgang,Spinach,37.11,404.6,Weekend Roadside Market
2026-04-26,Zhemgang,Chilli (fresh),91.61,148.7,Centenary Farmers Market
2026-04-26,Zhemgang,Potato,30.8,175.7,Weekend Roadside Market
2026-04-26,Mongar,Potato,25.57,86.6,Municipal Vegetable Market
2026-04-26,Mongar,Onion,38.73,394.4,Weekend Roadside Market
2026-04-26,Mongar,Broccoli,66.57,115.5,Centenary Farmers Market
2026-04-26,Mongar,Tomato,52.07,173.8,Centenary Farmers Market
2026-04-26,Mongar,Cauliflower,31.41,475.1,Centenary Farmers Market
2026-04-26,Mongar,Cabbage,28.64,106.5,Centenary Farmers Market
2026-04-26,Mongar,Radish,25.4,38.2,Municipal Vegetable Market
2026-04-26,Samtse,Onion,47.68,,Centenary Farmers Market
2026-04-26,Samtse,Cabbage,25.8,162.2,Municipal Vegetable Market
2026-04-26,Samtse,Chilli (dried),228.47,282.8,Weekend Roadside Market
2026-04-26,Samtse,Tomato,55.57,188.6,Weekend Roadside Market
2026-04-26,Samtse,Cauliflower,55.06,459.4,Weekend Roadside Market
2026-04-26,Samtse,Broccoli,48.15,321.1,Centenary Farmers Market
2026-04-26,Samtse,Chilli (fresh),125.67,380.4,Municipal Vegetable Market
2026-04-26,Samtse,Radish,20.7,452.9,Municipal Vegetable Market
2026-04-26,Samtse,Potato,37.89,397.0,Municipal Vegetable Market
2026-04-26,Samtse,Spinach,35.04,251.7,Weekend Roadside Market
2026-04-26,Chukha,Radish,21.69,363.5,Municipal Vegetable Market
2026-04-26,Chukha,Onion,71.08,367.8,Centenary Farmers Market
2026-04-26,Chukha,Broccoli,55.97,361.2,Centenary Farmers Market
2026-04-26,Chukha,Potato,26.13,483.8,Municipal Vegetable Market
2026-04-26,Chukha,Cabbage,17.96,333.1,Centenary Farmers Market
2026-04-26,Chukha,Chilli (fresh),70.0,325.2,Centenary Farmers Market
2026-04-26,Chukha,Cauliflower,53.32,371.9,Weekend Roadside Market
2026-04-26,Tsirang,Potato,32.89,395.4,Municipal Vegetable Market
2026-04-26,Tsirang,Radish,22.49,96.1,Municipal Vegetable Market
2026-04-26,Tsirang,Cabbage,19.95,141.6,Weekend Roadside Market
2026-04-26,Tsirang,Broccoli,43.65,30.4,Centenary Farmers Market
2026-04-26,Tsirang,Onion,60.42,227.8,Centenary Farmers Market
2026-04-26,Tsirang,Chilli (fresh),89.91,234.3,Municipal Vegetable Market
2026-04-26,Tsirang,Spinach,44.17,69.8,Weekend Roadside Market
2026-04-26,Tsirang,Tomato,52.18,212.1,Municipal Vegetable Market
2026-04-26,Trashigang,Chilli (fresh),94.3,493.2,Municipal Vegetable Market
2026-04-26,Trashigang,Radish,19.31,394.9,Weekend Roadside Market
2026-04-26,Trashigang,Cauliflower,29.33,271.7,Municipal Vegetable Market
2026-04-26,Trashigang,Cabbage,20.86,44.9,Weekend Roadside Market
2026-04-26,Trashigang,Tomato,44.09,475.9,Municipal Vegetable Market
2026-04-26,Trashigang,Potato,39.17,200.1,Municipal Vegetable Market
2026-04-26,Trashigang,Broccoli,-65.63,147.6,Municipal Vegetable Market
2026-04-26,Trashigang,Chilli (dried),199.63,79.5,Weekend Roadside Market
2026-04-26,Trashigang,Onion,45.65,264.0,Municipal Vegetable Market
2026-04-26,Trashigang,Spinach,34.34,286.8,Weekend Roadside Market
2026-04-26,Paro,Onion,64.95,298.3,Weekend Roadside Market
2026-04-26,Paro,Cauliflower,44.07,141.9,Weekend Roadside Market
2026-04-26,Paro,Tomato,73.44,317.4,Centenary Farmers Market
2026-04-26,Paro,Cabbage,24.35,28.3,Centenary Farmers Market
2026-04-26,Paro,Spinach,-37.03,365.7,Centenary Farmers Market
2026-04-26,Paro,Chilli (fresh),70.65,234.3,Municipal Vegetable Market
2026-04-26,Paro,Chilli (dried),274.74,29.3,Weekend Roadside Market
2026-04-26,Paro,Potato,23.98,152.6,Weekend Roadside Market
2026-04-27,Wangdue Phodrang,Radish,23.85,220.5,Centenary Farmers Market
2026-04-27,Wangdue Phodrang,Potato,41.7,184.4,Weekend Roadside Market
2026-04-27,Wangdue Phodrang,Spinach,33.84,383.1,Municipal Vegetable Market
2026-04-27,Wangdue Phodrang,Cauliflower,38.86,340.6,Centenary Farmers Market
2026-04-27,Wangdue Phodrang,Onion,75.05,226.1,Municipal Vegetable Market
2026-04-27,Wangdue Phodrang,Chilli (dried),281.88,49.8,Centenary Farmers Market
2026-04-27,Wangdue Phodrang,Cabbage,25.78,440.4,Centenary Farmers Market
2026-04-27,Wangdue Phodrang,Chilli (fresh),74.22,385.3,Municipal Vegetable Market
2026-04-27,Wangdue Phodrang,Tomato,32.27,382.1,Centenary Farmers Market
2026-04-27,Wangdue Phodrang,Broccoli,54.56,138.5,Municipal Vegetable Market
2026-04-27,Lhuentse,Radish,17.14,416.4,Weekend Roadside Market
2026-04-27,Lhuentse,Onion,51.46,238.7,Weekend Roadside Market
2026-04-27,Lhuentse,Tomato,78.22,144.7,Centenary Farmers Market
2026-04-27,Lhuentse,Cauliflower,48.42,108.9,Municipal Vegetable Market
2026-04-27,Lhuentse,Broccoli,55.97,280.5,Weekend Roadside Market
2026-04-27,Lhuentse,Chilli (fresh),53.66,101.9,Centenary Farmers Market
2026-04-27,Lhuentse,Spinach,40.63,308.9,Centenary Farmers Market
2026-04-27,Lhuentse,  POTATO  ,36.84,166.5,Centenary Farmers Market
2026-04-27,Thimphu,Spinach,29.33,281.7,Weekend Roadside Market
2026-04-27,Thimphu,Cabbage,21.04,341.7,Weekend Roadside Market
2026-04-27,Thimphu,Broccoli,78.7,246.1,Centenary Farmers Market
2026-04-27,Thimphu,Radish,22.42,168.5,Weekend Roadside Market
2026-04-27,Thimphu,Tomato,47.79,135.2,Centenary Farmers Market
2026-04-27,Thimphu,Chilli (fresh),109.08,204.3,Weekend Roadside Market
2026-04-27,Thimphu,Potato,40.94,221.6,Centenary Farmers Market
2026-04-27,Thimphu,Onion,53.05,206.3,Weekend Roadside Market
2026-04-27,Thimphu,Cauliflower,45.83,482.1,Weekend Roadside Market
2026-04-27,Trongsa,Tomato,44.55,475.3,Municipal Vegetable Market
2026-04-27,Trongsa,Cauliflower,40.4,417.6,Municipal Vegetable Market
2026-04-27,Trongsa,Potato,43.35,145.0,Municipal Vegetable Market
2026-04-27,Trongsa,Chilli (dried),247.35,394.7,Municipal Vegetable Market
2026-04-27,Trongsa,Broccoli,49.19,361.0,Centenary Farmers Market
2026-04-27,Trongsa,Onion,58.5,68.1,Centenary Farmers Market
2026-04-27,Chukha,Spinach,32.25,342.2,Municipal Vegetable Market
2026-04-27,Chukha,Chilli (dried),248.11,302.8,Weekend Roadside Market
2026-04-27,Chukha,Radish,32.15,424.8,Centenary Farmers Market
2026-04-27,Chukha,Tomato,47.84,419.1,Municipal Vegetable Market
2026-04-27,Chukha,Potato,34.92,332.9,Centenary Farmers Market
2026-04-27,Chukha,Onion,53.92,444.2,Weekend Roadside Market
2026-04-27,Chukha,Cauliflower,44.73,477.0,Centenary Farmers Market
2026-04-27,Chukha,Cabbage,21.64,131.1,Weekend Roadside Market
2026-04-27,Chukha,Broccoli,84.13,164.1,Municipal Vegetable Market
2026-04-27,Trashigang,Potato,27.26,295.6,Centenary Farmers Market
2026-04-27,Trashigang,Spinach,37.97,26.5,Municipal Vegetable Market
2026-04-27,Trashigang,Tomato,60.88,81.6,Municipal Vegetable Market
2026-04-27,Trashigang,Chilli (fresh),88.47,439.2,Municipal Vegetable Market
2026-04-27,Trashigang,Cauliflower,48.11,454.6,Centenary Farmers Market
2026-04-27,Trashigang,Cabbage,17.66,426.9,Municipal Vegetable Market
2026-04-27,Tsirang,Onion,62.14,,Weekend Roadside Market
2026-04-27,Tsirang,Tomato,46.93,47.8,Centenary Farmers Market
2026-04-27,Tsirang,Potato,32.22,248.4,Weekend Roadside Market
2026-04-27,Tsirang,Radish,19.84,193.3,Weekend Roadside Market
2026-04-27,Mongar,Cabbage,25.83,446.5,Weekend Roadside Market
2026-04-27,Mongar,Chilli (fresh),101.52,382.3,Centenary Farmers Market
2026-04-27,Mongar,Cauliflower,54.1,410.4,Municipal Vegetable Market
2026-04-27,Mongar,Spinach,32.17,372.0,Centenary Farmers Market
2026-04-27,Mongar,Onion,45.83,396.2,Weekend Roadside Market
2026-04-27,Mongar,Radish,22.0,173.6,Municipal Vegetable Market
2026-04-27,Mongar,Chilli (dried),238.55,334.0,Municipal Vegetable Market
2026-04-27,Mongar,Potato,41.98,108.1,Centenary Farmers Market
2026-04-27,Mongar,Broccoli,42.35,367.4,Centenary Farmers Market
2026-04-27,Mongar,Tomato,63.15,373.2,Weekend Roadside Market
2026-04-27,Sarpang,Chilli (dried),219.67,242.7,Weekend Roadside Market
2026-04-27,Sarpang,Chilli (fresh),75.92,223.6,Weekend Roadside Market
2026-04-27,Sarpang,Radish,15.6,221.1,Municipal Vegetable Market
2026-04-27,Sarpang,Spinach,34.76,77.8,Municipal Vegetable Market
2026-04-27,Sarpang,Tomato,67.89,210.1,Municipal Vegetable Market
2026-04-27,Sarpang,Cabbage,18.39,301.9,Weekend Roadside Market
2026-04-27,Sarpang,Broccoli,82.67,205.9,Weekend Roadside Market
2026-04-28,Samtse,Onion,68.81,170.2,Centenary Farmers Market
2026-04-28,Samtse,Chilli (dried),321.06,381.7,Weekend Roadside Market
2026-04-28,Samtse,Chilli (fresh),77.97,349.1,Centenary Farmers Market
2026-04-28,Samtse,Cauliflower,50.55,69.7,Weekend Roadside Market
2026-04-28,Samtse,Potato,34.16,43.7,Municipal Vegetable Market
2026-04-28,Samtse,Cabbage,17.82,65.1,Municipal Vegetable Market
2026-04-28,Chukha,Onion,63.11,252.1,Municipal Vegetable Market
2026-04-28,Chukha,Chilli (dried),226.08,179.4,Centenary Farmers Market
2026-04-28,Chukha,Cauliflower,48.85,232.6,Centenary Farmers Market
2026-04-28,Chukha,Potato,30.82,352.6,Municipal Vegetable Market
2026-04-28,Chukha,Chilli (fresh),58.45,317.8,Centenary Farmers Market
2026-04-28,Chukha,Tomato,47.23,486.9,Weekend Roadside Market
2026-04-28,Punakha,Chilli (fresh),108.4,447.6,Weekend Roadside Market
2026-04-28,Punakha,Potato,44.34,321.5,Municipal Vegetable Market
2026-04-28,Punakha,Tomato,85.35,173.0,Weekend Roadside Market
2026-04-28,Punakha,Chilli (dried),219.82,144.7,Weekend Roadside Market
2026-04-28,Punakha,Cauliflower,46.22,274.5,Centenary Farmers Market
2026-04-28,Punakha,Broccoli,58.47,296.3,Weekend Roadside Market
2026-04-28,Wangdue Phodrang,Cabbage,21.19,95.6,Weekend Roadside Market
2026-04-28,Wangdue Phodrang,Spinach,40.65,218.3,Weekend Roadside Market
2026-04-28,Wangdue Phodrang,Tomato,73.41,82.5,Centenary Farmers Market
2026-04-28,Wangdue Phodrang,Chilli (fresh),139.78,131.6,Municipal Vegetable Market
2026-04-28,Wangdue Phodrang,Chilli (dried),314.46,139.6,Weekend Roadside Market
2026-04-28,Wangdue Phodrang,Cauliflower,50.03,271.4,Centenary Farmers Market
2026-04-28,Wangdue Phodrang,Broccoli,64.65,238.0,Municipal Vegetable Market
2026-04-28,Wangdue Phodrang,Onion,49.19,131.5,Weekend Roadside Market
2026-04-28,Wangdue Phodrang,Potato,43.23,45.5,Weekend Roadside Market
2026-04-28,Sarpang,Radish,21.0,193.2,Centenary Farmers Market
2026-04-28,Sarpang,Onion,39.13,395.2,Centenary Farmers Market
2026-04-28,Sarpang,Broccoli,78.42,308.7,Municipal Vegetable Market
2026-04-28,Sarpang,Cauliflower,42.96,475.4,Weekend Roadside Market
2026-04-28,Sarpang,Chilli (fresh),125.7,40.7,Centenary Farmers Market
2026-04-28,Sarpang,Spinach,26.24,272.0,Municipal Vegetable Market
2026-04-28,Sarpang,Tomato,63.98,79.4,Municipal Vegetable Market
2026-04-28,Sarpang,Cabbage,23.28,104.3,Weekend Roadside Market
2026-04-28,Sarpang,Chilli (dried),277.56,430.2,Centenary Farmers Market
2026-04-28,Tsirang,Chilli (fresh),73.57,439.5,Centenary Farmers Market
2026-04-28,Tsirang,Cabbage,21.86,339.0,Weekend Roadside Market
2026-04-28,Tsirang,Tomato,71.0,340.9,Weekend Roadside Market
2026-04-28,Tsirang,Radish,19.31,473.6,Weekend Roadside Market
2026-04-28,Tsirang,Potato,30.72,340.7,Municipal Vegetable Market
2026-04-28,Tsirang,Spinach,31.14,164.1,Weekend Roadside Market
2026-04-28,Tsirang,Chilli (dried),264.59,138.3,Weekend Roadside Market
2026-04-28,Tsirang,Onion,57.5,447.2,Centenary Farmers Market
2026-04-28,Trongsa,Potato,50.19,334.9,Weekend Roadside Market
2026-04-28,Trongsa,Broccoli,79.22,59.6,Weekend Roadside Market
2026-04-28,Trongsa,Cauliflower,52.55,160.2,Centenary Farmers Market
2026-04-28,Trongsa,Radish,24.98,361.0,Centenary Farmers Market
2026-04-28,Trongsa,Cabbage,19.6,435.0,Centenary Farmers Market
2026-04-28,Trongsa,Spinach,21.7,457.2,Weekend Roadside Market
2026-04-28,Haa,  CHILLI (DRIED)  ,201.95,473.4,Municipal Vegetable Market
2026-04-28,Haa,Cabbage,13.46,38.0,Centenary Farmers Market
2026-04-28,Haa,Spinach,25.93,211.7,Centenary Farmers Market
2026-04-28,Haa,Tomato,86.36,287.9,Centenary Farmers Market
2026-04-28,Haa,Chilli (fresh),111.25,91.8,Municipal Vegetable Market
2026-04-28,Haa,Onion,46.98,182.6,Weekend Roadside Market
2026-04-28,Haa,Broccoli,64.42,90.7,Municipal Vegetable Market
2026-04-28,Haa,Cauliflower,29.27,328.6,Municipal Vegetable Market
2026-04-28,Thimphu,Chilli (fresh),151.36,264.6,Centenary Farmers Market
2026-04-28,Thimphu,Onion,55.43,250.6,Municipal Vegetable Market
2026-04-28,Thimphu,Broccoli,47.81,176.3,Weekend Roadside Market
2026-04-28,Thimphu,Cabbage,29.11,149.2,Weekend Roadside Market
2026-04-28,Thimphu,Chilli (dried),270.39,369.8,Municipal Vegetable Market
2026-04-28,Thimphu,Spinach,38.3,276.7,Centenary Farmers Market
2026-04-28,Zhemgang,Onion,56.58,155.3,Centenary Farmers Market
2026-04-28,Zhemgang,Potato,28.07,474.2,Centenary Farmers Market
2026-04-28,Zhemgang,Cabbage,14.32,438.2,Weekend Roadside Market
2026-04-28,Zhemgang,Broccoli,41.74,225.0,Weekend Roadside Market
2026-04-28,Zhemgang,Chilli (dried),277.2,101.3,Weekend Roadside Market
2026-04-28,Zhemgang,Cauliflower,31.7,164.3,Centenary Farmers Market
2026-04-28,Trashigang,Broccoli,64.66,311.1,Weekend Roadside Market
2026-04-28,Trashigang,Onion,47.12,409.1,Weekend Roadside Market
2026-04-28,Trashigang,Tomato,64.8,353.6,Municipal Vegetable Market
2026-04-28,Trashigang,Chilli (dried),255.91,112.8,Weekend Roadside Market
2026-04-28,Trashigang,Potato,51.25,105.6,Municipal Vegetable Market
2026-04-28,Trashigang,Spinach,33.43,143.9,Weekend Roadside Market
2026-04-28,Trashigang,Radish,18.35,276.0,Centenary Farmers Market
2026-04-28,Trashigang,Cauliflower,46.2,391.9,Weekend Roadside Market
2026-04-28,Lhuentse,Tomato,62.45,466.3,Municipal Vegetable Market
2026-04-28,Lhuentse,Chilli (fresh),104.51,190.9,Weekend Roadside Market
2026-04-28,Lhuentse,Chilli (dried),222.16,125.1,Weekend Roadside Market
2026-04-28,Lhuentse,Radish,19.57,127.6,Centenary Farmers Market
2026-04-28,Lhuentse,Cauliflower,47.96,330.1,Weekend Roadside Market
2026-04-28,Lhuentse,Broccoli,78.43,273.5,Municipal Vegetable Market
2026-04-28,Lhuentse,Cabbage,19.91,43.2,Municipal Vegetable Market
2026-04-28,Lhuentse,Spinach,29.92,486.4,Weekend Roadside Market
2026-04-28,Lhuentse,Potato,32.64,115.2,Centenary Farmers Market
2026-04-28,Lhuentse,Onion,61.91,242.6,Centenary Farmers Market
2026-04-28,Mongar,Radish,27.51,165.3,Weekend Roadside Market
2026-04-28,Mongar,Spinach,24.62,161.9,Municipal Vegetable Market
2026-04-28,Mongar,Chilli (fresh),81.24,34.9,Weekend Roadside Market
2026-04-28,Mongar,  BROCCOLI  ,67.64,252.5,Centenary Farmers Market
2026-04-28,Mongar,Potato,36.28,278.7,Weekend Roadside Market
2026-04-28,Mongar,Onion,51.3,136.3,Municipal Vegetable Market
2026-04-28,Paro,Chilli (dried),231.65,345.8,Municipal Vegetable Market
2026-04-28,Paro,Tomato,62.44,460.3,Municipal Vegetable Market
2026-04-28,Paro,Potato,34.21,45.1,Municipal Vegetable Market
2026-04-28,Paro,Chilli (fresh),120.92,288.4,Centenary Farmers Market
2026-04-28,Paro,Cabbage,17.54,236.9,Centenary Farmers Market
2026-04-28,Paro,Cauliflower,55.67,292.8,Municipal Vegetable Market
2026-04-28,Paro,Broccoli,44.81,198.3,Municipal Vegetable Market
2026-04-28,Bumthang,Chilli (dried),249.81,309.3,Weekend Roadside Market
2026-04-28,Bumthang,Broccoli,68.56,233.2,Weekend Roadside Market
2026-04-28,Bumthang,Spinach,31.84,476.8,Centenary Farmers Market
2026-04-28,Bumthang,Potato,48.79,410.2,Municipal Vegetable Market
2026-04-28,Bumthang,Cauliflower,39.43,341.3,Centenary Farmers Market
2026-04-28,Bumthang,Cabbage,19.28,343.9,Weekend Roadside Market
2026-04-28,Bumthang,Onion,46.88,260.2,Centenary Farmers Market
2026-04-28,Bumthang,Chilli (fresh),117.17,149.1,Centenary Farmers Market
2026-04-28,Bumthang,Tomato,49.73,393.5,Municipal Vegetable Market
2026-04-29,Samtse,Cabbage,25.72,474.3,Municipal Vegetable Market
2026-04-29,Samtse,Tomato,52.95,147.3,Weekend Roadside Market
2026-04-29,Samtse,Chilli (fresh),56.97,460.2,Municipal Vegetable Market
2026-04-29,Samtse,Chilli (dried),310.95,384.9,Weekend Roadside Market
2026-04-29,Samtse,Broccoli,46.06,330.7,Weekend Roadside Market
2026-04-29,Samtse,Cauliflower,29.1,305.2,Weekend Roadside Market
2026-04-29,Samtse,Radish,28.96,384.1,Centenary Farmers Market
2026-04-29,Samtse,Spinach,26.19,44.9,Weekend Roadside Market
2026-04-29,Samtse,Potato,28.28,449.7,Municipal Vegetable Market
2026-04-29,Lhuentse,Onion,72.48,317.2,Centenary Farmers Market
2026-04-29,Lhuentse,Chilli (fresh),93.01,325.3,Weekend Roadside Market
2026-04-29,Lhuentse,Broccoli,50.49,341.2,Weekend Roadside Market
2026-04-29,Lhuentse,Spinach,25.95,279.6,Centenary Farmers Market
2026-04-29,Lhuentse,Cauliflower,35.01,481.9,Municipal Vegetable Market
2026-04-29,Lhuentse,Tomato,67.07,228.9,Municipal Vegetable Market
2026-04-29,Lhuentse,Potato,35.13,455.2,Weekend Roadside Market
2026-04-29,Lhuentse,Chilli (dried),295.34,433.4,Weekend Roadside Market
2026-04-29,Lhuentse,Cabbage,25.37,140.0,Centenary Farmers Market
2026-04-29,Zhemgang,Tomato,34.3,100.8,Weekend Roadside Market
2026-04-29,Zhemgang,Radish,25.32,151.3,Weekend Roadside Market
2026-04-29,Zhemgang,Broccoli,58.2,441.3,Centenary Farmers Market
2026-04-29,Zhemgang,Chilli (fresh),126.37,449.9,Municipal Vegetable Market
2026-04-29,Zhemgang,Potato,37.25,443.0,Municipal Vegetable Market
2026-04-29,Zhemgang,Chilli (dried),274.92,400.7,Municipal Vegetable Market
2026-04-29,Zhemgang,Onion,65.87,238.3,Municipal Vegetable Market
2026-04-29,Sarpang,Broccoli,52.54,307.2,Weekend Roadside Market
2026-04-29,Sarpang,Chilli (fresh),69.57,80.0,Weekend Roadside Market
2026-04-29,Sarpang,Spinach,35.72,439.4,Weekend Roadside Market
2026-04-29,Sarpang,Cabbage,16.64,40.7,Centenary Farmers Market
2026-04-29,Sarpang,Chilli (dried),238.22,458.9,Municipal Vegetable Market
2026-04-29,Sarpang,Tomato,-36.01,226.9,Weekend Roadside Market
2026-04-29,Sarpang,Onion,56.2,266.8,Weekend Roadside Market
2026-04-29,Sarpang,Cauliflower,39.1,495.1,Weekend Roadside Market
2026-04-29,Chukha,Cabbage,22.76,146.3,Weekend Roadside Market
2026-04-29,Chukha,Tomato,38.17,96.4,Municipal Vegetable Market
2026-04-29,Chukha,Radish,17.74,202.4,Municipal Vegetable Market
2026-04-29,Chukha,Chilli (dried),226.52,357.0,Centenary Farmers Market
2026-04-29,Chukha,Cauliflower,38.12,100.6,Centenary Farmers Market
2026-04-29,Chukha,Potato,39.4,25.5,Centenary Farmers Market
2026-04-29,Chukha,Broccoli,62.81,80.6,Centenary Farmers Market
2026-04-29,Chukha,Spinach,42.33,45.2,Weekend Roadside Market
2026-04-29,Trashigang,Chilli (dried),163.77,476.5,Weekend Roadside Market
2026-04-29,Trashigang,Radish,23.56,404.2,Municipal Vegetable Market
2026-04-29,Trashigang,Broccoli,63.27,128.9,Municipal Vegetable Market
2026-04-29,Trashigang,Cauliflower,32.4,430.9,Municipal Vegetable Market
2026-04-29,Trashigang,Spinach,24.61,334.4,Centenary Farmers Market
2026-04-29,Trashigang,Chilli (fresh),69.62,491.8,Centenary Farmers Market
2026-04-29,Haa,Tomato,73.78,252.9,Municipal Vegetable Market
2026-04-29,Haa,Broccoli,60.18,373.7,Weekend Roadside Market
2026-04-29,Haa,Cabbage,25.49,137.1,Weekend Roadside Market
2026-04-29,Haa,  CHILLI (DRIED)  ,204.03,135.0,Weekend Roadside Market
2026-04-29,Haa,Radish,29.08,460.3,Weekend Roadside Market
2026-04-29,Haa,Onion,57.21,489.0,Centenary Farmers Market
2026-04-29,Haa,Chilli (fresh),60.7,418.4,Municipal Vegetable Market
2026-04-29,Tsirang,Radish,15.2,379.6,Weekend Roadside Market
2026-04-29,Tsirang,Broccoli,55.33,,Centenary Farmers Market
2026-04-29,Tsirang,Onion,59.98,314.9,Centenary Farmers Market
2026-04-29,Tsirang,Chilli (fresh),131.5,290.2,Weekend Roadside Market
2026-04-29,Tsirang,Spinach,20.93,52.7,Municipal Vegetable Market
2026-04-29,Thimphu,Chilli (fresh),103.46,353.0,Centenary Farmers Market
2026-04-29,Thimphu,Cabbage,23.19,65.7,Centenary Farmers Market
2026-04-29,Thimphu,Spinach,27.07,274.7,Municipal Vegetable Market
2026-04-29,Thimphu,Chilli (dried),282.21,244.3,Centenary Farmers Market
2026-04-29,Thimphu,Onion,50.78,149.9,Municipal Vegetable Market
2026-04-29,Thimphu,Broccoli,72.02,103.1,Weekend Roadside Market
2026-04-29,Thimphu,Tomato,72.05,193.2,Centenary Farmers Market
2026-04-29,Thimphu,Potato,40.99,83.6,Centenary Farmers Market
2026-04-29,Thimphu,Radish,20.89,134.6,Weekend Roadside Market
2026-04-29,Thimphu,Cauliflower,38.46,387.6,Centenary Farmers Market
2026-04-29,Punakha,Broccoli,72.58,70.6,Centenary Farmers Market
2026-04-29,Punakha,Potato,36.02,342.0,Centenary Farmers Market
2026-04-29,Punakha,Cabbage,19.94,335.4,Weekend Roadside Market
2026-04-29,Punakha,Chilli (fresh),102.65,191.9,Municipal Vegetable Market
2026-04-29,Punakha,Onion,61.56,351.9,Municipal Vegetable Market
2026-04-29,Wangdue Phodrang,Cauliflower,63.63,83.5,Centenary Farmers Market
2026-04-29,Wangdue Phodrang,Potato,46.57,352.1,Municipal Vegetable Market
2026-04-29,Wangdue Phodrang,Chilli (fresh),81.78,258.9,Centenary Farmers Market
2026-04-29,Wangdue Phodrang,Radish,15.16,411.0,Weekend Roadside Market
2026-04-29,Wangdue Phodrang,Spinach,19.08,262.4,Municipal Vegetable Market
2026-04-29,Wangdue Phodrang,Chilli (dried),273.66,405.3,Centenary Farmers Market
2026-04-29,Wangdue Phodrang,Tomato,60.4,331.9,Centenary Farmers Market
2026-04-29,Wangdue Phodrang,Cabbage,23.81,81.5,Municipal Vegetable Market
2026-04-29,Wangdue Phodrang,Broccoli,79.06,463.5,Weekend Roadside Market
2026-04-29,Wangdue Phodrang,Onion,70.99,50.4,Municipal Vegetable Market
2026-04-29,Mongar,Radish,25.08,467.5,Weekend Roadside Market
2026-04-29,Mongar,Cauliflower,49.04,307.0,Centenary Farmers Market
2026-04-29,Mongar,Spinach,42.46,48.6,Centenary Farmers Market
2026-04-29,Mongar,Onion,39.87,452.1,Centenary Farmers Market
2026-04-29,Mongar,Potato,26.33,437.3,Centenary Farmers Market
2026-04-29,Mongar,Chilli (dried),188.17,217.4,Weekend Roadside Market
2026-04-30,Sarpang,Chilli (fresh),-97.93,77.6,Municipal Vegetable Market
2026-04-30,Sarpang,Broccoli,55.54,165.6,Weekend Roadside Market
2026-04-30,Sarpang,Potato,44.43,261.8,Centenary Farmers Market
2026-04-30,Sarpang,Cauliflower,55.93,304.1,Weekend Roadside Market
2026-04-30,Sarpang,Spinach,37.93,413.9,Municipal Vegetable Market
2026-04-30,Sarpang,Cabbage,30.96,391.4,Municipal Vegetable Market
2026-04-30,Sarpang,Tomato,71.58,316.8,Centenary Farmers Market
2026-04-30,Sarpang,Onion,59.09,255.1,Municipal Vegetable Market
2026-04-30,Thimphu,Cauliflower,35.08,456.6,Municipal Vegetable Market
2026-04-30,Thimphu,Radish,23.01,479.1,Centenary Farmers Market
2026-04-30,Thimphu,Tomato,77.58,469.5,Municipal Vegetable Market
2026-04-30,Thimphu,Broccoli,92.43,166.1,Municipal Vegetable Market
2026-04-30,Thimphu,Spinach,24.54,443.5,Centenary Farmers Market
2026-04-30,Zhemgang,Onion,66.29,52.5,Weekend Roadside Market
2026-04-30,Zhemgang,Chilli (dried),258.71,163.6,Centenary Farmers Market
2026-04-30,Zhemgang,Chilli (fresh),86.28,48.5,Centenary Farmers Market
2026-04-30,Zhemgang,Potato,41.79,25.9,Municipal Vegetable Market
2026-04-30,Zhemgang,Broccoli,71.31,248.1,Municipal Vegetable Market
2026-04-30,Trongsa,Tomato,31.85,360.3,Municipal Vegetable Market
2026-04-30,Trongsa,Potato,31.97,,Weekend Roadside Market
2026-04-30,Trongsa,Radish,13.8,111.5,Centenary Farmers Market
2026-04-30,Trongsa,Cauliflower,39.83,46.1,Weekend Roadside Market
2026-04-30,Trongsa,Cabbage,16.94,44.3,Centenary Farmers Market
2026-04-30,Trongsa,Onion,58.52,429.0,Weekend Roadside Market
2026-04-30,Mongar,Cabbage,27.02,157.0,Centenary Farmers Market
2026-04-30,Mongar,Tomato,41.76,87.0,Municipal Vegetable Market
2026-04-30,Mongar,Broccoli,53.6,293.8,Weekend Roadside Market
2026-04-30,Mongar,Chilli (fresh),152.65,377.3,Centenary Farmers Market
2026-04-30,Mongar,Radish,22.23,50.1,Municipal Vegetable Market
2026-04-30,Mongar,Onion,49.21,122.9,Municipal Vegetable Market
2026-04-30,Lhuentse,Cauliflower,40.61,450.3,Weekend Roadside Market
2026-04-30,Lhuentse,Potato,35.74,39.1,Centenary Farmers Market
2026-04-30,Lhuentse,Tomato,35.67,331.7,Municipal Vegetable Market
2026-04-30,Lhuentse,Chilli (fresh),152.44,315.7,Municipal Vegetable Market
2026-04-30,Lhuentse,Cabbage,17.15,125.9,Municipal Vegetable Market
2026-04-30,Lhuentse,Spinach,36.89,446.3,Centenary Farmers Market
2026-04-30,Lhuentse,Chilli (dried),256.99,193.9,Weekend Roadside Market
2026-04-30,Punakha,Broccoli,67.81,257.4,Weekend Roadside Market
2026-04-30,Punakha,Potato,41.97,69.1,Centenary Farmers Market
2026-04-30,Punakha,Onion,67.65,88.4,Centenary Farmers Market
2026-04-30,Punakha,Cabbage,25.06,320.1,Weekend Roadside Market
2026-04-30,Punakha,Chilli (fresh),119.57,147.8,Weekend Roadside Market
2026-04-30,Punakha,Tomato,64.24,87.3,Weekend Roadside Market
2026-04-30,Punakha,Radish,25.34,415.9,Weekend Roadside Market
2026-04-30,Punakha,Chilli (dried),263.34,287.9,Municipal Vegetable Market
2026-04-30,Punakha,Cauliflower,56.11,308.6,Weekend Roadside Market
2026-04-30,Samtse,Radish,19.78,317.0,Weekend Roadside Market
2026-04-30,Samtse,Cauliflower,43.71,94.6,Weekend Roadside Market
2026-04-30,Samtse,Spinach,35.68,190.2,Weekend Roadside Market
2026-04-30,Samtse,Chilli (dried),302.33,126.0,Weekend Roadside Market
2026-04-30,Samtse,Cabbage,16.37,426.6,Centenary Farmers Market
2026-04-30,Paro,Cabbage,30.89,322.5,Centenary Farmers Market
2026-04-30,Paro,Spinach,34.36,163.3,Municipal Vegetable Market
2026-04-30,Paro,Tomato,-53.02,223.7,Municipal Vegetable Market
2026-04-30,Paro,Broccoli,90.2,486.1,Weekend Roadside Market
2026-04-30,Paro,Potato,41.12,340.1,Centenary Farmers Market
2026-04-30,Paro,Radish,24.0,484.6,Weekend Roadside Market
2026-04-30,Bumthang,Onion,42.71,186.4,Municipal Vegetable Market
2026-04-30,Bumthang,Broccoli,72.71,138.9,Municipal Vegetable Market
2026-04-30,Bumthang,Cabbage,24.91,84.2,Weekend Roadside Market
2026-04-30,Bumthang,Potato,47.34,460.4,Centenary Farmers Market
2026-04-30,Bumthang,Cauliflower,44.48,51.3,Municipal Vegetable Market
2026-04-30,Bumthang,Tomato,66.76,49.5,Weekend Roadside Market
2026-04-30,Bumthang,Radish,28.66,409.4,Municipal Vegetable Market
2026-04-30,Bumthang,Chilli (fresh),121.1,311.7,Centenary Farmers Market
2026-04-30,Haa,Cauliflower,26.12,139.1,Centenary Farmers Market
2026-04-30,Haa,Tomato,71.35,381.8,Centenary Farmers Market
2026-04-30,Haa,Radish,24.62,265.9,Weekend Roadside Market
2026-04-30,Haa,Broccoli,54.98,350.7,Municipal Vegetable Market
2026-04-30,Haa,Cabbage,16.51,392.2,Centenary Farmers Market
2026-04-30,Haa,Potato,38.87,437.9,Weekend Roadside Market
2026-04-30,Haa,Chilli (fresh),75.69,,Centenary Farmers Market
2026-04-30,Haa,Spinach,25.83,96.6,Centenary Farmers Market
2026-04-30,Haa,Chilli (dried),278.61,392.0,Weekend Roadside Market
2026-02-18,Zhemgang,Spinach,34.14,399.9,Municipal Vegetable Market
2026-03-28,Zhemgang,Tomato,82.78,365.3,Municipal Vegetable Market
2026-03-23,Mongar,Chilli (fresh),66.86,321.0,Centenary Farmers Market
2026-03-15,Sarpang,Potato,34.62,236.7,Centenary Farmers Market
2026-02-21,Samtse,Radish,31.3,419.8,Weekend Roadside Market
2026-01-25,Trashigang,Radish,24.3,353.8,Centenary Farmers Market
2026-02-24,Trashigang,Cabbage,25.91,444.9,Weekend Roadside Market
2026-01-27,Wangdue Phodrang,Chilli (fresh),125.42,465.3,Weekend Roadside Market
2026-02-08,Sarpang,Spinach,39.08,272.6,Weekend Roadside Market
2026-02-19,Zhemgang,Cabbage,26.98,367.0,Centenary Farmers Market
2026-02-28,Tsirang,Chilli (fresh),62.76,377.2,Centenary Farmers Market
2026-01-12,Wangdue Phodrang,Spinach,23.36,125.1,Municipal Vegetable Market
2026-04-28,Mongar,Chilli (fresh),81.24,34.9,Weekend Roadside Market
2026-03-31,Trongsa,Radish,17.5,195.1,Municipal Vegetable Market
2026-03-02,Bumthang,Tomato,79.24,488.5,Weekend Roadside Market
